id;total_revenue_hitung_Rp;total_biaya_benih_Rp;total_biaya_obat_Rp;biaya_tk_upahan;total_biaya_tk;total_biaya_pupuk;mid;down;dSD;dhigh_school;duniv;dgender;dinternet;a5_usia_responden;a9_keluarga_responden;a12_pengalaman_tani;d1_1;d1_2;d1_3;d1_4;d2_1;d2_2;d2_3;d2_4;d2_5;d3_1;d3_2;d3_3;d3_4;d4_1;d4_2;d4_3;d4_4;e1_1;e1_2;e1_3;e1_4;e2_1;e2_2;e2_3;e2_4;e2_5;e3_1;e3_2;e3_3;e3_4;f1_1;f1_2;f1_3;f1_4;f2_1;f2_2;f2_3;f2_4;f3_1;f3_2;f3_3;f3_4;f3_5;g1_1;g1_2;g1_3;g1_4;g1_5;g2_1;g2_2;g2_3;g2_4
1;78000000;325000;280000;7200000;5920000;4112000;0;0;1;0;0;1;1;75;2;20;2.28225546322899;2.54320250946164;2.30953238350105;2.52124561291124;3.69741969909386;4.03929773138387;3.82890753568842;3.87962946468104;3.79853621269151;2.1901362459633;4.24608497988177;2.3523464334854;1;2.41355624326404;2.43247411919635;2.44594206680838;2.53115219901003;1.9698178204238;2.24720222864421;2.13161221186729;2.18716124235017;3.31290682887049;3.50907770710191;3.53153025530216;2.36735499135022;3.37691315818969;3.85216486801159;4.0015310262084;3.92188812750499;3.66964946192881;2.47972427536165;2.5628832159573;2.47541720935374;2.36706545328246;3.78516282478141;4.58912371182732;4.4868514378954;4.69216891683647;2.25494251102376;1.96722096956597;2.2414941394042;2.20635182314303;3.91202946372234;3.92476742236085;4.50997328650962;4.43048894484358;4.17504038364695;3.78621845510159;4.04820219607644;4.38661246607969;3.85472420956226;3.54177339366547
2;70000000;580000;550000;8000000;5920000;672000;0;0;0;1;0;1;1;39;3;10;2.28225546322899;2.54320250946164;2.30953238350105;2.52124561291124;3.69741969909386;4.03929773138387;3.82890753568842;3.87962946468104;3.79853621269151;2.1901362459633;4.24608497988177;2.3523464334854;4.84488846861793;2.41355624326404;2.43247411919635;2.44594206680838;2.53115219901003;3.9443867724375;4.00874465837667;3.85267436368364;4.05885410729385;3.31290682887049;3.50907770710191;3.53153025530216;2.36735499135022;3.37691315818969;3.85216486801159;4.0015310262084;3.92188812750499;3.66964946192881;4.3431839666906;4.56975817077864;4.33202797708344;4.62866151341824;3.78516282478141;4.58912371182732;4.4868514378954;4.69216891683647;2.25494251102376;1.96722096956597;2.2414941394042;2.20635182314303;3.91202946372234;3.92476742236085;4.50997328650962;4.43048894484358;4.17504038364695;3.78621845510159;4.04820219607644;4.38661246607969;3.85472420956226;3.54177339366547
3;11700000;54375;500000;2250000;1430000;68000;0;0;0;0;1;0;1;53;3;5;4.2542925832878;4.39253015068777;4.28588020256065;3.626474743356;3.69741969909386;4.03929773138387;3.82890753568842;3.87962946468104;3.79853621269151;2.1901362459633;4.24608497988177;4.73145170458151;4.84488846861793;2.41355624326404;2.43247411919635;2.44594206680838;2.53115219901003;3.9443867724375;4.00874465837667;3.85267436368364;4.05885410729385;3.31290682887049;3.50907770710191;3.53153025530216;2.36735499135022;3.37691315818969;3.85216486801159;4.0015310262084;3.92188812750499;3.66964946192881;4.3431839666906;4.56975817077864;4.33202797708344;4.62866151341824;3.78516282478141;2.75680720075089;2.53375234479293;4.69216891683647;4.45417645067644;3.97858642299128;4.50561788521829;3.53975702854426;3.91202946372234;2.33353972899358;3.44299683380665;2.38496754694837;3.32671046779238;2.94414672725435;2.86889033290433;3.33856936219102;2.95244891980085;2.78634843669992
4;16250000;54375;500000;2200000;1380000;68000;0;0;0;1;0;1;1;53;4;30;4.2542925832878;4.39253015068777;4.28588020256065;3.626474743356;3.69741969909386;4.03929773138387;3.82890753568842;3.87962946468104;3.79853621269151;2.1901362459633;4.24608497988177;4.73145170458151;4.84488846861793;2.41355624326404;2.43247411919635;2.44594206680838;2.53115219901003;3.9443867724375;4.00874465837667;3.85267436368364;4.05885410729385;3.31290682887049;3.50907770710191;3.53153025530216;2.36735499135022;3.37691315818969;3.85216486801159;4.0015310262084;3.92188812750499;3.66964946192881;4.3431839666906;4.56975817077864;4.33202797708344;4.62866151341824;3.78516282478141;3.69916605436049;3.52970480242446;4.69216891683647;4.45417645067644;3.97858642299128;4.50561788521829;3.53975702854426;3.91202946372234;2.33353972899358;4.50997328650962;4.43048894484358;4.17504038364695;3.78621845510159;4.04820219607644;4.38661246607969;3.85472420956226;3.54177339366547
5;32500000;695800;700000;2560000;2664000;545272;0;0;0;1;0;1;0;60;6;40;4.2542925832878;4.39253015068777;4.28588020256065;4.61035400503481;4.93597898202048;4.03929773138387;3.82890753568842;3.87962946468104;3.79853621269151;2.1901362459633;4.24608497988177;2.3523464334854;2.43959482877361;4.11256210180924;2.43247411919635;2.44594206680838;2.53115219901003;3.9443867724375;4.00874465837667;2.94233011372017;4.05885410729385;3.31290682887049;3.50907770710191;3.53153025530216;3.23049615114934;3.37691315818969;3.85216486801159;3.07992614689203;3.92188812750499;3.66964946192881;2.47972427536165;2.5628832159573;4.33202797708344;4.62866151341824;3.78516282478141;2.75680720075089;4.4868514378954;4.69216891683647;2.25494251102376;3.97858642299128;2.2414941394042;2.20635182314303;3.91202946372234;3.92476742236085;4.50997328650962;2.38496754694837;2.36312148816913;3.78621845510159;4.04820219607644;2.22453451561005;2.09080788958823;2.03467826156653
6;19500000;810000;1344000;7920000;1260000;359640;0;0;1;0;0;1;0;40;2;10;1;2.54320250946164;2.30953238350105;2.52124561291124;2.22968699326937;2.30413729102943;2.18594503766934;2.23745981113385;2.28323413237892;2.1901362459633;2.58593933232526;2.3523464334854;2.43959482877361;2.41355624326404;2.43247411919635;2.44594206680838;2.53115219901003;3.9443867724375;4.00874465837667;3.85267436368364;2.18716124235017;2.08858216452189;2.14572790578305;2.14988140028723;2.36735499135022;2.0216462429411;3.85216486801159;2.20505496578415;3.92188812750499;3.66964946192881;2.47972427536165;2.5628832159573;2.47541720935374;2.36706545328246;2.12433991095465;2.75680720075089;2.53375234479293;2.76673291161913;2.25494251102376;3.97858642299128;2.2414941394042;2.20635182314303;1.97578381159481;3.92476742236085;2.38080044094893;2.38496754694837;2.36312148816913;2.12896031990924;4.04820219607644;2.22453451561005;2.09080788958823;2.03467826156653
7;11700000;350000;1320000;1600000;480000;409000;0;0;1;0;0;1;1;59;7;30;2.28225546322899;2.54320250946164;2.30953238350105;2.52124561291124;3.69741969909386;4.03929773138387;3.82890753568842;3.87962946468104;3.79853621269151;2.1901362459633;4.24608497988177;2.3523464334854;2.43959482877361;2.41355624326404;2.43247411919635;2.44594206680838;2.53115219901003;3.9443867724375;4.00874465837667;3.85267436368364;2.18716124235017;3.31290682887049;3.50907770710191;3.53153025530216;2.36735499135022;3.37691315818969;3.85216486801159;4.0015310262084;3.92188812750499;3.66964946192881;2.47972427536165;2.5628832159573;2.47541720935374;2.36706545328246;3.78516282478141;2.75680720075089;2.53375234479293;4.69216891683647;2.25494251102376;3.97858642299128;2.2414941394042;2.20635182314303;3.91202946372234;3.92476742236085;4.50997328650962;2.38496754694837;2.36312148816913;3.78621845510159;4.04820219607644;4.38661246607969;2.09080788958823;3.54177339366547
8;35000000;450000;2000000;3200000;2600000;1440000;0;0;1;0;0;1;1;36;4;2;2.28225546322899;2.54320250946164;2.30953238350105;2.52124561291124;2.22968699326937;2.30413729102943;2.18594503766934;2.23745981113385;2.28323413237892;2.1901362459633;2.58593933232526;2.3523464334854;2.43959482877361;2.41355624326404;2.43247411919635;2.44594206680838;2.53115219901003;3.9443867724375;4.00874465837667;3.85267436368364;2.18716124235017;2.08858216452189;2.14572790578305;2.14988140028723;2.36735499135022;2.0216462429411;3.85216486801159;2.20505496578415;3.92188812750499;3.66964946192881;2.47972427536165;2.5628832159573;2.47541720935374;2.36706545328246;2.12433991095465;2.75680720075089;2.53375234479293;2.76673291161913;2.25494251102376;3.97858642299128;2.2414941394042;2.20635182314303;1.97578381159481;3.92476742236085;4.50997328650962;2.38496754694837;2.36312148816913;3.78621845510159;4.04820219607644;2.22453451561005;2.09080788958823;3.54177339366547
9;92950000;6336000;2000000;11100000;14380000;4961000;0;0;0;0;1;1;1;31;3;9;4.2542925832878;4.39253015068777;4.28588020256065;4.61035400503481;3.69741969909386;4.03929773138387;3.82890753568842;3.87962946468104;3.79853621269151;2.1901362459633;4.24608497988177;2.3523464334854;4.84488846861793;4.11256210180924;4.0084586492562;4.22171297963188;4.53834412237969;3.9443867724375;4.00874465837667;3.85267436368364;4.05885410729385;3.31290682887049;3.50907770710191;3.53153025530216;2.36735499135022;3.37691315818969;3.85216486801159;4.0015310262084;3.92188812750499;3.66964946192881;4.3431839666906;4.56975817077864;4.33202797708344;4.62866151341824;3.78516282478141;4.58912371182732;4.4868514378954;4.69216891683647;4.45417645067644;3.97858642299128;4.50561788521829;5.18027334322561;3.91202946372234;3.92476742236085;4.50997328650962;4.43048894484358;2.36312148816913;3.78621845510159;4.04820219607644;4.38661246607969;3.85472420956226;3.54177339366547
11;11900000;300000;1000000;2400000;1400000;254000;0;0;1;0;0;1;0;48;3;20;2.28225546322899;4.39253015068777;2.30953238350105;2.52124561291124;3.69741969909386;2.30413729102943;2.18594503766934;2.23745981113385;2.28323413237892;2.1901362459633;2.58593933232526;2.3523464334854;2.43959482877361;2.41355624326404;4.0084586492562;2.44594206680838;2.53115219901003;3.9443867724375;4.00874465837667;3.85267436368364;4.05885410729385;3.31290682887049;2.14572790578305;2.14988140028723;3.66615203712211;2.0216462429411;3.85216486801159;2.20505496578415;3.92188812750499;2.21240122373237;2.47972427536165;2.5628832159573;4.33202797708344;2.36706545328246;2.12433991095465;4.58912371182732;2.53375234479293;4.69216891683647;2.25494251102376;3.97858642299128;2.2414941394042;2.20635182314303;3.91202946372234;3.92476742236085;4.50997328650962;2.38496754694837;2.36312148816913;2.12896031990924;4.04820219607644;4.38661246607969;2.09080788958823;2.03467826156653
12;40800000;960000;960000;1200000;1000000;1170000;0;0;1;0;0;1;0;70;3;43;1;2.54320250946164;2.30953238350105;2.52124561291124;2.22968699326937;2.30413729102943;2.18594503766934;2.23745981113385;2.28323413237892;2.1901362459633;2.58593933232526;2.3523464334854;2.43959482877361;2.41355624326404;2.43247411919635;2.44594206680838;2.53115219901003;3.9443867724375;4.00874465837667;3.85267436368364;2.18716124235017;2.08858216452189;2.14572790578305;2.14988140028723;2.36735499135022;2.0216462429411;3.85216486801159;4.0015310262084;3.92188812750499;3.66964946192881;2.47972427536165;2.5628832159573;2.47541720935374;2.36706545328246;2.12433991095465;2.75680720075089;2.53375234479293;2.76673291161913;2.25494251102376;3.97858642299128;2.2414941394042;2.20635182314303;3.91202946372234;3.92476742236085;4.50997328650962;3.51101002477435;2.36312148816913;3.78621845510159;1.99998511662762;2.22453451561005;2.09080788958823;2.03467826156653
13;5200000;186193.35;400000;3680000;600000;272227.5;0;0;0;1;0;1;1;42;3;20;2.28225546322899;2.54320250946164;2.30953238350105;2.52124561291124;3.69741969909386;4.03929773138387;3.82890753568842;3.87962946468104;3.79853621269151;2.1901362459633;4.24608497988177;2.3523464334854;2.43959482877361;2.41355624326404;2.43247411919635;2.44594206680838;2.53115219901003;3.9443867724375;4.00874465837667;3.85267436368364;2.18716124235017;3.31290682887049;3.50907770710191;3.53153025530216;2.36735499135022;3.37691315818969;3.85216486801159;4.0015310262084;3.92188812750499;3.66964946192881;2.47972427536165;2.5628832159573;2.47541720935374;2.36706545328246;3.78516282478141;2.75680720075089;2.53375234479293;4.69216891683647;2.25494251102376;3.97858642299128;2.2414941394042;2.20635182314303;3.91202946372234;3.92476742236085;4.50997328650962;2.38496754694837;2.36312148816913;3.78621845510159;4.04820219607644;2.22453451561005;2.09080788958823;2.03467826156653
14;13000000;560000;540000;800000;560000;455000;0;0;1;0;0;1;1;50;3;30;2.28225546322899;2.54320250946164;2.30953238350105;2.52124561291124;3.69741969909386;4.03929773138387;3.82890753568842;3.87962946468104;3.79853621269151;2.1901362459633;4.24608497988177;2.3523464334854;4.84488846861793;4.11256210180924;4.0084586492562;2.44594206680838;2.53115219901003;3.9443867724375;4.00874465837667;3.85267436368364;2.18716124235017;3.31290682887049;3.50907770710191;3.53153025530216;2.36735499135022;3.37691315818969;3.85216486801159;4.0015310262084;3.92188812750499;3.66964946192881;2.47972427536165;2.5628832159573;4.33202797708344;4.62866151341824;5.03556838940938;2.75680720075089;4.4868514378954;4.69216891683647;2.25494251102376;3.97858642299128;2.2414941394042;2.20635182314303;3.91202946372234;3.92476742236085;4.50997328650962;2.38496754694837;2.36312148816913;3.78621845510159;4.04820219607644;4.38661246607969;2.09080788958823;3.54177339366547
15;26000000;784000;180000;560000;616000;545272;0;0;0;1;0;1;1;28;3;9;2.28225546322899;2.54320250946164;2.30953238350105;2.52124561291124;3.69741969909386;4.03929773138387;3.82890753568842;3.87962946468104;3.79853621269151;2.1901362459633;4.24608497988177;2.3523464334854;1;4.11256210180924;2.43247411919635;2.44594206680838;2.53115219901003;3.9443867724375;4.00874465837667;3.85267436368364;2.18716124235017;3.31290682887049;3.50907770710191;3.53153025530216;2.36735499135022;3.37691315818969;3.85216486801159;2.20505496578415;3.92188812750499;3.66964946192881;2.47972427536165;2.5628832159573;4.33202797708344;4.62866151341824;5.03556838940938;2.75680720075089;2.53375234479293;4.69216891683647;2.25494251102376;3.97858642299128;2.2414941394042;2.20635182314303;3.91202946372234;3.92476742236085;4.50997328650962;2.38496754694837;2.36312148816913;3.78621845510159;4.04820219607644;4.38661246607969;2.09080788958823;3.54177339366547
16;6500000;627200;324000;1440000;704000;408640;0;0;1;0;0;1;1;60;3;43;2.28225546322899;2.54320250946164;2.30953238350105;2.52124561291124;3.69741969909386;4.03929773138387;3.82890753568842;3.87962946468104;3.79853621269151;2.1901362459633;4.24608497988177;2.3523464334854;2.43959482877361;4.11256210180924;2.43247411919635;2.44594206680838;2.53115219901003;3.9443867724375;4.00874465837667;3.85267436368364;2.18716124235017;3.31290682887049;3.50907770710191;3.53153025530216;2.36735499135022;3.37691315818969;3.85216486801159;4.0015310262084;3.92188812750499;3.66964946192881;2.47972427536165;2.5628832159573;4.33202797708344;4.62866151341824;3.78516282478141;2.75680720075089;4.4868514378954;4.69216891683647;2.25494251102376;3.97858642299128;2.2414941394042;2.20635182314303;3.91202946372234;3.92476742236085;4.50997328650962;2.38496754694837;2.36312148816913;3.78621845510159;4.04820219607644;4.38661246607969;2.09080788958823;3.54177339366547
17;109200000;880000;3600000;11060150;11620150;5820000;1;0;0;0;1;1;1;49;3;25;2.28225546322899;3.55774066702523;2.30953238350105;3.626474743356;3.69741969909386;4.03929773138387;3.82890753568842;3.87962946468104;3.79853621269151;2.1901362459633;4.24608497988177;2.3523464334854;3.65341842743192;4.11256210180924;4.0084586492562;4.22171297963188;4.53834412237969;3.9443867724375;4.00874465837667;3.85267436368364;4.05885410729385;4.35467318283299;3.50907770710191;2.89255999876967;3.66615203712211;3.37691315818969;3.85216486801159;4.0015310262084;3.92188812750499;3.66964946192881;4.3431839666906;4.56975817077864;3.46320170746022;4.62866151341824;3.78516282478141;4.58912371182732;3.52970480242446;4.69216891683647;3.37905056163788;3.97858642299128;3.36761859499357;3.53975702854426;3.91202946372234;3.92476742236085;4.50997328650962;4.43048894484358;4.17504038364695;3.78621845510159;4.04820219607644;4.38661246607969;3.85472420956226;4.53956482455783
18;6500000;29920;200000;1700000;820000;48000;0;0;0;1;0;0;1;56;3;5;2.28225546322899;2.54320250946164;2.30953238350105;2.52124561291124;2.22968699326937;2.30413729102943;2.18594503766934;2.23745981113385;2.28323413237892;2.1901362459633;2.58593933232526;2.3523464334854;2.43959482877361;2.41355624326404;2.43247411919635;2.44594206680838;2.53115219901003;1.9698178204238;2.24720222864421;2.13161221186729;2.18716124235017;2.08858216452189;2.14572790578305;2.14988140028723;2.36735499135022;2.0216462429411;2.29963817688237;2.20505496578415;2.18360252716324;3.66964946192881;2.47972427536165;2.5628832159573;2.47541720935374;2.36706545328246;2.12433991095465;2.75680720075089;2.53375234479293;4.69216891683647;2.25494251102376;1.96722096956597;2.2414941394042;2.20635182314303;1.97578381159481;2.33353972899358;2.38080044094893;2.38496754694837;2.36312148816913;2.12896031990924;1.99998511662762;2.22453451561005;2.09080788958823;2.03467826156653
19;70000000;435000;4000000;4600000;4120000;1380000;0;0;0;1;0;1;1;50;2;40;2.28225546322899;2.54320250946164;2.30953238350105;2.52124561291124;2.22968699326937;2.30413729102943;2.18594503766934;2.23745981113385;2.28323413237892;2.1901362459633;4.24608497988177;2.3523464334854;2.43959482877361;2.41355624326404;2.43247411919635;2.44594206680838;2.53115219901003;1.9698178204238;2.24720222864421;2.13161221186729;4.05885410729385;2.08858216452189;2.14572790578305;2.89255999876967;2.36735499135022;2.0216462429411;3.85216486801159;2.20505496578415;3.92188812750499;2.21240122373237;2.47972427536165;2.5628832159573;2.47541720935374;2.36706545328246;2.12433991095465;2.75680720075089;2.53375234479293;4.69216891683647;2.25494251102376;1.96722096956597;2.2414941394042;2.20635182314303;1.97578381159481;2.33353972899358;2.38080044094893;2.38496754694837;2.36312148816913;2.12896031990924;1.99998511662762;2.22453451561005;2.09080788958823;2.03467826156653
20;36000000;825000;4000000;9400000;10200000;8000000;0;0;1;0;0;1;0;60;2;30;2.28225546322899;2.54320250946164;2.30953238350105;2.52124561291124;2.22968699326937;2.30413729102943;2.18594503766934;2.23745981113385;2.28323413237892;2.1901362459633;2.58593933232526;2.3523464334854;2.43959482877361;2.41355624326404;2.43247411919635;2.44594206680838;2.53115219901003;1.9698178204238;2.24720222864421;2.13161221186729;2.18716124235017;3.31290682887049;3.50907770710191;2.14988140028723;3.66615203712211;2.0216462429411;2.29963817688237;2.20505496578415;2.18360252716324;2.21240122373237;2.47972427536165;2.5628832159573;2.47541720935374;2.36706545328246;2.12433991095465;2.75680720075089;2.53375234479293;4.69216891683647;2.25494251102376;1.96722096956597;2.2414941394042;2.20635182314303;1.97578381159481;2.33353972899358;3.44299683380665;3.51101002477435;2.36312148816913;2.12896031990924;1.99998511662762;2.22453451561005;2.09080788958823;2.03467826156653
21;45500000;580000;700000;5200000;5520000;450000;0;0;0;1;0;1;1;65;5;5;4.2542925832878;4.39253015068777;4.28588020256065;2.52124561291124;3.69741969909386;4.03929773138387;3.82890753568842;3.87962946468104;3.79853621269151;2.1901362459633;4.24608497988177;4.73145170458151;4.84488846861793;2.41355624326404;2.43247411919635;2.44594206680838;2.53115219901003;3.9443867724375;4.00874465837667;3.85267436368364;4.05885410729385;3.31290682887049;3.50907770710191;3.53153025530216;2.36735499135022;3.37691315818969;3.85216486801159;4.0015310262084;3.92188812750499;2.21240122373237;4.3431839666906;4.56975817077864;4.33202797708344;4.62866151341824;3.78516282478141;2.75680720075089;2.53375234479293;4.69216891683647;4.45417645067644;3.97858642299128;4.50561788521829;3.53975702854426;3.91202946372234;2.33353972899358;4.50997328650962;4.43048894484358;4.17504038364695;3.78621845510159;4.04820219607644;4.38661246607969;3.85472420956226;3.54177339366547
22;65000000;435000;1000000;5450000;4170000;159000;0;0;0;1;0;1;1;63;2;50;4.2542925832878;4.39253015068777;4.28588020256065;3.626474743356;3.69741969909386;4.03929773138387;3.82890753568842;3.87962946468104;3.79853621269151;2.1901362459633;4.24608497988177;4.73145170458151;4.84488846861793;2.41355624326404;2.43247411919635;2.44594206680838;2.53115219901003;3.9443867724375;4.00874465837667;3.85267436368364;4.05885410729385;3.31290682887049;3.50907770710191;3.53153025530216;2.36735499135022;3.37691315818969;3.85216486801159;4.0015310262084;3.92188812750499;3.66964946192881;4.3431839666906;4.56975817077864;4.33202797708344;4.62866151341824;3.78516282478141;2.75680720075089;2.53375234479293;4.69216891683647;4.45417645067644;3.97858642299128;4.50561788521829;3.53975702854426;3.91202946372234;2.33353972899358;4.50997328650962;4.43048894484358;4.17504038364695;3.78621845510159;4.04820219607644;4.38661246607969;3.85472420956226;3.54177339366547
24;78062500;1440000;2000000;17400000;17600000;3816320;1;0;1;0;0;1;0;60;5;35;2.28225546322899;2.54320250946164;2.30953238350105;2.52124561291124;2.22968699326937;3.18003084730744;2.95864693240493;3.07091638978975;2.28323413237892;2.1901362459633;2.58593933232526;2.3523464334854;2.43959482877361;2.41355624326404;2.43247411919635;2.44594206680838;2.53115219901003;3.9443867724375;4.00874465837667;3.85267436368364;3.10234489670439;3.31290682887049;2.91140592315142;2.14988140028723;2.36735499135022;3.37691315818969;3.85216486801159;4.0015310262084;2.98815893707634;3.66964946192881;2.47972427536165;2.5628832159573;2.47541720935374;3.51973720280498;2.12433991095465;2.75680720075089;2.53375234479293;2.76673291161913;2.25494251102376;3.97858642299128;2.2414941394042;2.20635182314303;2.84800066015709;3.92476742236085;3.44299683380665;3.51101002477435;4.17504038364695;2.94414672725435;2.86889033290433;3.33856936219102;3.85472420956226;2.78634843669992
25;65700000;87000;1000000;5700000;1320000;207000;0;0;1;0;0;1;1;62;2;30;2.28225546322899;2.54320250946164;2.30953238350105;2.52124561291124;2.22968699326937;2.30413729102943;2.18594503766934;2.23745981113385;2.28323413237892;2.1901362459633;2.58593933232526;2.3523464334854;4.84488846861793;2.41355624326404;2.43247411919635;2.44594206680838;2.53115219901003;1.9698178204238;2.24720222864421;2.13161221186729;2.18716124235017;2.08858216452189;2.14572790578305;2.14988140028723;2.36735499135022;2.0216462429411;2.29963817688237;2.20505496578415;2.18360252716324;2.21240122373237;2.47972427536165;2.5628832159573;2.47541720935374;2.36706545328246;2.8786203527613;3.69916605436049;3.52970480242446;4.69216891683647;2.25494251102376;1.96722096956597;2.2414941394042;2.20635182314303;3.91202946372234;2.33353972899358;2.38080044094893;2.38496754694837;2.36312148816913;2.12896031990924;1.99998511662762;2.22453451561005;2.09080788958823;2.03467826156653
28;9920000;540000;1000000;1690000;1470000;410000;1;0;1;0;0;1;1;50;6;4;2.28225546322899;2.54320250946164;2.30953238350105;2.52124561291124;2.22968699326937;2.30413729102943;2.95864693240493;3.07091638978975;2.28323413237892;2.1901362459633;2.58593933232526;2.3523464334854;2.43959482877361;2.41355624326404;2.43247411919635;2.44594206680838;2.53115219901003;1.9698178204238;3.07948047043016;2.13161221186729;2.18716124235017;3.31290682887049;2.91140592315142;2.14988140028723;2.36735499135022;3.37691315818969;3.85216486801159;3.07992614689203;2.98815893707634;2.89397811126238;3.51548805217588;2.5628832159573;2.47541720935374;2.36706545328246;2.12433991095465;2.75680720075089;2.53375234479293;2.76673291161913;2.25494251102376;2.83209444307479;2.2414941394042;2.20635182314303;2.84800066015709;3.92476742236085;3.44299683380665;2.38496754694837;3.32671046779238;2.94414672725435;2.86889033290433;3.33856936219102;2.95244891980085;2.78634843669992
29;11700000;54375;500000;2200000;1360000;86250;0;0;0;1;0;1;1;71;2;50;4.2542925832878;4.39253015068777;5.39937960045806;1;3.69741969909386;4.03929773138387;3.82890753568842;3.87962946468104;3.79853621269151;2.1901362459633;2.58593933232526;2.3523464334854;2.43959482877361;2.41355624326404;2.43247411919635;2.44594206680838;2.53115219901003;3.9443867724375;4.00874465837667;3.85267436368364;4.05885410729385;3.31290682887049;3.50907770710191;3.53153025530216;2.36735499135022;3.37691315818969;3.85216486801159;4.0015310262084;3.92188812750499;3.66964946192881;4.3431839666906;4.56975817077864;4.33202797708344;4.62866151341824;3.78516282478141;2.75680720075089;2.53375234479293;4.69216891683647;4.45417645067644;3.97858642299128;4.50561788521829;2.20635182314303;3.91202946372234;2.33353972899358;4.50997328650962;4.43048894484358;4.17504038364695;3.78621845510159;4.04820219607644;4.38661246607969;3.85472420956226;3.54177339366547
30;15100000;1057500;1000000;2550000;2400000;1230000;1;0;0;1;0;1;1;50;4;28;2.28225546322899;2.54320250946164;2.30953238350105;2.52124561291124;2.22968699326937;2.30413729102943;2.18594503766934;2.23745981113385;2.28323413237892;2.1901362459633;2.58593933232526;2.3523464334854;2.43959482877361;2.41355624326404;2.43247411919635;2.44594206680838;2.53115219901003;3.9443867724375;2.24720222864421;2.94233011372017;3.10234489670439;3.31290682887049;3.50907770710191;2.14988140028723;2.36735499135022;2.63965719851903;3.85216486801159;4.0015310262084;3.92188812750499;3.66964946192881;2.47972427536165;3.67009832199333;2.47541720935374;3.51973720280498;2.12433991095465;3.69916605436049;2.53375234479293;4.69216891683647;2.25494251102376;1.96722096956597;2.2414941394042;2.20635182314303;2.84800066015709;3.92476742236085;3.44299683380665;2.38496754694837;2.36312148816913;2.94414672725435;2.86889033290433;3.33856936219102;2.09080788958823;2.03467826156653
31;6660000;322000;4000000;1100000;930000;295000;1;0;1;0;0;1;1;56;2;35;2.28225546322899;2.54320250946164;2.30953238350105;2.52124561291124;2.22968699326937;2.30413729102943;2.18594503766934;2.23745981113385;2.28323413237892;2.1901362459633;2.58593933232526;2.3523464334854;2.43959482877361;2.41355624326404;2.43247411919635;2.44594206680838;2.53115219901003;3.9443867724375;4.00874465837667;2.13161221186729;2.18716124235017;2.08858216452189;2.14572790578305;2.14988140028723;2.36735499135022;2.0216462429411;3.85216486801159;4.0015310262084;3.92188812750499;3.66964946192881;2.47972427536165;2.5628832159573;2.47541720935374;2.36706545328246;2.12433991095465;2.75680720075089;2.53375234479293;2.76673291161913;2.25494251102376;1.96722096956597;2.2414941394042;2.20635182314303;1.97578381159481;3.92476742236085;3.44299683380665;3.51101002477435;4.17504038364695;3.78621845510159;1.99998511662762;2.22453451561005;2.09080788958823;2.03467826156653
32;71250000;1650000;1600000;16280000;16252000;2738628;1;0;0;1;0;1;1;50;4;10;2.28225546322899;2.54320250946164;2.30953238350105;2.52124561291124;2.22968699326937;3.18003084730744;2.95864693240493;3.07091638978975;3.02302234443974;2.1901362459633;2.58593933232526;2.3523464334854;2.43959482877361;2.41355624326404;2.43247411919635;4.22171297963188;4.53834412237969;3.9443867724375;4.00874465837667;3.85267436368364;3.10234489670439;2.08858216452189;2.14572790578305;2.89255999876967;2.36735499135022;2.63965719851903;3.85216486801159;4.0015310262084;3.92188812750499;3.66964946192881;3.51548805217588;3.67009832199333;3.46320170746022;3.51973720280498;3.78516282478141;3.69916605436049;4.4868514378954;4.69216891683647;2.25494251102376;3.97858642299128;2.2414941394042;2.20635182314303;1.97578381159481;3.92476742236085;3.44299683380665;3.51101002477435;3.32671046779238;2.94414672725435;2.86889033290433;2.22453451561005;2.09080788958823;2.03467826156653
33;51100000;822500;1700000;4440000;4560000;3230000;1;0;0;1;0;1;1;33;4;3;4.2542925832878;2.54320250946164;4.28588020256065;4.61035400503481;3.69741969909386;4.03929773138387;3.82890753568842;3.87962946468104;3.79853621269151;2.1901362459633;2.58593933232526;2.3523464334854;2.43959482877361;4.11256210180924;4.0084586492562;3.39423935463136;4.53834412237969;3.9443867724375;4.00874465837667;3.85267436368364;4.05885410729385;2.08858216452189;2.14572790578305;2.14988140028723;2.36735499135022;3.37691315818969;3.85216486801159;4.0015310262084;3.92188812750499;3.66964946192881;2.47972427536165;2.5628832159573;2.47541720935374;2.36706545328246;3.78516282478141;3.69916605436049;4.4868514378954;4.69216891683647;2.25494251102376;3.97858642299128;2.2414941394042;2.20635182314303;1.97578381159481;3.92476742236085;2.38080044094893;2.38496754694837;2.36312148816913;2.12896031990924;2.86889033290433;2.22453451561005;2.09080788958823;2.78634843669992
34;64830000;1470000;1200000;18750000;18575000;712500;1;0;0;1;0;1;0;65;7;40;2.28225546322899;2.54320250946164;2.30953238350105;2.52124561291124;2.22968699326937;2.30413729102943;2.18594503766934;2.23745981113385;2.28323413237892;2.1901362459633;2.58593933232526;2.3523464334854;2.43959482877361;2.41355624326404;2.43247411919635;2.44594206680838;2.53115219901003;3.9443867724375;4.00874465837667;3.85267436368364;4.05885410729385;2.72067088037479;2.14572790578305;2.89255999876967;2.36735499135022;3.37691315818969;3.85216486801159;4.0015310262084;3.92188812750499;3.66964946192881;2.47972427536165;2.5628832159573;2.47541720935374;2.36706545328246;2.12433991095465;3.69916605436049;2.53375234479293;2.76673291161913;2.25494251102376;3.97858642299128;2.2414941394042;2.20635182314303;3.91202946372234;2.33353972899358;3.44299683380665;2.38496754694837;2.36312148816913;2.12896031990924;1.99998511662762;2.22453451561005;2.09080788958823;2.03467826156653
35;81148400;1260000;6300000;16000000;16000000;1440007.2;0;0;1;0;0;1;1;58;2;40;4.2542925832878;4.39253015068777;4.28588020256065;2.52124561291124;3.69741969909386;4.03929773138387;3.82890753568842;5.05491040235879;5.12622218173134;3.1322696687897;2.58593933232526;4.73145170458151;3.65341842743192;5.29577933222649;4.0084586492562;4.22171297963188;4.53834412237969;1.9698178204238;2.24720222864421;2.13161221186729;2.18716124235017;4.35467318283299;4.42365405002657;3.53153025530216;4.46885109526007;3.37691315818969;3.07464677227252;3.07992614689203;2.98815893707634;3.66964946192881;2.47972427536165;4.56975817077864;2.47541720935374;4.62866151341824;5.03556838940938;5.81649774114756;5.82884419770667;4.69216891683647;3.37905056163788;3.97858642299128;2.2414941394042;3.53975702854426;2.84800066015709;3.92476742236085;4.50997328650962;2.38496754694837;2.36312148816913;1;4.04820219607644;2.22453451561005;1;2.03467826156653
36;10730000;477971.32;95000;3120000;2841600;453986.7;1;0;0;1;0;1;1;38;7;10;2.28225546322899;2.54320250946164;2.30953238350105;2.52124561291124;2.22968699326937;2.30413729102943;2.18594503766934;2.23745981113385;2.28323413237892;2.1901362459633;2.58593933232526;2.3523464334854;2.43959482877361;2.41355624326404;2.43247411919635;2.44594206680838;2.53115219901003;3.9443867724375;4.00874465837667;3.85267436368364;4.05885410729385;2.08858216452189;2.14572790578305;2.89255999876967;2.36735499135022;2.63965719851903;3.85216486801159;4.0015310262084;2.98815893707634;3.66964946192881;2.47972427536165;2.5628832159573;2.47541720935374;2.36706545328246;2.8786203527613;3.69916605436049;2.53375234479293;3.74795496312159;2.25494251102376;3.97858642299128;3.36761859499357;2.20635182314303;2.84800066015709;3.92476742236085;3.44299683380665;3.51101002477435;2.36312148816913;2.12896031990924;4.04820219607644;3.33856936219102;2.09080788958823;2.78634843669992
37;12520000;582400;710000;3000000;2610000;630000;1;0;1;0;0;1;0;82;7;55;2.28225546322899;2.54320250946164;2.30953238350105;2.52124561291124;2.22968699326937;4.03929773138387;2.18594503766934;2.23745981113385;2.28323413237892;2.1901362459633;2.58593933232526;2.3523464334854;2.43959482877361;2.41355624326404;2.43247411919635;2.44594206680838;2.53115219901003;3.9443867724375;3.07948047043016;2.94233011372017;3.10234489670439;2.08858216452189;2.14572790578305;2.14988140028723;2.36735499135022;2.63965719851903;3.85216486801159;4.0015310262084;3.92188812750499;3.66964946192881;2.47972427536165;2.5628832159573;4.33202797708344;4.62866151341824;2.12433991095465;2.75680720075089;3.52970480242446;2.76673291161913;2.25494251102376;3.97858642299128;3.36761859499357;2.20635182314303;1.97578381159481;3.92476742236085;3.44299683380665;3.51101002477435;2.36312148816913;2.12896031990924;4.04820219607644;3.33856936219102;2.95244891980085;3.54177339366547
38;21000000;125400;262320;4800000;3552000;491400;1;0;0;0;1;1;1;31;2;13;5.36991781520157;4.39253015068777;4.28588020256065;4.61035400503481;2.22968699326937;2.30413729102943;2.18594503766934;2.23745981113385;2.28323413237892;4.14495141540325;4.24608497988177;2.3523464334854;2.43959482877361;4.11256210180924;2.43247411919635;2.44594206680838;2.53115219901003;3.9443867724375;2.24720222864421;2.13161221186729;2.18716124235017;3.31290682887049;3.50907770710191;3.53153025530216;3.66615203712211;3.37691315818969;5.04187998317914;4.0015310262084;3.92188812750499;3.66964946192881;2.47972427536165;2.5628832159573;2.47541720935374;2.36706545328246;1;2.75680720075089;2.53375234479293;4.69216891683647;3.37905056163788;3.97858642299128;3.36761859499357;3.53975702854426;2.84800066015709;3.92476742236085;4.50997328650962;4.43048894484358;3.32671046779238;3.78621845510159;4.04820219607644;4.38661246607969;2.95244891980085;2.78634843669992
39;92580000;2937060;3555555.4;19400000;19540000;2869344;1;0;1;0;0;1;1;44;6;7;2.28225546322899;2.54320250946164;3.33136848638446;2.52124561291124;2.94461110793176;2.30413729102943;2.18594503766934;2.23745981113385;2.28323413237892;2.1901362459633;2.58593933232526;2.3523464334854;2.43959482877361;3.29561717629922;3.28560161854869;2.44594206680838;2.53115219901003;3.9443867724375;3.07948047043016;2.94233011372017;3.10234489670439;2.72067088037479;2.91140592315142;2.14988140028723;2.36735499135022;2.63965719851903;3.85216486801159;3.07992614689203;3.92188812750499;3.66964946192881;2.47972427536165;3.67009832199333;4.33202797708344;3.51973720280498;2.8786203527613;3.69916605436049;2.53375234479293;2.76673291161913;2.25494251102376;2.83209444307479;2.2414941394042;2.20635182314303;1.97578381159481;3.92476742236085;2.38080044094893;2.38496754694837;2.36312148816913;2.12896031990924;2.86889033290433;3.33856936219102;2.09080788958823;2.78634843669992
41;14805000;247500;842800;2880000;2520000;777600;1;0;0;1;0;1;1;39;2;13;4.2542925832878;4.39253015068777;4.28588020256065;4.61035400503481;3.69741969909386;4.03929773138387;3.82890753568842;3.87962946468104;2.28323413237892;4.14495141540325;4.24608497988177;2.3523464334854;2.43959482877361;4.11256210180924;2.43247411919635;2.44594206680838;2.53115219901003;3.9443867724375;4.00874465837667;3.85267436368364;4.05885410729385;3.31290682887049;3.50907770710191;3.53153025530216;3.66615203712211;3.37691315818969;3.85216486801159;4.0015310262084;3.92188812750499;3.66964946192881;2.47972427536165;2.5628832159573;2.47541720935374;2.36706545328246;1;2.75680720075089;2.53375234479293;4.69216891683647;3.37905056163788;3.97858642299128;3.36761859499357;3.53975702854426;2.84800066015709;3.92476742236085;4.50997328650962;4.43048894484358;3.32671046779238;3.78621845510159;4.04820219607644;4.38661246607969;3.85472420956226;2.78634843669992
42;65000000;731500;953200;8320000;6904000;447300;1;0;0;0;1;1;1;50;5;25;5.36991781520157;4.39253015068777;4.28588020256065;4.61035400503481;2.22968699326937;2.30413729102943;2.18594503766934;2.23745981113385;3.79853621269151;4.14495141540325;2.58593933232526;2.3523464334854;2.43959482877361;4.11256210180924;2.43247411919635;2.44594206680838;2.53115219901003;3.9443867724375;4.00874465837667;3.85267436368364;4.05885410729385;3.31290682887049;3.50907770710191;3.53153025530216;3.66615203712211;3.37691315818969;5.04187998317914;4.0015310262084;3.92188812750499;3.66964946192881;2.47972427536165;2.5628832159573;2.47541720935374;2.36706545328246;1;2.75680720075089;2.53375234479293;4.69216891683647;3.37905056163788;3.97858642299128;3.36761859499357;3.53975702854426;2.84800066015709;3.92476742236085;4.50997328650962;4.43048894484358;3.32671046779238;3.78621845510159;4.04820219607644;4.38661246607969;2.95244891980085;2.78634843669992
43;48100000;462000;347280;10800000;10480000;1477640;1;0;0;1;0;1;1;52;5;25;5.36991781520157;4.39253015068777;4.28588020256065;4.61035400503481;3.69741969909386;4.03929773138387;3.82890753568842;3.87962946468104;3.79853621269151;2.1901362459633;4.24608497988177;2.3523464334854;4.84488846861793;4.11256210180924;4.0084586492562;4.22171297963188;4.53834412237969;5.90866447925431;4.00874465837667;3.85267436368364;4.05885410729385;3.31290682887049;3.50907770710191;3.53153025530216;3.66615203712211;3.37691315818969;5.04187998317914;4.0015310262084;3.92188812750499;5.05491040235879;4.3431839666906;3.67009832199333;3.46320170746022;3.51973720280498;3.78516282478141;4.58912371182732;4.4868514378954;4.69216891683647;4.45417645067644;3.97858642299128;4.50561788521829;5.18027334322561;3.91202946372234;3.92476742236085;4.50997328650962;4.43048894484358;4.17504038364695;3.78621845510159;4.04820219607644;4.38661246607969;3.85472420956226;3.54177339366547
44;31500000;237500;1516000;9120000;9040000;597500;1;0;0;0;0;1;1;63;6;43;2.28225546322899;2.54320250946164;2.30953238350105;2.52124561291124;2.22968699326937;2.30413729102943;2.18594503766934;2.23745981113385;2.28323413237892;2.1901362459633;2.58593933232526;2.3523464334854;2.43959482877361;2.41355624326404;2.43247411919635;2.44594206680838;2.53115219901003;1.9698178204238;2.24720222864421;2.13161221186729;2.18716124235017;2.08858216452189;2.14572790578305;2.14988140028723;2.36735499135022;2.0216462429411;3.85216486801159;3.07992614689203;3.92188812750499;2.89397811126238;3.51548805217588;3.67009832199333;3.46320170746022;3.51973720280498;2.8786203527613;3.69916605436049;3.52970480242446;3.74795496312159;2.25494251102376;3.97858642299128;3.36761859499357;2.20635182314303;1.97578381159481;2.33353972899358;2.38080044094893;2.38496754694837;2.36312148816913;2.12896031990924;1.99998511662762;2.22453451561005;2.09080788958823;2.03467826156653
45;84500000;2799860;645714;9428570;9428570;7360018.4;1;0;0;1;0;1;1;65;5;35;4.2542925832878;3.55774066702523;4.28588020256065;2.52124561291124;3.69741969909386;3.18003084730744;3.82890753568842;2.23745981113385;3.79853621269151;3.1322696687897;2.58593933232526;3.58493271188774;3.65341842743192;4.11256210180924;4.0084586492562;2.44594206680838;2.53115219901003;1.9698178204238;2.24720222864421;2.13161221186729;2.18716124235017;4.35467318283299;3.50907770710191;2.14988140028723;3.66615203712211;2.0216462429411;2.29963817688237;2.20505496578415;2.18360252716324;2.21240122373237;2.47972427536165;3.67009832199333;4.33202797708344;4.62866151341824;3.78516282478141;2.75680720075089;4.4868514378954;2.76673291161913;2.25494251102376;1.96722096956597;2.2414941394042;2.20635182314303;3.91202946372234;3.92476742236085;2.38080044094893;2.38496754694837;2.36312148816913;2.12896031990924;4.04820219607644;2.22453451561005;2.09080788958823;2.03467826156653
46;10840000;540000;1000000;2800000;2580000;269000;1;0;1;0;0;1;0;52;6;20;4.2542925832878;4.39253015068777;3.33136848638446;3.626474743356;2.94461110793176;4.03929773138387;2.95864693240493;3.87962946468104;2.28323413237892;3.1322696687897;2.58593933232526;2.3523464334854;2.43959482877361;3.29561717629922;3.28560161854869;4.22171297963188;4.53834412237969;3.9443867724375;4.00874465837667;3.85267436368364;4.05885410729385;2.72067088037479;2.14572790578305;2.14988140028723;2.36735499135022;2.63965719851903;3.85216486801159;2.20505496578415;2.18360252716324;3.66964946192881;2.47972427536165;2.5628832159573;3.46320170746022;2.36706545328246;2.12433991095465;2.75680720075089;2.53375234479293;2.76673291161913;3.37905056163788;2.83209444307479;2.2414941394042;2.20635182314303;1.97578381159481;3.92476742236085;2.38080044094893;2.38496754694837;2.36312148816913;2.12896031990924;4.04820219607644;4.38661246607969;3.85472420956226;2.03467826156653
47;15000000;280018.2;2545454;13939393;13939393;799920;0;0;1;0;0;1;1;56;4;35;4.2542925832878;3.55774066702523;4.28588020256065;3.626474743356;3.69741969909386;4.03929773138387;3.82890753568842;3.07091638978975;3.79853621269151;2.1901362459633;3.46282790718806;4.73145170458151;4.84488846861793;4.11256210180924;4.0084586492562;3.39423935463136;3.60952280611687;1.9698178204238;2.24720222864421;2.13161221186729;2.18716124235017;3.31290682887049;3.50907770710191;3.53153025530216;2.36735499135022;3.37691315818969;2.29963817688237;2.20505496578415;2.18360252716324;2.21240122373237;2.47972427536165;3.67009832199333;4.33202797708344;4.62866151341824;3.78516282478141;2.75680720075089;4.4868514378954;2.76673291161913;2.25494251102376;1.96722096956597;2.2414941394042;2.20635182314303;3.91202946372234;3.92476742236085;3.44299683380665;2.38496754694837;2.36312148816913;2.12896031990924;4.04820219607644;2.22453451561005;2.09080788958823;2.03467826156653
48;30000000;799960;2085714;11999998;11999998;1600004;0;0;0;1;0;1;1;60;3;45;2.28225546322899;2.54320250946164;2.30953238350105;2.52124561291124;3.69741969909386;5.30031668088684;5.21716840891571;3.87962946468104;3.79853621269151;5.62496868519971;2.58593933232526;2.3523464334854;2.43959482877361;2.41355624326404;2.43247411919635;2.44594206680838;2.53115219901003;2.77800192451502;2.24720222864421;3.85267436368364;3.10234489670439;4.35467318283299;4.42365405002657;2.14988140028723;3.66615203712211;4.55970583625675;3.07464677227252;4.0015310262084;3.92188812750499;2.89397811126238;4.3431839666906;4.56975817077864;4.33202797708344;6.03368626446907;5.03556838940938;4.58912371182732;4.4868514378954;3.74795496312159;3.37905056163788;5.80805383506392;3.36761859499357;3.53975702854426;3.91202946372234;5.45967305323282;3.44299683380665;2.38496754694837;3.32671046779238;5.04187998317914;4.04820219607644;3.33856936219102;2.95244891980085;2.78634843669992
49;12950000;279986;3171429;14742856;14742856;360360;0;0;1;0;0;1;1;55;3;35;4.2542925832878;3.55774066702523;4.28588020256065;3.626474743356;3.69741969909386;4.03929773138387;3.82890753568842;3.07091638978975;3.79853621269151;3.1322696687897;3.46282790718806;3.58493271188774;2.43959482877361;4.11256210180924;3.28560161854869;4.22171297963188;3.60952280611687;1.9698178204238;2.24720222864421;2.13161221186729;2.18716124235017;3.31290682887049;2.14572790578305;2.14988140028723;3.23049615114934;3.37691315818969;2.29963817688237;2.20505496578415;2.18360252716324;2.21240122373237;2.47972427536165;4.56975817077864;4.33202797708344;4.62866151341824;5.03556838940938;2.75680720075089;4.4868514378954;3.74795496312159;2.25494251102376;1.96722096956597;2.2414941394042;2.20635182314303;5.25878591486575;3.92476742236085;3.44299683380665;2.38496754694837;2.36312148816913;2.12896031990924;4.04820219607644;2.22453451561005;2.09080788958823;2.03467826156653
50;30000000;1799910;3657142;12000000;12000000;1440003.6;0;0;1;0;0;1;1;43;4;20;5.36991781520157;4.39253015068777;5.39937960045806;4.61035400503481;3.69741969909386;4.03929773138387;3.82890753568842;3.87962946468104;3.79853621269151;3.1322696687897;3.46282790718806;3.58493271188774;3.65341842743192;5.29577933222649;4.0084586492562;5.72490556309278;4.53834412237969;2.77800192451502;2.24720222864421;2.94233011372017;3.10234489670439;3.31290682887049;3.50907770710191;2.89255999876967;3.23049615114934;3.37691315818969;3.07464677227252;2.20505496578415;2.98815893707634;2.21240122373237;5.58514856423644;4.56975817077864;4.33202797708344;4.62866151341824;3.78516282478141;4.58912371182732;4.4868514378954;3.74795496312159;3.37905056163788;3.97858642299128;3.36761859499357;3.53975702854426;3.91202946372234;3.92476742236085;2.38080044094893;2.38496754694837;2.36312148816913;2.12896031990924;2.86889033290433;2.22453451561005;2.09080788958823;2.03467826156653
51;26250000;281750;3657142;12000000;12000000;799988;0;0;1;0;0;1;1;43;4;20;4.2542925832878;4.39253015068777;4.28588020256065;4.61035400503481;4.93597898202048;5.30031668088684;3.82890753568842;3.87962946468104;3.79853621269151;2.1901362459633;2.58593933232526;3.58493271188774;3.65341842743192;4.11256210180924;4.0084586492562;4.22171297963188;4.53834412237969;2.77800192451502;3.07948047043016;2.94233011372017;2.18716124235017;3.31290682887049;3.50907770710191;2.89255999876967;3.23049615114934;2.63965719851903;3.07464677227252;2.20505496578415;2.98815893707634;2.21240122373237;4.3431839666906;4.56975817077864;4.33202797708344;4.62866151341824;3.78516282478141;4.58912371182732;4.4868514378954;4.69216891683647;2.25494251102376;3.97858642299128;3.36761859499357;3.53975702854426;3.91202946372234;5.45967305323282;2.38080044094893;2.38496754694837;2.36312148816913;1;2.86889033290433;3.33856936219102;2.09080788958823;2.03467826156653
52;31500000;360000;1100000;6520000;6480000;820000;0;0;1;0;0;1;1;64;6;30;2.28225546322899;2.54320250946164;2.30953238350105;2.52124561291124;2.22968699326937;2.30413729102943;2.18594503766934;2.23745981113385;2.28323413237892;2.1901362459633;2.58593933232526;2.3523464334854;2.43959482877361;3.29561717629922;3.28560161854869;3.39423935463136;3.60952280611687;3.9443867724375;3.07948047043016;2.94233011372017;3.10234489670439;2.08858216452189;2.14572790578305;2.14988140028723;2.36735499135022;2.0216462429411;3.85216486801159;3.07992614689203;2.98815893707634;3.66964946192881;2.47972427536165;2.5628832159573;2.47541720935374;2.36706545328246;2.12433991095465;2.75680720075089;2.53375234479293;2.76673291161913;2.25494251102376;3.97858642299128;2.2414941394042;2.20635182314303;1.97578381159481;3.92476742236085;3.44299683380665;3.51101002477435;3.32671046779238;2.94414672725435;2.86889033290433;2.22453451561005;2.09080788958823;2.03467826156653
53;5250000;359991;1333333.33;485000;317000;120496.8;0;0;1;0;0;1;1;37;5;5;2.28225546322899;2.54320250946164;2.30953238350105;2.52124561291124;2.22968699326937;2.30413729102943;2.18594503766934;2.23745981113385;2.28323413237892;2.1901362459633;2.58593933232526;2.3523464334854;2.43959482877361;2.41355624326404;3.28560161854869;3.39423935463136;3.60952280611687;2.77800192451502;3.07948047043016;2.94233011372017;3.10234489670439;2.08858216452189;2.14572790578305;2.14988140028723;2.36735499135022;2.0216462429411;3.85216486801159;3.07992614689203;2.98815893707634;3.66964946192881;2.47972427536165;2.5628832159573;2.47541720935374;2.36706545328246;2.12433991095465;2.75680720075089;2.53375234479293;2.76673291161913;2.25494251102376;2.83209444307479;2.2414941394042;2.20635182314303;1.97578381159481;3.92476742236085;3.44299683380665;3.51101002477435;2.36312148816913;3.78621845510159;2.86889033290433;3.33856936219102;2.09080788958823;2.03467826156653
54;84500000;1440000;3000000;18520000;19000000;6050000;0;0;0;1;0;1;1;54;4;30;3.29930058871261;3.55774066702523;3.33136848638446;3.626474743356;3.69741969909386;4.03929773138387;3.82890753568842;3.87962946468104;3.79853621269151;2.1901362459633;3.46282790718806;3.58493271188774;3.65341842743192;4.11256210180924;3.28560161854869;3.39423935463136;3.60952280611687;3.9443867724375;4.00874465837667;3.85267436368364;3.10234489670439;3.31290682887049;2.91140592315142;2.89255999876967;2.36735499135022;3.37691315818969;3.85216486801159;4.0015310262084;3.92188812750499;3.66964946192881;3.51548805217588;3.67009832199333;3.46320170746022;3.51973720280498;3.78516282478141;4.58912371182732;3.52970480242446;4.69216891683647;3.37905056163788;3.97858642299128;3.36761859499357;3.53975702854426;3.91202946372234;3.92476742236085;4.50997328650962;4.43048894484358;3.32671046779238;3.78621845510159;2.86889033290433;3.33856936219102;2.95244891980085;2.78634843669992
55;91000000;5794200;2400000;3893333.2;5733333.2;2049180;0;0;1;0;0;1;1;56;4;30;3.29930058871261;3.55774066702523;4.28588020256065;3.626474743356;3.69741969909386;4.03929773138387;3.82890753568842;3.07091638978975;3.02302234443974;2.1901362459633;3.46282790718806;3.58493271188774;2.43959482877361;3.29561717629922;3.28560161854869;3.39423935463136;3.60952280611687;3.9443867724375;4.00874465837667;2.94233011372017;3.10234489670439;3.31290682887049;3.50907770710191;2.89255999876967;2.36735499135022;3.37691315818969;3.85216486801159;4.0015310262084;2.98815893707634;3.66964946192881;4.3431839666906;3.67009832199333;4.33202797708344;3.51973720280498;3.78516282478141;4.58912371182732;4.4868514378954;3.74795496312159;3.37905056163788;3.97858642299128;3.36761859499357;3.53975702854426;3.91202946372234;3.92476742236085;3.44299683380665;3.51101002477435;3.32671046779238;2.94414672725435;2.86889033290433;3.33856936219102;2.95244891980085;2.78634843669992
56;14260000;900000;2500000;2770000;2546000;631000;0;0;0;0;0;1;1;84;3;55;3.29930058871261;3.55774066702523;3.33136848638446;3.626474743356;3.69741969909386;4.03929773138387;3.82890753568842;3.07091638978975;3.79853621269151;3.1322696687897;2.58593933232526;2.3523464334854;2.43959482877361;2.41355624326404;2.43247411919635;2.44594206680838;2.53115219901003;3.9443867724375;3.07948047043016;2.94233011372017;3.10234489670439;2.08858216452189;2.14572790578305;2.14988140028723;2.36735499135022;2.0216462429411;3.85216486801159;3.07992614689203;2.98815893707634;3.66964946192881;3.51548805217588;2.5628832159573;2.47541720935374;2.36706545328246;3.78516282478141;2.75680720075089;3.52970480242446;2.76673291161913;2.25494251102376;3.97858642299128;2.2414941394042;3.53975702854426;2.84800066015709;3.92476742236085;3.44299683380665;3.51101002477435;3.32671046779238;2.94414672725435;2.86889033290433;3.33856936219102;2.09080788958823;2.03467826156653
57;117000000;2520000;2285714.28;6700000;7820000;4059336.4;0;0;0;1;0;1;1;62;3;20;2.28225546322899;2.54320250946164;2.30953238350105;2.52124561291124;3.69741969909386;3.18003084730744;5.21716840891571;3.07091638978975;3.79853621269151;3.1322696687897;3.46282790718806;3.58493271188774;3.65341842743192;3.29561717629922;3.28560161854869;3.39423935463136;3.60952280611687;3.9443867724375;4.00874465837667;3.85267436368364;3.10234489670439;3.31290682887049;3.50907770710191;2.89255999876967;2.36735499135022;3.37691315818969;3.85216486801159;3.07992614689203;2.98815893707634;3.66964946192881;3.51548805217588;3.67009832199333;3.46320170746022;3.51973720280498;3.78516282478141;3.69916605436049;3.52970480242446;3.74795496312159;2.25494251102376;3.97858642299128;2.2414941394042;2.20635182314303;3.91202946372234;3.92476742236085;4.50997328650962;4.43048894484358;4.17504038364695;2.12896031990924;1.99998511662762;2.22453451561005;2.95244891980085;2.78634843669992
58;99250000;1440360;3400000;16720000;17200000;2850000;0;0;1;0;0;1;1;70;5;45;3.29930058871261;3.55774066702523;3.33136848638446;3.626474743356;3.69741969909386;3.18003084730744;3.82890753568842;3.07091638978975;3.79853621269151;2.1901362459633;2.58593933232526;2.3523464334854;2.43959482877361;3.29561717629922;2.43247411919635;2.44594206680838;3.60952280611687;3.9443867724375;4.00874465837667;2.94233011372017;3.10234489670439;3.31290682887049;2.91140592315142;2.89255999876967;2.36735499135022;3.37691315818969;3.85216486801159;4.0015310262084;3.92188812750499;2.89397811126238;4.3431839666906;4.56975817077864;4.33202797708344;4.62866151341824;3.78516282478141;4.58912371182732;4.4868514378954;3.74795496312159;3.37905056163788;3.97858642299128;2.2414941394042;3.53975702854426;3.91202946372234;3.92476742236085;3.44299683380665;4.43048894484358;3.32671046779238;3.78621845510159;2.86889033290433;3.33856936219102;2.95244891980085;2.78634843669992
59;15000000;179991;4914286;12000000;12000000;80402;0;0;1;0;0;1;1;75;2;50;4.2542925832878;4.39253015068777;4.28588020256065;4.61035400503481;3.69741969909386;4.03929773138387;3.82890753568842;3.07091638978975;3.79853621269151;3.1322696687897;2.58593933232526;4.73145170458151;3.65341842743192;5.29577933222649;5.36248453476796;4.22171297963188;4.53834412237969;2.77800192451502;3.07948047043016;2.94233011372017;2.18716124235017;3.31290682887049;3.50907770710191;2.89255999876967;3.23049615114934;4.55970583625675;1;1;2.98815893707634;2.21240122373237;5.58514856423644;4.56975817077864;4.33202797708344;4.62866151341824;2.12433991095465;2.75680720075089;2.53375234479293;2.76673291161913;3.37905056163788;3.97858642299128;3.36761859499357;3.53975702854426;3.91202946372234;5.45967305323282;2.38080044094893;2.38496754694837;2.36312148816913;2.12896031990924;2.86889033290433;2.22453451561005;2.09080788958823;2.03467826156653
60;12750000;179991;3657142;12000000;12000000;800002;0;0;1;0;0;1;1;47;0;25;5.36991781520157;4.39253015068777;4.28588020256065;3.626474743356;3.69741969909386;4.03929773138387;3.82890753568842;3.87962946468104;3.79853621269151;3.1322696687897;2.58593933232526;3.58493271188774;3.65341842743192;5.29577933222649;4.0084586492562;4.22171297963188;4.53834412237969;2.77800192451502;3.07948047043016;2.94233011372017;3.10234489670439;4.35467318283299;3.50907770710191;2.89255999876967;3.23049615114934;3.37691315818969;2.29963817688237;2.20505496578415;3.92188812750499;1;4.3431839666906;4.56975817077864;4.33202797708344;4.62866151341824;3.78516282478141;4.58912371182732;4.4868514378954;3.74795496312159;3.37905056163788;5.80805383506392;3.36761859499357;3.53975702854426;5.25878591486575;3.92476742236085;2.38080044094893;2.38496754694837;3.32671046779238;1;4.04820219607644;3.33856936219102;2.09080788958823;2.03467826156653
61;12000000;320000;526000;12700000;12700000;1600000;0;0;1;0;0;1;1;47;4;15;4.2542925832878;2.54320250946164;3.33136848638446;2.52124561291124;2.94461110793176;3.18003084730744;2.95864693240493;3.07091638978975;3.02302234443974;2.1901362459633;2.58593933232526;3.58493271188774;3.65341842743192;4.11256210180924;2.43247411919635;3.39423935463136;2.53115219901003;1;1;1;1;1;1;1;1;1;2.29963817688237;2.20505496578415;2.18360252716324;1;3.51548805217588;3.67009832199333;4.33202797708344;4.62866151341824;2.8786203527613;3.69916605436049;3.52970480242446;2.76673291161913;2.25494251102376;1.96722096956597;2.2414941394042;3.53975702854426;1;3.92476742236085;2.38080044094893;2.38496754694837;2.36312148816913;3.78621845510159;1.99998511662762;2.22453451561005;2.09080788958823;2.03467826156653
62;8542856;194897.4;171782;972431.46;382359.46;114699.1672;0;1;0;1;0;1;1;53;3;26;1;1;1;2.52124561291124;3.69741969909386;2.30413729102943;2.95864693240493;3.87962946468104;3.79853621269151;1;3.46282790718806;2.3523464334854;1;2.41355624326404;2.43247411919635;4.22171297963188;4.53834412237969;2.77800192451502;4.00874465837667;2.94233011372017;3.10234489670439;3.31290682887049;3.50907770710191;3.53153025530216;3.66615203712211;4.55970583625675;3.85216486801159;4.0015310262084;1;1;3.51548805217588;2.5628832159573;2.47541720935374;2.36706545328246;5.03556838940938;2.75680720075089;2.53375234479293;4.69216891683647;2.25494251102376;3.97858642299128;1;3.53975702854426;5.25878591486575;2.93663138247969;2.38080044094893;3.51101002477435;3.32671046779238;3.78621845510159;4.04820219607644;5.39937960045806;2.95244891980085;4.53956482455783
63;31200000;259989.6;692308;11538460;11538460;800009.6;0;0;0;1;0;1;1;45;3;19;4.2542925832878;4.39253015068777;3.33136848638446;3.626474743356;3.69741969909386;3.18003084730744;3.82890753568842;3.87962946468104;3.79853621269151;3.1322696687897;3.46282790718806;3.58493271188774;3.65341842743192;4.11256210180924;4.0084586492562;3.39423935463136;3.60952280611687;3.9443867724375;1;1;2.18716124235017;2.72067088037479;1;1;1;1;2.29963817688237;1;1;1;4.3431839666906;2.5628832159573;3.46320170746022;3.51973720280498;3.78516282478141;4.58912371182732;4.4868514378954;3.74795496312159;1;2.83209444307479;3.36761859499357;3.53975702854426;3.91202946372234;5.45967305323282;2.38080044094893;1;3.32671046779238;1;2.86889033290433;2.22453451561005;2.09080788958823;2.03467826156653
64;54750000;390000;640000;8760000;8760000;800000;0;0;1;0;0;1;0;72;1;40;3.29930058871261;2.54320250946164;2.30953238350105;2.52124561291124;3.69741969909386;2.30413729102943;1;3.07091638978975;2.28323413237892;2.1901362459633;2.58593933232526;3.58493271188774;3.65341842743192;4.11256210180924;2.43247411919635;2.44594206680838;2.53115219901003;1;1;1;1;2.08858216452189;1;1;1;2.63965719851903;2.29963817688237;1;1;1;3.51548805217588;4.56975817077864;4.33202797708344;3.51973720280498;2.8786203527613;4.58912371182732;3.52970480242446;2.76673291161913;2.25494251102376;1.96722096956597;3.36761859499357;3.53975702854426;2.84800066015709;3.92476742236085;2.38080044094893;2.38496754694837;2.36312148816913;1;1.99998511662762;1;1;1
65;44273550;184512;186351;3001768;4434430;912608;0;1;0;0;1;1;1;65;5;30;2.28225546322899;4.39253015068777;2.30953238350105;4.61035400503481;4.93597898202048;5.30031668088684;2.95864693240493;3.07091638978975;3.79853621269151;4.14495141540325;4.24608497988177;3.58493271188774;2.43959482877361;2.41355624326404;2.43247411919635;4.22171297963188;2.53115219901003;2.77800192451502;4.00874465837667;2.94233011372017;4.05885410729385;2.72067088037479;4.42365405002657;2.89255999876967;3.66615203712211;4.55970583625675;3.85216486801159;4.0015310262084;3.92188812750499;2.21240122373237;2.47972427536165;2.5628832159573;3.46320170746022;2.36706545328246;3.78516282478141;5.81649774114756;5.82884419770667;4.69216891683647;1;1.96722096956597;2.2414941394042;3.53975702854426;5.25878591486575;3.92476742236085;2.38080044094893;3.51101002477435;2.36312148816913;3.78621845510159;1.99998511662762;3.33856936219102;2.95244891980085;1
66;22214097;39564;197000;2246400;2203200;127323;0;1;0;0;1;1;1;42;5;20;2.28225546322899;3.55774066702523;4.28588020256065;4.61035400503481;3.69741969909386;4.03929773138387;2.95864693240493;3.87962946468104;5.12622218173134;4.14495141540325;4.24608497988177;2.3523464334854;2.43959482877361;4.11256210180924;4.0084586492562;2.44594206680838;2.53115219901003;3.9443867724375;4.00874465837667;3.85267436368364;4.05885410729385;4.35467318283299;3.50907770710191;3.53153025530216;4.46885109526007;3.37691315818969;3.85216486801159;4.0015310262084;2.98815893707634;2.21240122373237;2.47972427536165;2.5628832159573;2.47541720935374;2.36706545328246;3.78516282478141;5.81649774114756;4.4868514378954;5.99035811346121;1;2.83209444307479;2.2414941394042;2.20635182314303;1;2.33353972899358;2.38080044094893;4.43048894484358;2.36312148816913;2.94414672725435;1.99998511662762;5.39937960045806;3.85472420956226;2.78634843669992
67;11128752;121.8945;116273;1127400;1108610;93568;0;1;0;0;1;1;1;31;0;5;2.28225546322899;2.54320250946164;2.30953238350105;2.52124561291124;2.22968699326937;3.18003084730744;3.82890753568842;3.07091638978975;5.12622218173134;3.1322696687897;2.58593933232526;1;3.65341842743192;2.41355624326404;1;1;4.53834412237969;2.77800192451502;4.00874465837667;2.94233011372017;4.05885410729385;3.31290682887049;4.42365405002657;4.53295183984895;2.36735499135022;2.0216462429411;5.04187998317914;4.0015310262084;1;3.66964946192881;1;3.67009832199333;1;1;5.03556838940938;5.81649774114756;3.52970480242446;5.99035811346121;2.25494251102376;2.83209444307479;2.2414941394042;2.20635182314303;3.91202946372234;2.93663138247969;3.44299683380665;3.51101002477435;3.32671046779238;2.94414672725435;2.86889033290433;3.33856936219102;2.95244891980085;4.53956482455783
68;27208032;1814.8455;119.361;1283080;2518044.5;319411.5;0;1;0;1;0;1;1;48;5;27;1;3.55774066702523;4.28588020256065;3.626474743356;2.94461110793176;3.18003084730744;3.82890753568842;3.87962946468104;3.79853621269151;4.14495141540325;1;3.58493271188774;2.43959482877361;4.11256210180924;1;2.44594206680838;4.53834412237969;3.9443867724375;4.00874465837667;2.94233011372017;4.05885410729385;3.31290682887049;4.42365405002657;4.53295183984895;3.23049615114934;2.63965719851903;5.04187998317914;4.0015310262084;3.92188812750499;3.66964946192881;2.47972427536165;2.5628832159573;2.47541720935374;1;3.78516282478141;4.58912371182732;2.53375234479293;4.69216891683647;1;3.97858642299128;2.2414941394042;2.20635182314303;3.91202946372234;2.93663138247969;2.38080044094893;5.36248453476796;4.17504038364695;3.78621845510159;4.04820219607644;3.33856936219102;2.95244891980085;4.53956482455783
69;5296590;34.19775;202048;7063968;5279580.25;210232;0;1;0;0;1;1;1;55;4;37;3.29930058871261;3.55774066702523;4.28588020256065;3.626474743356;2.22968699326937;3.18003084730744;3.82890753568842;5.05491040235879;3.79853621269151;1;3.46282790718806;2.3523464334854;1;3.29561717629922;1;2.44594206680838;1;3.9443867724375;4.00874465837667;2.94233011372017;4.05885410729385;4.35467318283299;3.50907770710191;4.53295183984895;3.66615203712211;4.55970583625675;5.04187998317914;3.07992614689203;2.98815893707634;5.05491040235879;1;2.5628832159573;2.47541720935374;2.36706545328246;3.78516282478141;5.81649774114756;4.4868514378954;3.74795496312159;1;1.96722096956597;3.36761859499357;2.20635182314303;3.91202946372234;1;2.38080044094893;2.38496754694837;2.36312148816913;3.78621845510159;2.86889033290433;3.33856936219102;3.85472420956226;3.54177339366547
70;3660054;38.4712;201.228;984575.592;192525.192;34155.8;0;1;0;1;0;1;1;65;4;40;3.29930058871261;2.54320250946164;3.33136848638446;4.61035400503481;4.93597898202048;3.18003084730744;2.18594503766934;3.87962946468104;3.79853621269151;4.14495141540325;2.58593933232526;3.58493271188774;4.84488846861793;3.29561717629922;1;2.44594206680838;3.60952280611687;2.77800192451502;3.07948047043016;3.85267436368364;4.05885410729385;4.35467318283299;2.14572790578305;4.53295183984895;3.66615203712211;3.37691315818969;2.29963817688237;3.07992614689203;3.92188812750499;2.21240122373237;1;2.5628832159573;2.47541720935374;4.62866151341824;2.8786203527613;2.75680720075089;4.4868514378954;2.76673291161913;2.25494251102376;2.83209444307479;3.36761859499357;5.18027334322561;3.91202946372234;2.33353972899358;2.38080044094893;3.51101002477435;3.32671046779238;2.12896031990924;4.04820219607644;4.38661246607969;3.85472420956226;3.54177339366547
71;1601760;44.5094;117760;2195584;1200710;39156;0;1;0;1;0;1;1;53;3;31;2.28225546322899;4.39253015068777;2.30953238350105;4.61035400503481;1;4.03929773138387;3.82890753568842;3.87962946468104;3.79853621269151;3.1322696687897;4.24608497988177;3.58493271188774;2.43959482877361;4.11256210180924;1;1;2.53115219901003;3.9443867724375;4.00874465837667;3.85267436368364;3.10234489670439;3.31290682887049;2.91140592315142;4.53295183984895;3.66615203712211;4.55970583625675;5.04187998317914;2.20505496578415;3.92188812750499;3.66964946192881;4.3431839666906;3.67009832199333;1;2.36706545328246;3.78516282478141;4.58912371182732;4.4868514378954;4.69216891683647;1;1.96722096956597;2.2414941394042;2.20635182314303;5.25878591486575;2.93663138247969;2.38080044094893;3.51101002477435;3.32671046779238;2.94414672725435;2.86889033290433;5.39937960045806;3.85472420956226;2.03467826156653
72;6076980;111.83705;183335;1115520;697598.4;89337.95;0;1;0;1;0;1;1;70;5;52;3.29930058871261;3.55774066702523;2.30953238350105;4.61035400503481;2.94461110793176;1;2.95864693240493;3.87962946468104;2.28323413237892;3.1322696687897;4.24608497988177;2.3523464334854;2.43959482877361;4.11256210180924;4.0084586492562;4.22171297963188;2.53115219901003;3.9443867724375;4.00874465837667;2.94233011372017;4.05885410729385;3.31290682887049;3.50907770710191;3.53153025530216;3.66615203712211;4.55970583625675;5.04187998317914;3.07992614689203;3.92188812750499;2.21240122373237;2.47972427536165;1;2.47541720935374;2.36706545328246;2.12433991095465;5.81649774114756;3.52970480242446;2.76673291161913;1;2.83209444307479;2.2414941394042;3.53975702854426;2.84800066015709;2.33353972899358;3.44299683380665;1;3.32671046779238;2.12896031990924;5.96860119656301;3.33856936219102;3.85472420956226;3.54177339366547
73;33061814;196020;126938;7257600;9007200;160717.5;0;1;0;1;0;1;1;53;4;31;2.28225546322899;2.54320250946164;4.28588020256065;4.61035400503481;4.93597898202048;4.03929773138387;2.95864693240493;3.87962946468104;3.79853621269151;2.1901362459633;3.46282790718806;1;3.65341842743192;4.11256210180924;1;2.44594206680838;2.53115219901003;2.77800192451502;4.00874465837667;2.94233011372017;4.05885410729385;3.31290682887049;3.50907770710191;3.53153025530216;4.46885109526007;3.37691315818969;3.07464677227252;3.07992614689203;2.18360252716324;3.66964946192881;1;2.5628832159573;1;3.51973720280498;3.78516282478141;2.75680720075089;1;3.74795496312159;3.37905056163788;1.96722096956597;3.36761859499357;2.20635182314303;3.91202946372234;2.93663138247969;2.38080044094893;3.51101002477435;3.32671046779238;2.94414672725435;2.86889033290433;2.22453451561005;2.95244891980085;2.78634843669992
74;16500000;9540000;1140040;8162720;12406960;6300000;1;0;1;0;0;0;1;50;5;33;2.28225546322899;2.54320250946164;2.30953238350105;2.52124561291124;3.69741969909386;4.03929773138387;2.95864693240493;3.07091638978975;3.02302234443974;2.1901362459633;2.58593933232526;2.3523464334854;2.43959482877361;2.41355624326404;2.43247411919635;2.44594206680838;2.53115219901003;1.9698178204238;2.24720222864421;2.13161221186729;2.18716124235017;2.08858216452189;2.14572790578305;2.14988140028723;2.36735499135022;2.0216462429411;3.07464677227252;2.20505496578415;2.98815893707634;2.89397811126238;2.47972427536165;2.5628832159573;2.47541720935374;2.36706545328246;2.8786203527613;3.69916605436049;3.52970480242446;3.74795496312159;2.25494251102376;1.96722096956597;2.2414941394042;2.20635182314303;1.97578381159481;2.33353972899358;2.38080044094893;2.38496754694837;2.36312148816913;2.12896031990924;1.99998511662762;2.22453451561005;2.09080788958823;2.03467826156653
75;22500000;330000;696700;4200000;6280000;364000;0;1;0;1;0;1;0;46;4;20;4.2542925832878;4.39253015068777;4.28588020256065;4.61035400503481;3.69741969909386;4.03929773138387;3.82890753568842;3.87962946468104;3.79853621269151;4.14495141540325;4.24608497988177;2.3523464334854;3.65341842743192;5.29577933222649;2.43247411919635;2.44594206680838;2.53115219901003;3.9443867724375;4.00874465837667;3.85267436368364;4.05885410729385;4.35467318283299;4.42365405002657;4.53295183984895;4.46885109526007;4.55970583625675;5.04187998317914;4.0015310262084;3.92188812750499;3.66964946192881;2.47972427536165;2.5628832159573;2.47541720935374;2.36706545328246;5.03556838940938;5.81649774114756;2.53375234479293;5.99035811346121;2.25494251102376;1.96722096956597;2.2414941394042;2.20635182314303;5.25878591486575;2.33353972899358;3.44299683380665;3.51101002477435;3.32671046779238;2.94414672725435;4.04820219607644;4.38661246607969;3.85472420956226;3.54177339366547
76;10478368;62176.4;166555;2019264;1801804.8;171744;0;1;0;1;0;1;1;55;5;34;3.29930058871261;2.54320250946164;1;2.52124561291124;4.93597898202048;3.18003084730744;2.18594503766934;3.87962946468104;3.79853621269151;3.1322696687897;4.24608497988177;2.3523464334854;3.65341842743192;5.29577933222649;2.43247411919635;2.44594206680838;2.53115219901003;3.9443867724375;3.07948047043016;2.94233011372017;3.10234489670439;3.31290682887049;4.42365405002657;3.53153025530216;3.66615203712211;3.37691315818969;3.85216486801159;3.07992614689203;3.92188812750499;1;1;1;3.46320170746022;2.36706545328246;3.78516282478141;5.81649774114756;4.4868514378954;4.69216891683647;2.25494251102376;1;3.36761859499357;1;2.84800066015709;2.33353972899358;4.50997328650962;4.43048894484358;2.36312148816913;2.94414672725435;1.99998511662762;4.38661246607969;2.95244891980085;2.03467826156653
77;8400000;440000;386400;1950000;2910000;274000;0;1;0;1;0;1;1;50;3;40;3.29930058871261;3.55774066702523;3.33136848638446;3.626474743356;2.94461110793176;3.18003084730744;3.82890753568842;3.87962946468104;3.79853621269151;4.14495141540325;4.24608497988177;4.73145170458151;4.84488846861793;4.11256210180924;2.43247411919635;2.44594206680838;3.60952280611687;3.9443867724375;4.00874465837667;3.85267436368364;4.05885410729385;3.31290682887049;3.50907770710191;3.53153025530216;3.66615203712211;3.37691315818969;3.85216486801159;2.20505496578415;2.18360252716324;2.21240122373237;2.47972427536165;2.5628832159573;2.47541720935374;2.36706545328246;3.78516282478141;2.75680720075089;2.53375234479293;4.69216891683647;3.37905056163788;2.83209444307479;3.36761859499357;3.53975702854426;3.91202946372234;2.33353972899358;2.38080044094893;2.38496754694837;2.36312148816913;2.12896031990924;1.99998511662762;2.22453451561005;2.09080788958823;2.03467826156653
78;18516288;328961.25;1151590;2177214;2679648;587577.75;0;1;0;1;0;1;1;58;4;36;2.28225546322899;1;4.28588020256065;3.626474743356;2.94461110793176;4.03929773138387;3.82890753568842;3.87962946468104;3.02302234443974;4.14495141540325;5.52178731590242;4.73145170458151;2.43959482877361;4.11256210180924;2.43247411919635;2.44594206680838;3.60952280611687;3.9443867724375;4.00874465837667;2.94233011372017;4.05885410729385;3.31290682887049;4.42365405002657;4.53295183984895;3.66615203712211;2.0216462429411;3.07464677227252;4.0015310262084;3.92188812750499;3.66964946192881;2.47972427536165;4.56975817077864;2.47541720935374;1;2.8786203527613;4.58912371182732;2.53375234479293;3.74795496312159;1;2.83209444307479;2.2414941394042;3.53975702854426;3.91202946372234;3.92476742236085;3.44299683380665;3.51101002477435;3.32671046779238;3.78621845510159;1;3.33856936219102;2.95244891980085;4.53956482455783
79;7871843;58437.5;1556670;1950688;1889729;91207.111;0;1;0;1;0;1;1;39;4;17;2.28225546322899;3.55774066702523;4.28588020256065;3.626474743356;2.22968699326937;3.18003084730744;3.82890753568842;5.05491040235879;3.79853621269151;1;4.24608497988177;2.3523464334854;4.84488846861793;2.41355624326404;2.43247411919635;2.44594206680838;4.53834412237969;2.77800192451502;4.00874465837667;3.85267436368364;3.10234489670439;4.35467318283299;4.42365405002657;4.53295183984895;2.36735499135022;4.55970583625675;3.07464677227252;5.48154829600486;2.98815893707634;2.89397811126238;3.51548805217588;2.5628832159573;1;3.51973720280498;3.78516282478141;4.58912371182732;4.4868514378954;4.69216891683647;2.25494251102376;1;2.2414941394042;3.53975702854426;3.91202946372234;3.92476742236085;4.50997328650962;5.36248453476796;2.36312148816913;3.78621845510159;4.04820219607644;3.33856936219102;2.95244891980085;2.03467826156653
80;11250000;165000;266900;2100000;3140000;182000;0;1;0;1;0;1;1;56;4;40;4.2542925832878;4.39253015068777;4.28588020256065;4.61035400503481;3.69741969909386;4.03929773138387;3.82890753568842;3.87962946468104;3.79853621269151;4.14495141540325;4.24608497988177;2.3523464334854;3.65341842743192;5.29577933222649;2.43247411919635;2.44594206680838;2.53115219901003;3.9443867724375;4.00874465837667;3.85267436368364;4.05885410729385;4.35467318283299;4.42365405002657;4.53295183984895;4.46885109526007;4.55970583625675;5.04187998317914;4.0015310262084;3.92188812750499;3.66964946192881;2.47972427536165;2.5628832159573;2.47541720935374;2.36706545328246;5.03556838940938;5.81649774114756;2.53375234479293;5.99035811346121;2.25494251102376;1.96722096956597;2.2414941394042;2.20635182314303;5.25878591486575;2.33353972899358;3.44299683380665;3.51101002477435;3.32671046779238;2.94414672725435;4.04820219607644;4.38661246607969;3.85472420956226;3.54177339366547
81;55944396;325.5;2451780;1963440;2879712;320197;0;1;0;1;0;1;1;53;4;30;3.29930058871261;4.39253015068777;3.33136848638446;2.52124561291124;2.22968699326937;3.18003084730744;3.82890753568842;3.87962946468104;1;1;4.24608497988177;1;2.43959482877361;1;2.43247411919635;1;1;3.9443867724375;4.00874465837667;3.85267436368364;3.10234489670439;4.35467318283299;4.42365405002657;2.89255999876967;4.46885109526007;3.37691315818969;3.07464677227252;4.0015310262084;3.92188812750499;3.66964946192881;3.51548805217588;4.56975817077864;4.33202797708344;4.62866151341824;2.8786203527613;3.69916605436049;3.52970480242446;1;5.59821953684989;3.97858642299128;2.2414941394042;5.18027334322561;2.84800066015709;2.93663138247969;3.44299683380665;2.38496754694837;5.39937960045806;5.04187998317914;1.99998511662762;4.38661246607969;2.09080788958823;2.78634843669992
82;13101080;31.256;1570920;3902200;2907139;161586;0;1;0;1;0;1;1;49;4;26;3.29930058871261;3.55774066702523;4.28588020256065;2.52124561291124;2.22968699326937;4.03929773138387;3.82890753568842;3.87962946468104;5.12622218173134;4.14495141540325;3.46282790718806;1;4.84488846861793;2.41355624326404;1;2.44594206680838;2.53115219901003;3.9443867724375;4.00874465837667;3.85267436368364;4.05885410729385;2.72067088037479;3.50907770710191;3.53153025530216;3.66615203712211;3.37691315818969;3.85216486801159;3.07992614689203;1;3.66964946192881;2.47972427536165;4.56975817077864;2.47541720935374;2.36706545328246;5.03556838940938;5.81649774114756;2.53375234479293;4.69216891683647;2.25494251102376;1;3.36761859499357;1;1;3.92476742236085;2.38080044094893;5.36248453476796;4.17504038364695;3.78621845510159;2.86889033290433;3.33856936219102;2.09080788958823;4.53956482455783
83;7800000;748000;736400;7040000;15352000;1167900;0;1;0;0;1;1;1;60;2;26;2.28225546322899;2.54320250946164;2.30953238350105;2.52124561291124;3.69741969909386;4.03929773138387;2.18594503766934;2.23745981113385;3.79853621269151;2.1901362459633;2.58593933232526;2.3523464334854;2.43959482877361;2.41355624326404;2.43247411919635;2.44594206680838;2.53115219901003;3.9443867724375;4.00874465837667;3.85267436368364;4.05885410729385;3.31290682887049;3.50907770710191;3.53153025530216;3.66615203712211;3.37691315818969;5.04187998317914;4.0015310262084;3.92188812750499;3.66964946192881;1;1;1;1;5.03556838940938;5.81649774114756;2.53375234479293;3.74795496312159;1;1;1;1;3.91202946372234;5.45967305323282;4.50997328650962;5.36248453476796;5.39937960045806;5.04187998317914;5.96860119656301;5.39937960045806;5.09492005491141;4.53956482455783
84;6462666;43106;1684600;7064200;4931355;53657;0;1;0;1;0;1;1;51;4;30;2.28225546322899;2.54320250946164;4.28588020256065;1;3.69741969909386;4.03929773138387;2.95864693240493;3.07091638978975;3.79853621269151;4.14495141540325;4.24608497988177;1;2.43959482877361;1;2.43247411919635;2.44594206680838;2.53115219901003;3.9443867724375;3.07948047043016;3.85267436368364;4.05885410729385;2.72067088037479;3.50907770710191;3.53153025530216;3.23049615114934;4.55970583625675;3.85216486801159;4.0015310262084;3.92188812750499;3.66964946192881;1;1;2.47541720935374;3.51973720280498;3.78516282478141;4.58912371182732;4.4868514378954;4.69216891683647;1;2.83209444307479;3.36761859499357;1;2.84800066015709;2.33353972899358;3.44299683380665;3.51101002477435;4.17504038364695;2.12896031990924;4.04820219607644;4.38661246607969;5.09492005491141;3.54177339366547
85;31200000;1000000;1240000;8400000;8400000;2000000;0;0;1;0;0;1;1;61;2;41;4.2542925832878;4.39253015068777;3.33136848638446;3.626474743356;3.69741969909386;3.18003084730744;3.82890753568842;3.07091638978975;3.79853621269151;2.1901362459633;3.46282790718806;3.58493271188774;3.65341842743192;4.11256210180924;4.0084586492562;3.39423935463136;3.60952280611687;3.9443867724375;2.24720222864421;2.13161221186729;3.10234489670439;2.72067088037479;2.14572790578305;1;1;1;2.29963817688237;2.20505496578415;2.18360252716324;2.21240122373237;3.51548805217588;2.5628832159573;3.46320170746022;3.51973720280498;3.78516282478141;4.58912371182732;3.52970480242446;3.74795496312159;2.25494251102376;2.83209444307479;3.36761859499357;3.53975702854426;3.91202946372234;3.92476742236085;2.38080044094893;2.38496754694837;3.32671046779238;2.12896031990924;2.86889033290433;2.22453451561005;1;1
86;10068849;358634.25;112394;1853432;1373525.5;193431;0;1;0;1;0;1;1;48;4;25;4.2542925832878;4.39253015068777;2.30953238350105;2.52124561291124;2.94461110793176;2.30413729102943;2.18594503766934;5.05491040235879;3.79853621269151;2.1901362459633;4.24608497988177;4.73145170458151;2.43959482877361;2.41355624326404;2.43247411919635;4.22171297963188;4.53834412237969;2.77800192451502;4.00874465837667;2.94233011372017;4.05885410729385;4.35467318283299;4.42365405002657;4.53295183984895;4.46885109526007;3.37691315818969;3.85216486801159;2.20505496578415;3.92188812750499;3.66964946192881;1;1;2.47541720935374;1;3.78516282478141;4.58912371182732;2.53375234479293;5.99035811346121;1;2.83209444307479;1;2.20635182314303;5.25878591486575;2.93663138247969;4.50997328650962;2.38496754694837;3.32671046779238;3.78621845510159;1.99998511662762;5.39937960045806;3.85472420956226;4.53956482455783
87;5654362;384912;120690;2621128;1819371.2;92622.4;0;1;0;1;0;1;1;53;3;31;3.29930058871261;4.39253015068777;4.28588020256065;3.626474743356;1;3.18003084730744;3.82890753568842;3.07091638978975;5.12622218173134;4.14495141540325;2.58593933232526;2.3523464334854;2.43959482877361;2.41355624326404;4.0084586492562;4.22171297963188;3.60952280611687;3.9443867724375;4.00874465837667;2.94233011372017;3.10234489670439;3.31290682887049;4.42365405002657;4.53295183984895;4.46885109526007;3.37691315818969;5.04187998317914;4.0015310262084;3.92188812750499;2.21240122373237;3.51548805217588;1;2.47541720935374;1;3.78516282478141;5.81649774114756;5.82884419770667;3.74795496312159;3.37905056163788;1;1;2.20635182314303;2.84800066015709;2.33353972899358;3.44299683380665;3.51101002477435;2.36312148816913;5.04187998317914;4.04820219607644;3.33856936219102;2.95244891980085;2.78634843669992
88;7718568;124876.5;121857;2311530;1714384.75;49435.25;0;1;0;1;0;1;1;58;4;28;2.28225546322899;3.55774066702523;2.30953238350105;3.626474743356;3.69741969909386;4.03929773138387;3.82890753568842;3.87962946468104;3.02302234443974;3.1322696687897;4.24608497988177;1;2.43959482877361;3.29561717629922;2.43247411919635;2.44594206680838;1;2.77800192451502;3.07948047043016;3.85267436368364;3.10234489670439;4.35467318283299;3.50907770710191;3.53153025530216;4.46885109526007;3.37691315818969;3.07464677227252;4.0015310262084;5.54825349854634;3.66964946192881;1;2.5628832159573;2.47541720935374;2.36706545328246;5.03556838940938;4.58912371182732;1;4.69216891683647;2.25494251102376;1.96722096956597;3.36761859499357;3.53975702854426;3.91202946372234;2.33353972899358;2.38080044094893;3.51101002477435;5.39937960045806;2.94414672725435;2.86889033290433;3.33856936219102;3.85472420956226;3.54177339366547
89;4565568;8709;193682;1731128;1032494.2;64260.8;0;1;0;1;0;1;1;58;4;26;1;2.54320250946164;4.28588020256065;4.61035400503481;4.93597898202048;3.18003084730744;3.82890753568842;3.87962946468104;3.79853621269151;4.14495141540325;3.46282790718806;3.58493271188774;1;4.11256210180924;1;2.44594206680838;2.53115219901003;3.9443867724375;4.00874465837667;2.94233011372017;3.10234489670439;3.31290682887049;4.42365405002657;3.53153025530216;4.46885109526007;2.63965719851903;3.85216486801159;1;3.92188812750499;2.21240122373237;3.51548805217588;2.5628832159573;3.46320170746022;2.36706545328246;3.78516282478141;4.58912371182732;4.4868514378954;4.69216891683647;1;2.83209444307479;1;1;3.91202946372234;2.93663138247969;3.44299683380665;3.51101002477435;4.17504038364695;2.94414672725435;4.04820219607644;2.22453451561005;2.95244891980085;4.53956482455783
90;11010824;171621;147606;3539272;4363761.5;3996003.75;1;0;1;0;0;1;0;55;6;31;2.28225546322899;3.55774066702523;4.28588020256065;4.61035400503481;2.22968699326937;4.03929773138387;1;3.87962946468104;2.28323413237892;3.1322696687897;4.24608497988177;2.3523464334854;1;2.41355624326404;3.28560161854869;2.44594206680838;2.53115219901003;5.90866447925431;3.07948047043016;1;1;3.31290682887049;1;2.14988140028723;3.23049615114934;2.0216462429411;3.85216486801159;1;3.92188812750499;3.66964946192881;2.47972427536165;1;2.47541720935374;2.36706545328246;1;4.58912371182732;2.53375234479293;3.74795496312159;3.37905056163788;2.83209444307479;3.36761859499357;1;2.84800066015709;3.92476742236085;2.38080044094893;4.43048894484358;1;1;4.04820219607644;2.22453451561005;2.95244891980085;2.03467826156653
91;97228776;1035336;269836;3938978;9400433;711034;0;1;1;0;0;1;0;49;2;43;3.29930058871261;4.39253015068777;5.39937960045806;3.626474743356;3.69741969909386;2.30413729102943;3.82890753568842;3.07091638978975;3.79853621269151;4.14495141540325;4.24608497988177;2.3523464334854;3.65341842743192;1;3.28560161854869;2.44594206680838;1;3.9443867724375;3.07948047043016;3.85267436368364;3.10234489670439;4.35467318283299;4.42365405002657;4.53295183984895;4.46885109526007;3.37691315818969;5.04187998317914;4.0015310262084;3.92188812750499;3.66964946192881;3.51548805217588;1;1;3.51973720280498;5.03556838940938;1;5.82884419770667;5.99035811346121;3.37905056163788;1;1;2.20635182314303;1;2.33353972899358;3.44299683380665;2.38496754694837;3.32671046779238;2.12896031990924;4.04820219607644;3.33856936219102;2.95244891980085;3.54177339366547
92;88272765;3875472;135642;4355568;10733364;4132764;1;0;1;0;0;1;0;63;2;43;5.36991781520157;4.39253015068777;3.33136848638446;1;3.69741969909386;3.18003084730744;3.82890753568842;3.87962946468104;5.12622218173134;3.1322696687897;2.58593933232526;2.3523464334854;4.84488846861793;2.41355624326404;2.43247411919635;2.44594206680838;2.53115219901003;3.9443867724375;4.00874465837667;1;1;3.31290682887049;3.50907770710191;3.53153025530216;3.66615203712211;2.0216462429411;3.85216486801159;4.0015310262084;3.92188812750499;2.89397811126238;3.51548805217588;3.67009832199333;2.47541720935374;2.36706545328246;2.12433991095465;2.75680720075089;3.52970480242446;4.69216891683647;1;1;1;3.53975702854426;1.97578381159481;2.33353972899358;4.50997328650962;1;3.32671046779238;1;4.04820219607644;4.38661246607969;2.95244891980085;2.03467826156653
93;29554068;304240.8;241486;7498996;6952508.24;1221515.52;1;0;0;0;0;1;0;71;3;50;2.28225546322899;1;4.28588020256065;2.52124561291124;1;4.03929773138387;2.18594503766934;2.23745981113385;1;4.14495141540325;4.24608497988177;2.3523464334854;2.43959482877361;2.41355624326404;2.43247411919635;2.44594206680838;1;3.9443867724375;2.24720222864421;3.85267436368364;4.05885410729385;3.31290682887049;2.14572790578305;3.53153025530216;3.23049615114934;4.55970583625675;5.04187998317914;4.0015310262084;2.98815893707634;5.05491040235879;1;2.5628832159573;2.47541720935374;3.51973720280498;2.8786203527613;3.69916605436049;1;3.74795496312159;3.37905056163788;3.97858642299128;2.2414941394042;3.53975702854426;2.84800066015709;2.33353972899358;4.50997328650962;2.38496754694837;3.32671046779238;3.78621845510159;4.04820219607644;2.22453451561005;2.09080788958823;2.78634843669992
94;42412288;1250740;283225;6754500;9764325;1042167;1;0;0;1;0;1;0;39;4;20;4.2542925832878;4.39253015068777;4.28588020256065;4.61035400503481;2.22968699326937;4.03929773138387;3.82890753568842;5.05491040235879;1;3.1322696687897;4.24608497988177;2.3523464334854;2.43959482877361;2.41355624326404;1;1;2.53115219901003;1.9698178204238;4.00874465837667;2.94233011372017;4.05885410729385;3.31290682887049;2.91140592315142;1;3.66615203712211;1;3.07464677227252;4.0015310262084;3.92188812750499;3.66964946192881;2.47972427536165;2.5628832159573;1;3.51973720280498;2.8786203527613;4.58912371182732;2.53375234479293;4.69216891683647;2.25494251102376;2.83209444307479;2.2414941394042;2.20635182314303;1.97578381159481;3.92476742236085;4.50997328650962;4.43048894484358;3.32671046779238;2.12896031990924;4.04820219607644;3.33856936219102;2.09080788958823;3.54177339366547
95;21253500;199384.5;308026;3283200;3240000;574306;1;0;0;1;0;1;1;27;3;5;4.2542925832878;2.54320250946164;3.33136848638446;2.52124561291124;2.22968699326937;2.30413729102943;2.95864693240493;3.87962946468104;3.79853621269151;2.1901362459633;3.46282790718806;2.3523464334854;2.43959482877361;3.29561717629922;1;1;2.53115219901003;1;4.00874465837667;2.13161221186729;2.18716124235017;3.31290682887049;3.50907770710191;4.53295183984895;3.23049615114934;3.37691315818969;5.04187998317914;3.07992614689203;3.92188812750499;2.89397811126238;2.47972427536165;3.67009832199333;1;1;2.8786203527613;3.69916605436049;3.52970480242446;4.69216891683647;3.37905056163788;2.83209444307479;3.36761859499357;3.53975702854426;1.97578381159481;3.92476742236085;4.50997328650962;4.43048894484358;3.32671046779238;2.12896031990924;2.86889033290433;4.38661246607969;2.09080788958823;2.78634843669992
96;16597912;140265.3;277430;4851805;3304724.4;3821636.4;1;0;0;1;0;1;1;46;4;20;4.2542925832878;2.54320250946164;2.30953238350105;4.61035400503481;4.93597898202048;3.18003084730744;3.82890753568842;1;3.02302234443974;2.1901362459633;4.24608497988177;2.3523464334854;4.84488846861793;4.11256210180924;2.43247411919635;1;2.53115219901003;3.9443867724375;4.00874465837667;2.13161221186729;4.05885410729385;3.31290682887049;4.42365405002657;2.89255999876967;2.36735499135022;3.37691315818969;3.07464677227252;4.0015310262084;3.92188812750499;2.21240122373237;3.51548805217588;2.5628832159573;3.46320170746022;4.62866151341824;2.8786203527613;3.69916605436049;3.52970480242446;2.76673291161913;4.45417645067644;1.96722096956597;3.36761859499357;2.20635182314303;2.84800066015709;2.33353972899358;2.38080044094893;2.38496754694837;2.36312148816913;1;4.04820219607644;4.38661246607969;2.09080788958823;2.03467826156653
97;16595412;186482.4;278190;5811295.5;3933243.9;735565.5;1;0;0;1;0;1;1;55;4;20;5.36991781520157;4.39253015068777;2.30953238350105;3.626474743356;3.69741969909386;1;3.82890753568842;2.23745981113385;3.02302234443974;3.1322696687897;4.24608497988177;2.3523464334854;2.43959482877361;2.41355624326404;2.43247411919635;1;1;3.9443867724375;3.07948047043016;3.85267436368364;4.05885410729385;3.31290682887049;2.14572790578305;4.53295183984895;3.66615203712211;2.0216462429411;5.04187998317914;3.07992614689203;3.92188812750499;2.89397811126238;1;3.67009832199333;2.47541720935374;2.36706545328246;2.12433991095465;4.58912371182732;3.52970480242446;3.74795496312159;3.37905056163788;3.97858642299128;3.36761859499357;3.53975702854426;2.84800066015709;3.92476742236085;1;3.51101002477435;2.36312148816913;2.12896031990924;4.04820219607644;4.38661246607969;2.09080788958823;2.78634843669992
98;11816000;106191;111260;3063940;3029122.5;326327.5;0;1;0;1;0;1;1;42;5;12;3.29930058871261;3.55774066702523;5.39937960045806;2.52124561291124;2.94461110793176;3.18003084730744;3.82890753568842;3.87962946468104;3.79853621269151;1;5.52178731590242;2.3523464334854;2.43959482877361;4.11256210180924;2.43247411919635;1;3.60952280611687;3.9443867724375;3.07948047043016;3.85267436368364;4.05885410729385;4.35467318283299;4.42365405002657;1;4.46885109526007;4.55970583625675;5.04187998317914;5.48154829600486;3.92188812750499;3.66964946192881;2.47972427536165;2.5628832159573;3.46320170746022;2.36706545328246;5.03556838940938;3.69916605436049;2.53375234479293;5.99035811346121;1;3.97858642299128;3.36761859499357;1;5.25878591486575;2.33353972899358;2.38080044094893;2.38496754694837;3.32671046779238;5.04187998317914;4.04820219607644;1;1;1
99;138108950;280500;114453;2668474;6390293;1282774;0;1;0;1;0;1;1;51;3;36;2.28225546322899;4.39253015068777;1;4.61035400503481;2.22968699326937;5.30031668088684;3.82890753568842;3.07091638978975;2.28323413237892;4.14495141540325;4.24608497988177;2.3523464334854;2.43959482877361;2.41355624326404;4.0084586492562;1;2.53115219901003;3.9443867724375;4.00874465837667;2.94233011372017;4.05885410729385;3.31290682887049;4.42365405002657;4.53295183984895;1;4.55970583625675;3.07464677227252;4.0015310262084;3.92188812750499;2.21240122373237;2.47972427536165;2.5628832159573;2.47541720935374;1;3.78516282478141;5.81649774114756;3.52970480242446;3.74795496312159;2.25494251102376;2.83209444307479;1;3.53975702854426;2.84800066015709;1;2.38080044094893;5.36248453476796;4.17504038364695;2.12896031990924;4.04820219607644;3.33856936219102;3.85472420956226;2.78634843669992
102;10080000;11000;114790;1680000;952000;8225;0;1;0;1;0;1;1;54;4;34;4.2542925832878;3.55774066702523;4.28588020256065;3.626474743356;3.69741969909386;4.03929773138387;3.82890753568842;3.87962946468104;3.79853621269151;2.1901362459633;2.58593933232526;2.3523464334854;2.43959482877361;2.41355624326404;2.43247411919635;2.44594206680838;2.53115219901003;3.9443867724375;4.00874465837667;3.85267436368364;4.05885410729385;4.35467318283299;4.42365405002657;4.53295183984895;4.46885109526007;4.55970583625675;5.04187998317914;5.48154829600486;5.54825349854634;5.05491040235879;3.51548805217588;3.67009832199333;3.46320170746022;3.51973720280498;3.78516282478141;4.58912371182732;4.4868514378954;4.69216891683647;3.37905056163788;2.83209444307479;3.36761859499357;3.53975702854426;2.84800066015709;3.92476742236085;3.44299683380665;3.51101002477435;4.17504038364695;3.78621845510159;2.86889033290433;3.33856936219102;2.95244891980085;2.78634843669992
103;16800000;280044.8;321428;9285709;9285709;1519987.84;0;0;1;0;0;1;0;78;2;45;3.29930058871261;3.55774066702523;3.33136848638446;3.626474743356;2.22968699326937;2.30413729102943;2.18594503766934;2.23745981113385;2.28323413237892;3.1322696687897;3.46282790718806;3.58493271188774;3.65341842743192;3.29561717629922;2.43247411919635;2.44594206680838;3.60952280611687;2.77800192451502;1;1;1;2.72067088037479;1;1;1;1;3.07464677227252;2.20505496578415;2.18360252716324;2.21240122373237;3.51548805217588;2.5628832159573;3.46320170746022;3.51973720280498;3.78516282478141;4.58912371182732;3.52970480242446;3.74795496312159;3.37905056163788;2.83209444307479;3.36761859499357;3.53975702854426;2.84800066015709;3.92476742236085;2.38080044094893;2.38496754694837;2.36312148816913;2.12896031990924;1.99998511662762;2.22453451561005;2.09080788958823;2.03467826156653
104;26250000;559972;1685142;12171418;12171418;799988;0;0;1;0;0;1;1;80;1;57;4.2542925832878;3.55774066702523;3.33136848638446;2.52124561291124;3.69741969909386;3.18003084730744;2.95864693240493;3.87962946468104;5.12622218173134;3.1322696687897;3.46282790718806;4.73145170458151;3.65341842743192;4.11256210180924;4.0084586492562;3.39423935463136;4.53834412237969;1.9698178204238;2.24720222864421;2.94233011372017;3.10234489670439;2.72067088037479;3.50907770710191;2.89255999876967;3.66615203712211;3.37691315818969;2.29963817688237;2.20505496578415;2.98815893707634;2.89397811126238;4.3431839666906;4.56975817077864;4.33202797708344;4.62866151341824;5.03556838940938;4.58912371182732;4.4868514378954;4.69216891683647;3.37905056163788;3.97858642299128;4.50561788521829;3.53975702854426;5.25878591486575;5.45967305323282;2.38080044094893;2.38496754694837;2.36312148816913;2.12896031990924;1.99998511662762;2.22453451561005;2.95244891980085;1
105;27360000;559972;1657142;12171428;12171428;799988;0;0;1;0;0;1;1;65;1;40;3.29930058871261;3.55774066702523;3.33136848638446;3.626474743356;2.22968699326937;2.30413729102943;2.18594503766934;2.23745981113385;2.28323413237892;3.1322696687897;3.46282790718806;3.58493271188774;3.65341842743192;3.29561717629922;2.43247411919635;3.39423935463136;3.60952280611687;1.9698178204238;2.24720222864421;2.13161221186729;2.18716124235017;2.08858216452189;2.14572790578305;2.14988140028723;2.36735499135022;2.0216462429411;2.29963817688237;2.20505496578415;2.18360252716324;2.21240122373237;2.47972427536165;3.67009832199333;3.46320170746022;2.36706545328246;2.8786203527613;2.75680720075089;3.52970480242446;3.74795496312159;2.25494251102376;1.96722096956597;2.2414941394042;3.53975702854426;2.84800066015709;3.92476742236085;2.38080044094893;2.38496754694837;2.36312148816913;2.12896031990924;1.99998511662762;2.22453451561005;2.09080788958823;2.03467826156653
106;11520000;279986;80000;9371428;9371428;800002;0;0;1;0;0;0;1;66;1;40;3.29930058871261;2.54320250946164;3.33136848638446;2.52124561291124;2.22968699326937;2.30413729102943;2.18594503766934;2.23745981113385;2.28323413237892;3.1322696687897;3.46282790718806;3.58493271188774;3.65341842743192;3.29561717629922;2.43247411919635;2.44594206680838;3.60952280611687;1.9698178204238;2.24720222864421;2.13161221186729;2.18716124235017;2.08858216452189;2.14572790578305;2.14988140028723;2.36735499135022;2.0216462429411;2.29963817688237;2.20505496578415;2.18360252716324;2.21240122373237;2.47972427536165;1;2.47541720935374;1;2.12433991095465;2.75680720075089;3.52970480242446;3.74795496312159;2.25494251102376;2.83209444307479;3.36761859499357;3.53975702854426;1.97578381159481;5.45967305323282;2.38080044094893;2.38496754694837;2.36312148816913;2.12896031990924;1;1;1;1
107;9660000;129993.5;2057142;4228570;4228570;800002;0;0;0;1;0;1;1;32;2;10;3.29930058871261;2.54320250946164;3.33136848638446;3.626474743356;2.22968699326937;2.30413729102943;2.18594503766934;2.23745981113385;2.28323413237892;3.1322696687897;3.46282790718806;3.58493271188774;3.65341842743192;3.29561717629922;2.43247411919635;3.39423935463136;3.60952280611687;3.9443867724375;2.24720222864421;2.13161221186729;2.18716124235017;1;1;1;1;1;2.29963817688237;2.20505496578415;1;1;2.47972427536165;2.5628832159573;2.47541720935374;2.36706545328246;2.8786203527613;3.69916605436049;3.52970480242446;3.74795496312159;2.25494251102376;1.96722096956597;3.36761859499357;2.20635182314303;1.97578381159481;3.92476742236085;2.38080044094893;2.38496754694837;2.36312148816913;2.12896031990924;1.99998511662762;1;2.09080788958823;2.03467826156653
108;136000000;1149540;5266666;4000000;4000000;799920;0;1;1;0;0;1;0;60;4;20;3.29930058871261;3.55774066702523;2.30953238350105;3.626474743356;2.22968699326937;2.30413729102943;2.18594503766934;2.23745981113385;2.28323413237892;2.1901362459633;2.58593933232526;2.3523464334854;2.43959482877361;3.29561717629922;2.43247411919635;2.44594206680838;3.60952280611687;1.9698178204238;2.24720222864421;1;2.18716124235017;2.08858216452189;2.14572790578305;2.14988140028723;2.36735499135022;2.0216462429411;2.29963817688237;3.07992614689203;2.18360252716324;2.89397811126238;2.47972427536165;2.5628832159573;2.47541720935374;2.36706545328246;2.12433991095465;2.75680720075089;3.52970480242446;3.74795496312159;3.37905056163788;2.83209444307479;3.36761859499357;3.53975702854426;2.84800066015709;3.92476742236085;2.38080044094893;2.38496754694837;2.36312148816913;2.12896031990924;1.99998511662762;2.22453451561005;2.09080788958823;2.03467826156653
109;10050000;720000;336400;4800000;6176000;729600;0;1;0;1;0;1;1;59;3;26;3.29930058871261;2.54320250946164;2.30953238350105;2.52124561291124;2.94461110793176;3.18003084730744;2.95864693240493;3.07091638978975;3.02302234443974;4.14495141540325;4.24608497988177;2.3523464334854;3.65341842743192;2.41355624326404;2.43247411919635;2.44594206680838;2.53115219901003;3.9443867724375;4.00874465837667;3.85267436368364;4.05885410729385;4.35467318283299;4.42365405002657;4.53295183984895;2.36735499135022;4.55970583625675;3.85216486801159;4.0015310262084;3.92188812750499;3.66964946192881;3.51548805217588;3.67009832199333;3.46320170746022;3.51973720280498;3.78516282478141;4.58912371182732;3.52970480242446;4.69216891683647;2.25494251102376;2.83209444307479;3.36761859499357;3.53975702854426;5.25878591486575;2.93663138247969;3.44299683380665;3.51101002477435;3.32671046779238;2.94414672725435;2.86889033290433;3.33856936219102;2.95244891980085;2.78634843669992
110;18000000;75000;736900;3335000;3295000;2207000;0;1;0;0;1;1;1;45;3;25;2.28225546322899;2.54320250946164;2.30953238350105;2.52124561291124;4.93597898202048;5.30031668088684;5.21716840891571;5.05491040235879;5.12622218173134;1;5.52178731590242;1;2.43959482877361;4.11256210180924;4.0084586492562;4.22171297963188;4.53834412237969;3.9443867724375;4.00874465837667;3.85267436368364;4.05885410729385;4.35467318283299;4.42365405002657;2.14988140028723;1;2.63965719851903;5.04187998317914;3.07992614689203;2.98815893707634;2.89397811126238;2.47972427536165;2.5628832159573;2.47541720935374;2.36706545328246;5.03556838940938;5.81649774114756;5.82884419770667;5.99035811346121;1;1;1;1;1;2.93663138247969;3.44299683380665;3.51101002477435;3.32671046779238;2.94414672725435;4.04820219607644;3.33856936219102;2.95244891980085;2.78634843669992
111;11200000;129993.5;2057142;9144229.428;9144229.428;800002;0;0;1;0;0;1;1;55;2;30;3.29930058871261;3.55774066702523;3.33136848638446;3.626474743356;2.22968699326937;2.30413729102943;2.95864693240493;2.23745981113385;2.28323413237892;3.1322696687897;3.46282790718806;3.58493271188774;3.65341842743192;3.29561717629922;3.28560161854869;2.44594206680838;2.53115219901003;1.9698178204238;2.24720222864421;1;1;1;1;1;1;1;1;1;2.18360252716324;2.21240122373237;2.47972427536165;2.5628832159573;2.47541720935374;2.36706545328246;2.12433991095465;2.75680720075089;3.52970480242446;3.74795496312159;2.25494251102376;2.83209444307479;3.36761859499357;3.53975702854426;1.97578381159481;3.92476742236085;1;1;1;1;1.99998511662762;2.22453451561005;2.09080788958823;2.03467826156653
112;4200000;139994.4;6833334;7868000;7868000;1040001.6;0;0;0;1;0;0;1;43;4;20;4.2542925832878;3.55774066702523;3.33136848638446;2.52124561291124;2.22968699326937;3.18003084730744;2.18594503766934;2.23745981113385;2.28323413237892;3.1322696687897;3.46282790718806;3.58493271188774;3.65341842743192;3.29561717629922;3.28560161854869;3.39423935463136;3.60952280611687;1.9698178204238;2.24720222864421;2.13161221186729;2.18716124235017;1;1;1;1;1;2.29963817688237;2.20505496578415;1;1;2.47972427536165;2.5628832159573;3.46320170746022;3.51973720280498;2.8786203527613;3.69916605436049;3.52970480242446;3.74795496312159;2.25494251102376;3.97858642299128;2.2414941394042;3.53975702854426;1.97578381159481;3.92476742236085;2.38080044094893;2.38496754694837;3.32671046779238;2.12896031990924;1.99998511662762;2.22453451561005;2.09080788958823;2.03467826156653
115;4900000;140002.8;5711286;14428570;14428570;600000.8;0;0;1;0;0;0;0;70;1;50;4.2542925832878;2.54320250946164;3.33136848638446;2.52124561291124;2.22968699326937;3.18003084730744;2.95864693240493;2.23745981113385;2.28323413237892;3.1322696687897;2.58593933232526;3.58493271188774;3.65341842743192;3.29561717629922;3.28560161854869;3.39423935463136;3.60952280611687;1;1;1;1;1;1;1;1;1;1;1;2.18360252716324;2.21240122373237;3.51548805217588;3.67009832199333;3.46320170746022;3.51973720280498;2.8786203527613;3.69916605436049;2.53375234479293;2.76673291161913;2.25494251102376;1.96722096956597;2.2414941394042;2.20635182314303;1.97578381159481;5.45967305323282;2.38080044094893;2.38496754694837;3.32671046779238;1;1.99998511662762;2.22453451561005;2.09080788958823;2.03467826156653
117;14240000;280000;2437500;12625000;12625000;800000;0;0;1;0;0;1;1;36;4;10;3.29930058871261;3.55774066702523;3.33136848638446;1;1;2.30413729102943;1;1;2.28323413237892;2.1901362459633;2.58593933232526;3.58493271188774;3.65341842743192;3.29561717629922;2.43247411919635;2.44594206680838;2.53115219901003;1.9698178204238;2.24720222864421;1;1;1;1;1;1;1;3.85216486801159;1;3.92188812750499;2.21240122373237;2.47972427536165;2.5628832159573;2.47541720935374;3.51973720280498;2.8786203527613;3.69916605436049;3.52970480242446;3.74795496312159;2.25494251102376;1.96722096956597;3.36761859499357;3.53975702854426;1;5.45967305323282;1;2.38496754694837;2.36312148816913;1;1.99998511662762;1;1;1
118;105000000;1200000;920000;4000000;4000000;2720000;0;1;1;0;0;1;0;44;3;12;4.2542925832878;4.39253015068777;4.28588020256065;4.61035400503481;4.93597898202048;4.03929773138387;3.82890753568842;3.87962946468104;3.79853621269151;3.1322696687897;4.24608497988177;3.58493271188774;3.65341842743192;4.11256210180924;4.0084586492562;4.22171297963188;4.53834412237969;3.9443867724375;4.00874465837667;3.85267436368364;4.05885410729385;4.35467318283299;2.91140592315142;3.53153025530216;3.23049615114934;3.37691315818969;3.85216486801159;3.07992614689203;2.98815893707634;3.66964946192881;4.3431839666906;4.56975817077864;4.33202797708344;3.51973720280498;5.03556838940938;4.58912371182732;4.4868514378954;4.69216891683647;4.45417645067644;3.97858642299128;4.50561788521829;5.18027334322561;3.91202946372234;5.45967305323282;4.50997328650962;3.51101002477435;4.17504038364695;3.78621845510159;4.04820219607644;3.33856936219102;3.85472420956226;3.54177339366547
119;11150000;279986;514286;13371428;13371428;800002;0;0;1;0;0;1;1;70;2;50;2.28225546322899;3.55774066702523;2.30953238350105;2.52124561291124;1;1;1;1;1;1;1;3.58493271188774;3.65341842743192;2.41355624326404;2.43247411919635;2.44594206680838;2.53115219901003;1.9698178204238;2.24720222864421;1;1;1;1;1;1;1;2.29963817688237;2.20505496578415;3.92188812750499;2.21240122373237;2.47972427536165;2.5628832159573;2.47541720935374;2.36706545328246;2.12433991095465;3.69916605436049;3.52970480242446;3.74795496312159;2.25494251102376;1.96722096956597;3.36761859499357;3.53975702854426;1.97578381159481;3.92476742236085;2.38080044094893;2.38496754694837;2.36312148816913;2.12896031990924;1.99998511662762;2.22453451561005;2.09080788958823;2.03467826156653
120;3500000;140000;600000;18000000;18000000;200000;0;0;1;0;0;0;1;70;1;50;2.28225546322899;1;1;1;2.22968699326937;1;1;1;1;2.1901362459633;2.58593933232526;3.58493271188774;3.65341842743192;2.41355624326404;1;1;1;1.9698178204238;2.24720222864421;1;1;1;1;1;1;1;2.29963817688237;1;5.54825349854634;2.21240122373237;2.47972427536165;3.67009832199333;2.47541720935374;3.51973720280498;2.8786203527613;3.69916605436049;3.52970480242446;3.74795496312159;1;1;3.36761859499357;3.53975702854426;1.97578381159481;5.45967305323282;2.38080044094893;2.38496754694837;1;1;1;1;2.09080788958823;2.03467826156653
121;70200000;599940;618182;5890908;5890908;1600016;0;0;1;0;0;1;1;52;3;30;2.28225546322899;2.54320250946164;2.30953238350105;2.52124561291124;3.69741969909386;2.30413729102943;2.18594503766934;2.23745981113385;2.28323413237892;3.1322696687897;3.46282790718806;3.58493271188774;3.65341842743192;2.41355624326404;2.43247411919635;2.44594206680838;2.53115219901003;1;1;1;1;1;1;1;1;1;1;1;1;1;3.51548805217588;2.5628832159573;4.33202797708344;2.36706545328246;3.78516282478141;2.75680720075089;3.52970480242446;4.69216891683647;2.25494251102376;1.96722096956597;2.2414941394042;2.20635182314303;2.84800066015709;3.92476742236085;1;1;1;1;4.04820219607644;1;1;2.03467826156653
122;80340000;1280064;833334;6066666;6066666;1599984;0;0;1;0;0;1;1;67;4;45;4.2542925832878;3.55774066702523;3.33136848638446;3.626474743356;3.69741969909386;2.30413729102943;2.18594503766934;2.23745981113385;2.28323413237892;3.1322696687897;3.46282790718806;2.3523464334854;2.43959482877361;2.41355624326404;3.28560161854869;3.39423935463136;2.53115219901003;2.77800192451502;2.24720222864421;2.13161221186729;2.18716124235017;2.08858216452189;2.14572790578305;2.14988140028723;2.36735499135022;2.0216462429411;2.29963817688237;1;1;1;2.47972427536165;2.5628832159573;2.47541720935374;2.36706545328246;3.78516282478141;3.69916605436049;3.52970480242446;4.69216891683647;2.25494251102376;1.96722096956597;2.2414941394042;2.20635182314303;2.84800066015709;3.92476742236085;2.38080044094893;2.38496754694837;2.36312148816913;2.12896031990924;4.04820219607644;2.22453451561005;2.09080788958823;2.03467826156653
123;10140000;319984;1942858;10285714;10285714;800002;0;0;1;0;0;0;1;60;3;40;3.29930058871261;4.39253015068777;5.39937960045806;4.61035400503481;3.69741969909386;3.18003084730744;2.95864693240493;3.07091638978975;2.28323413237892;3.1322696687897;5.52178731590242;4.73145170458151;4.84488846861793;1;3.28560161854869;3.39423935463136;2.53115219901003;1.9698178204238;1;2.13161221186729;2.18716124235017;2.72067088037479;2.14572790578305;2.14988140028723;2.36735499135022;2.63965719851903;3.07464677227252;2.20505496578415;2.18360252716324;2.21240122373237;3.51548805217588;2.5628832159573;3.46320170746022;2.36706545328246;5.03556838940938;3.69916605436049;4.4868514378954;4.69216891683647;2.25494251102376;1.96722096956597;2.2414941394042;2.20635182314303;2.84800066015709;3.92476742236085;2.38080044094893;2.38496754694837;3.32671046779238;2.94414672725435;1.99998511662762;3.33856936219102;2.09080788958823;1
125;53000000;599400;1644444.44;4600000;4810000;871920;0;1;0;1;0;1;1;46;3;15;3.29930058871261;3.55774066702523;3.33136848638446;4.61035400503481;3.69741969909386;4.03929773138387;2.95864693240493;3.87962946468104;3.79853621269151;4.14495141540325;3.46282790718806;3.58493271188774;3.65341842743192;3.29561717629922;4.0084586492562;3.39423935463136;4.53834412237969;3.9443867724375;3.07948047043016;2.94233011372017;3.10234489670439;2.72067088037479;2.91140592315142;2.89255999876967;2.36735499135022;2.63965719851903;3.85216486801159;3.07992614689203;2.98815893707634;3.66964946192881;3.51548805217588;3.67009832199333;4.33202797708344;3.51973720280498;3.78516282478141;3.69916605436049;4.4868514378954;3.74795496312159;3.37905056163788;2.83209444307479;3.36761859499357;3.53975702854426;2.84800066015709;5.45967305323282;3.44299683380665;3.51101002477435;4.17504038364695;3.78621845510159;4.04820219607644;3.33856936219102;3.85472420956226;3.54177339366547
126;61000000;133200;4933333.32;600000;112500;145320;0;1;0;0;0;1;0;67;2;30;3.29930058871261;2.54320250946164;3.33136848638446;3.626474743356;2.94461110793176;3.18003084730744;2.95864693240493;3.07091638978975;2.28323413237892;3.1322696687897;3.46282790718806;3.58493271188774;3.65341842743192;3.29561717629922;2.43247411919635;3.39423935463136;3.60952280611687;2.77800192451502;2.24720222864421;2.13161221186729;2.18716124235017;2.08858216452189;2.14572790578305;2.89255999876967;2.36735499135022;2.63965719851903;2.29963817688237;2.20505496578415;2.98815893707634;2.89397811126238;3.51548805217588;3.67009832199333;3.46320170746022;3.51973720280498;2.8786203527613;3.69916605436049;3.52970480242446;3.74795496312159;3.37905056163788;2.83209444307479;3.36761859499357;3.53975702854426;2.84800066015709;3.92476742236085;3.44299683380665;3.51101002477435;4.17504038364695;2.94414672725435;2.86889033290433;3.33856936219102;2.09080788958823;2.78634843669992
128;61000000;1398600;1542858;4600000;5260000;1683990;0;1;0;1;0;1;0;63;3;10;4.2542925832878;4.39253015068777;4.28588020256065;3.626474743356;4.93597898202048;4.03929773138387;3.82890753568842;5.05491040235879;3.79853621269151;4.14495141540325;4.24608497988177;3.58493271188774;3.65341842743192;4.11256210180924;4.0084586492562;4.22171297963188;4.53834412237969;3.9443867724375;5.72490556309278;3.85267436368364;4.05885410729385;4.35467318283299;3.50907770710191;3.53153025530216;3.66615203712211;3.37691315818969;3.85216486801159;4.0015310262084;3.92188812750499;5.05491040235879;4.3431839666906;4.56975817077864;5.71591491238407;3.51973720280498;3.78516282478141;4.58912371182732;3.52970480242446;3.74795496312159;4.45417645067644;3.97858642299128;5.87922621312538;5.18027334322561;3.91202946372234;3.92476742236085;3.44299683380665;3.51101002477435;4.17504038364695;3.78621845510159;4.04820219607644;4.38661246607969;3.85472420956226;2.78634843669992
129;12090000;359982;2057142;10285714;10285714;800002;0;0;1;0;0;1;1;60;3;35;2.28225546322899;2.54320250946164;2.30953238350105;2.52124561291124;3.69741969909386;4.03929773138387;3.82890753568842;3.87962946468104;3.79853621269151;2.1901362459633;4.24608497988177;4.73145170458151;4.84488846861793;4.11256210180924;4.0084586492562;4.22171297963188;3.60952280611687;3.9443867724375;3.07948047043016;2.13161221186729;2.18716124235017;3.31290682887049;2.91140592315142;2.89255999876967;2.36735499135022;2.0216462429411;3.85216486801159;3.07992614689203;2.98815893707634;2.89397811126238;3.51548805217588;3.67009832199333;4.33202797708344;3.51973720280498;3.78516282478141;4.58912371182732;3.52970480242446;4.69216891683647;3.37905056163788;2.83209444307479;3.36761859499357;3.53975702854426;3.91202946372234;3.92476742236085;2.38080044094893;2.38496754694837;1;1;4.04820219607644;3.33856936219102;2.09080788958823;2.03467826156653
130;14820000;319984;3371428;8457142;8457142;760001.9;0;0;1;0;0;1;0;70;2;54;3.29930058871261;3.55774066702523;3.33136848638446;3.626474743356;3.69741969909386;3.18003084730744;2.95864693240493;3.07091638978975;3.02302234443974;3.1322696687897;2.58593933232526;3.58493271188774;3.65341842743192;2.41355624326404;4.0084586492562;4.22171297963188;3.60952280611687;1.9698178204238;2.24720222864421;2.94233011372017;2.18716124235017;4.35467318283299;3.50907770710191;3.53153025530216;3.66615203712211;4.55970583625675;3.07464677227252;2.20505496578415;2.98815893707634;2.21240122373237;3.51548805217588;3.67009832199333;4.33202797708344;3.51973720280498;3.78516282478141;4.58912371182732;4.4868514378954;4.69216891683647;3.37905056163788;3.97858642299128;4.50561788521829;3.53975702854426;2.84800066015709;2.33353972899358;2.38080044094893;2.38496754694837;2.36312148816913;2.12896031990924;1.99998511662762;2.22453451561005;2.09080788958823;2.03467826156653
132;53000000;599400;2044444.4;4000000;4000000;799920;0;1;1;0;0;0;0;57;4;20;3.29930058871261;3.55774066702523;3.33136848638446;3.626474743356;3.69741969909386;4.03929773138387;3.82890753568842;3.87962946468104;3.79853621269151;4.14495141540325;4.24608497988177;3.58493271188774;3.65341842743192;4.11256210180924;4.0084586492562;4.22171297963188;4.53834412237969;2.77800192451502;3.07948047043016;2.94233011372017;3.10234489670439;2.72067088037479;2.14572790578305;3.53153025530216;2.36735499135022;2.63965719851903;3.07464677227252;3.07992614689203;2.98815893707634;3.66964946192881;4.3431839666906;4.56975817077864;4.33202797708344;3.51973720280498;3.78516282478141;4.58912371182732;4.4868514378954;4.69216891683647;3.37905056163788;2.83209444307479;4.50561788521829;3.53975702854426;2.84800066015709;3.92476742236085;3.44299683380665;3.51101002477435;4.17504038364695;2.94414672725435;2.86889033290433;3.33856936219102;2.95244891980085;2.78634843669992
133;96000000;1200000;1020000;4600000;6400000;2800000;0;1;1;0;0;1;0;68;3;30;4.2542925832878;4.39253015068777;3.33136848638446;4.61035400503481;3.69741969909386;3.18003084730744;3.82890753568842;3.87962946468104;3.79853621269151;4.14495141540325;4.24608497988177;3.58493271188774;3.65341842743192;4.11256210180924;4.0084586492562;3.39423935463136;4.53834412237969;3.9443867724375;4.00874465837667;3.85267436368364;4.05885410729385;3.31290682887049;2.91140592315142;3.53153025530216;3.23049615114934;3.37691315818969;3.85216486801159;4.0015310262084;3.92188812750499;5.05491040235879;4.3431839666906;3.67009832199333;4.33202797708344;3.51973720280498;3.78516282478141;4.58912371182732;3.52970480242446;3.74795496312159;3.37905056163788;3.97858642299128;4.50561788521829;3.53975702854426;3.91202946372234;3.92476742236085;3.44299683380665;3.51101002477435;4.17504038364695;2.94414672725435;4.04820219607644;3.33856936219102;3.85472420956226;3.54177339366547
134;77000000;1290000;1100000;13333332;13333332;1599984;0;0;0;1;0;1;1;70;3;20;2.28225546322899;2.54320250946164;2.30953238350105;2.52124561291124;4.93597898202048;5.30031668088684;5.21716840891571;5.05491040235879;3.79853621269151;2.1901362459633;4.24608497988177;4.73145170458151;4.84488846861793;5.29577933222649;4.0084586492562;4.22171297963188;3.60952280611687;1.9698178204238;2.24720222864421;3.85267436368364;4.05885410729385;4.35467318283299;4.42365405002657;4.53295183984895;4.46885109526007;3.37691315818969;3.85216486801159;3.07992614689203;2.98815893707634;2.89397811126238;3.51548805217588;3.67009832199333;4.33202797708344;3.51973720280498;5.03556838940938;4.58912371182732;4.4868514378954;4.69216891683647;4.45417645067644;2.83209444307479;3.36761859499357;3.53975702854426;5.25878591486575;5.45967305323282;3.44299683380665;2.38496754694837;2.36312148816913;1;4.04820219607644;3.33856936219102;2.09080788958823;2.03467826156653
135;68000000;799200;1550000;5500000;4900000;1695840;0;1;1;0;0;1;0;56;3;20;3.29930058871261;2.54320250946164;3.33136848638446;3.626474743356;2.22968699326937;2.30413729102943;2.95864693240493;2.23745981113385;2.28323413237892;4.14495141540325;3.46282790718806;3.58493271188774;3.65341842743192;3.29561717629922;2.43247411919635;3.39423935463136;2.53115219901003;1.9698178204238;2.24720222864421;2.13161221186729;2.18716124235017;2.08858216452189;2.14572790578305;2.89255999876967;2.36735499135022;2.0216462429411;3.07464677227252;3.07992614689203;2.18360252716324;2.89397811126238;3.51548805217588;3.67009832199333;3.46320170746022;3.51973720280498;2.8786203527613;3.69916605436049;3.52970480242446;3.74795496312159;3.37905056163788;2.83209444307479;3.36761859499357;3.53975702854426;2.84800066015709;5.45967305323282;3.44299683380665;2.38496754694837;3.32671046779238;2.94414672725435;2.86889033290433;3.33856936219102;2.09080788958823;2.78634843669992
137;7020000;199988;3058824;11676472;11676472;800006.4;0;0;1;0;0;0;1;58;3;25;4.2542925832878;5.57379332770854;5.39937960045806;5.96860119656302;3.69741969909386;2.30413729102943;1;2.23745981113385;2.28323413237892;4.14495141540325;5.52178731590242;4.73145170458151;3.65341842743192;2.41355624326404;1;1;3.60952280611687;1.9698178204238;1;1;1;2.08858216452189;1;1;1;1;1;1;2.18360252716324;2.21240122373237;2.47972427536165;2.5628832159573;3.46320170746022;3.51973720280498;5.03556838940938;3.69916605436049;3.52970480242446;3.74795496312159;2.25494251102376;2.83209444307479;3.36761859499357;3.53975702854426;3.91202946372234;3.92476742236085;3.44299683380665;2.38496754694837;1;1;1.99998511662762;1;2.09080788958823;2.03467826156653
138;10920000;199990;2971428;10857142;10857142;800002;0;0;1;0;0;1;1;65;4;40;4.2542925832878;4.39253015068777;5.39937960045806;4.61035400503481;2.94461110793176;4.03929773138387;2.95864693240493;3.87962946468104;3.02302234443974;4.14495141540325;4.24608497988177;3.58493271188774;3.65341842743192;2.41355624326404;3.28560161854869;4.22171297963188;3.60952280611687;2.77800192451502;2.24720222864421;2.13161221186729;3.10234489670439;2.72067088037479;1;2.14988140028723;2.36735499135022;2.63965719851903;3.85216486801159;2.20505496578415;2.18360252716324;2.89397811126238;3.51548805217588;3.67009832199333;3.46320170746022;3.51973720280498;3.78516282478141;4.58912371182732;3.52970480242446;4.69216891683647;3.37905056163788;3.97858642299128;2.2414941394042;2.20635182314303;2.84800066015709;2.93663138247969;3.44299683380665;2.38496754694837;2.36312148816913;2.12896031990924;2.86889033290433;3.33856936219102;2.09080788958823;2.03467826156653
139;7800000;399980;2971428;7542856;7542856;800002;0;0;0;0;0;0;1;54;3;20;5.36991781520157;5.57379332770854;5.39937960045806;5.96860119656302;3.69741969909386;3.18003084730744;1;1;3.02302234443974;5.62496868519971;5.52178731590242;5.66829683620757;3.65341842743192;2.41355624326404;2.43247411919635;2.44594206680838;3.60952280611687;1.9698178204238;1;1;1;2.08858216452189;2.91140592315142;1;3.23049615114934;1;2.29963817688237;2.20505496578415;1;1;2.47972427536165;3.67009832199333;2.47541720935374;3.51973720280498;3.78516282478141;3.69916605436049;3.52970480242446;3.74795496312159;2.25494251102376;2.83209444307479;3.36761859499357;3.53975702854426;3.91202946372234;5.45967305323282;2.38080044094893;2.38496754694837;2.36312148816913;2.12896031990924;1.99998511662762;2.22453451561005;1;2.03467826156653
140;10140000;199990;2000000;10571428;10571428;800002;0;0;1;0;0;0;1;62;4;45;5.36991781520157;4.39253015068777;5.39937960045806;4.61035400503481;3.69741969909386;3.18003084730744;2.18594503766934;2.23745981113385;3.02302234443974;4.14495141540325;4.24608497988177;4.73145170458151;3.65341842743192;1;2.43247411919635;2.44594206680838;3.60952280611687;1;1;1;1;2.08858216452189;2.91140592315142;2.14988140028723;3.23049615114934;2.0216462429411;2.29963817688237;3.07992614689203;2.18360252716324;2.89397811126238;2.47972427536165;3.67009832199333;2.47541720935374;3.51973720280498;5.03556838940938;3.69916605436049;3.52970480242446;3.74795496312159;1;2.83209444307479;3.36761859499357;3.53975702854426;5.25878591486575;3.92476742236085;2.38080044094893;1;1;1;1;2.22453451561005;1;2.03467826156653
141;7800000;399980;914286;6914570;6914570;799988;0;0;1;0;0;1;1;58;3;35;5.36991781520157;5.57379332770854;4.28588020256065;4.61035400503481;3.69741969909386;2.30413729102943;2.18594503766934;2.23745981113385;2.28323413237892;2.1901362459633;3.46282790718806;2.3523464334854;2.43959482877361;4.11256210180924;4.0084586492562;3.39423935463136;3.60952280611687;1;1;2.13161221186729;2.18716124235017;2.72067088037479;2.14572790578305;2.14988140028723;2.36735499135022;2.0216462429411;2.29963817688237;1;1;1;3.51548805217588;2.5628832159573;3.46320170746022;2.36706545328246;3.78516282478141;3.69916605436049;3.52970480242446;5.99035811346121;3.37905056163788;3.97858642299128;3.36761859499357;3.53975702854426;3.91202946372234;3.92476742236085;2.38080044094893;2.38496754694837;2.36312148816913;2.12896031990924;1;1;1;1
142;105000000;1400000;1020000;4000000;4000000;1760000;0;1;0;1;0;1;1;48;4;15;4.2542925832878;4.39253015068777;5.39937960045806;4.61035400503481;3.69741969909386;5.30031668088684;3.82890753568842;3.87962946468104;5.12622218173134;4.14495141540325;4.24608497988177;3.58493271188774;3.65341842743192;5.29577933222649;5.36248453476796;5.72490556309278;5.90866447925431;3.9443867724375;4.00874465837667;5.36879935902471;5.56204669075476;4.35467318283299;3.50907770710191;3.53153025530216;3.23049615114934;3.37691315818969;3.85216486801159;4.0015310262084;3.92188812750499;5.05491040235879;4.3431839666906;4.56975817077864;4.33202797708344;3.51973720280498;5.03556838940938;4.58912371182732;4.4868514378954;4.69216891683647;4.45417645067644;3.97858642299128;4.50561788521829;3.53975702854426;3.91202946372234;3.92476742236085;3.44299683380665;3.51101002477435;4.17504038364695;3.78621845510159;4.04820219607644;3.33856936219102;2.95244891980085;2.78634843669992
143;34500000;519600;5220000;4000000;4000000;400008;0;1;0;1;0;0;1;30;4;5;3.29930058871261;3.55774066702523;3.33136848638446;2.52124561291124;2.22968699326937;2.30413729102943;2.18594503766934;2.23745981113385;2.28323413237892;3.1322696687897;3.46282790718806;3.58493271188774;3.65341842743192;3.29561717629922;2.43247411919635;2.44594206680838;3.60952280611687;2.77800192451502;2.24720222864421;2.13161221186729;3.10234489670439;2.08858216452189;2.14572790578305;2.14988140028723;1;2.0216462429411;3.07464677227252;3.07992614689203;2.98815893707634;3.66964946192881;2.47972427536165;2.5628832159573;2.47541720935374;2.36706545328246;2.8786203527613;3.69916605436049;3.52970480242446;3.74795496312159;3.37905056163788;2.83209444307479;3.36761859499357;3.53975702854426;2.84800066015709;3.92476742236085;3.44299683380665;3.51101002477435;4.17504038364695;2.94414672725435;2.86889033290433;3.33856936219102;2.09080788958823;2.78634843669992
144;75000000;660000;2133333.34;22300000;22675000;2400000;0;1;0;1;0;1;1;61;4;41;4.2542925832878;4.39253015068777;4.28588020256065;3.626474743356;3.69741969909386;4.03929773138387;3.82890753568842;3.87962946468104;3.79853621269151;4.14495141540325;4.24608497988177;3.58493271188774;4.84488846861793;4.11256210180924;3.28560161854869;4.22171297963188;4.53834412237969;3.9443867724375;4.00874465837667;3.85267436368364;4.05885410729385;4.35467318283299;3.50907770710191;3.53153025530216;3.23049615114934;3.37691315818969;3.85216486801159;4.0015310262084;3.92188812750499;5.05491040235879;4.3431839666906;4.56975817077864;4.33202797708344;3.51973720280498;3.78516282478141;4.58912371182732;4.4868514378954;3.74795496312159;3.37905056163788;3.97858642299128;4.50561788521829;3.53975702854426;3.91202946372234;3.92476742236085;3.44299683380665;3.51101002477435;4.17504038364695;3.78621845510159;4.04820219607644;3.33856936219102;3.85472420956226;3.54177339366547
145;75000000;600000;4033333.34;4000000;4000000;400008;0;1;0;1;0;1;0;61;2;30;4.2542925832878;5.57379332770854;4.28588020256065;4.61035400503481;3.69741969909386;4.03929773138387;3.82890753568842;5.05491040235879;3.79853621269151;4.14495141540325;4.24608497988177;3.58493271188774;3.65341842743192;4.11256210180924;4.0084586492562;3.39423935463136;3.60952280611687;3.9443867724375;4.00874465837667;3.85267436368364;3.10234489670439;4.35467318283299;2.91140592315142;3.53153025530216;3.23049615114934;3.37691315818969;3.85216486801159;3.07992614689203;3.92188812750499;5.05491040235879;4.3431839666906;4.56975817077864;5.71591491238407;3.51973720280498;5.03556838940938;4.58912371182732;4.4868514378954;4.69216891683647;4.45417645067644;3.97858642299128;4.50561788521829;3.53975702854426;2.84800066015709;3.92476742236085;3.44299683380665;3.51101002477435;3.32671046779238;2.94414672725435;4.04820219607644;3.33856936219102;2.95244891980085;2.78634843669992
146;34500000;720000;2100000;4000000;4000000;799920;0;1;0;0;0;1;0;75;4;40;3.29930058871261;3.55774066702523;3.33136848638446;3.626474743356;3.69741969909386;4.03929773138387;2.95864693240493;3.07091638978975;3.79853621269151;4.14495141540325;4.24608497988177;3.58493271188774;3.65341842743192;4.11256210180924;4.0084586492562;4.22171297963188;4.53834412237969;2.77800192451502;3.07948047043016;2.13161221186729;2.18716124235017;2.72067088037479;2.14572790578305;2.89255999876967;2.36735499135022;2.63965719851903;3.07464677227252;3.07992614689203;2.98815893707634;3.66964946192881;4.3431839666906;4.56975817077864;4.33202797708344;3.51973720280498;3.78516282478141;4.58912371182732;4.4868514378954;4.69216891683647;3.37905056163788;2.83209444307479;3.36761859499357;3.53975702854426;2.84800066015709;3.92476742236085;3.44299683380665;3.51101002477435;4.17504038364695;2.94414672725435;2.86889033290433;3.33856936219102;2.95244891980085;3.54177339366547
147;72000000;919080;2000000;4600000;4360000;1999680;0;1;0;1;0;1;1;54;2;30;3.29930058871261;3.55774066702523;3.33136848638446;3.626474743356;2.94461110793176;3.18003084730744;2.95864693240493;3.07091638978975;3.02302234443974;4.14495141540325;4.24608497988177;3.58493271188774;3.65341842743192;3.29561717629922;3.28560161854869;3.39423935463136;3.60952280611687;3.9443867724375;3.07948047043016;2.13161221186729;2.18716124235017;2.08858216452189;2.14572790578305;2.14988140028723;2.36735499135022;2.0216462429411;3.07464677227252;3.07992614689203;2.18360252716324;3.66964946192881;3.51548805217588;3.67009832199333;3.46320170746022;3.51973720280498;2.8786203527613;3.69916605436049;3.52970480242446;3.74795496312159;3.37905056163788;2.83209444307479;3.36761859499357;3.53975702854426;2.84800066015709;3.92476742236085;3.44299683380665;3.51101002477435;3.32671046779238;2.94414672725435;2.86889033290433;3.33856936219102;2.95244891980085;2.03467826156653
148;90000000;1406000;4325000;9920006.25;10820006.25;4151250;1;0;0;1;0;1;1;43;2;15;3.29930058871261;2.54320250946164;4.28588020256065;3.626474743356;2.22968699326937;3.18003084730744;3.82890753568842;3.07091638978975;3.79853621269151;4.14495141540325;2.58593933232526;2.3523464334854;3.65341842743192;4.11256210180924;4.0084586492562;4.22171297963188;3.60952280611687;2.77800192451502;2.24720222864421;2.13161221186729;2.18716124235017;4.35467318283299;4.42365405002657;2.14988140028723;4.46885109526007;3.37691315818969;2.29963817688237;2.20505496578415;2.18360252716324;2.21240122373237;2.47972427536165;2.5628832159573;2.47541720935374;2.36706545328246;3.78516282478141;4.58912371182732;3.52970480242446;4.69216891683647;2.25494251102376;3.97858642299128;2.2414941394042;2.20635182314303;2.84800066015709;3.92476742236085;2.38080044094893;2.38496754694837;2.36312148816913;2.12896031990924;4.04820219607644;3.33856936219102;2.09080788958823;2.03467826156653
149;150000000;1996800;2500000;4900000;6160000;3999360;0;1;1;0;0;1;0;72;2;50;3.29930058871261;3.55774066702523;3.33136848638446;4.61035400503481;3.69741969909386;3.18003084730744;2.95864693240493;3.87962946468104;3.02302234443974;4.14495141540325;4.24608497988177;3.58493271188774;3.65341842743192;4.11256210180924;3.28560161854869;3.39423935463136;4.53834412237969;3.9443867724375;3.07948047043016;2.94233011372017;3.10234489670439;2.72067088037479;2.14572790578305;3.53153025530216;2.36735499135022;3.37691315818969;3.07464677227252;3.07992614689203;2.98815893707634;3.66964946192881;4.3431839666906;4.56975817077864;4.33202797708344;3.51973720280498;3.78516282478141;4.58912371182732;4.4868514378954;3.74795496312159;3.37905056163788;2.83209444307479;3.36761859499357;3.53975702854426;2.84800066015709;3.92476742236085;3.44299683380665;3.51101002477435;4.17504038364695;2.94414672725435;2.86889033290433;3.33856936219102;2.95244891980085;2.78634843669992
150;90000000;1600000;2180000;4900000;5800000;2400000;0;1;1;0;0;1;0;75;2;50;4.2542925832878;3.55774066702523;3.33136848638446;3.626474743356;3.69741969909386;4.03929773138387;2.95864693240493;3.87962946468104;3.02302234443974;4.14495141540325;4.24608497988177;3.58493271188774;3.65341842743192;3.29561717629922;3.28560161854869;3.39423935463136;4.53834412237969;3.9443867724375;3.07948047043016;2.94233011372017;3.10234489670439;3.31290682887049;2.91140592315142;3.53153025530216;2.36735499135022;2.63965719851903;3.07464677227252;3.07992614689203;2.98815893707634;3.66964946192881;4.3431839666906;4.56975817077864;4.33202797708344;3.51973720280498;3.78516282478141;3.69916605436049;3.52970480242446;3.74795496312159;4.45417645067644;2.83209444307479;3.36761859499357;3.53975702854426;2.84800066015709;3.92476742236085;3.44299683380665;3.51101002477435;4.17504038364695;2.94414672725435;4.04820219607644;3.33856936219102;2.95244891980085;3.54177339366547
151;120000000;1680000;1910000;4900000;6700000;2400000;0;1;0;1;0;1;0;54;4;30;4.2542925832878;4.39253015068777;3.33136848638446;3.626474743356;3.69741969909386;4.03929773138387;3.82890753568842;3.07091638978975;3.02302234443974;4.14495141540325;4.24608497988177;3.58493271188774;3.65341842743192;4.11256210180924;4.0084586492562;4.22171297963188;4.53834412237969;3.9443867724375;3.07948047043016;2.94233011372017;3.10234489670439;3.31290682887049;2.91140592315142;2.89255999876967;3.23049615114934;3.37691315818969;3.85216486801159;3.07992614689203;2.98815893707634;3.66964946192881;3.51548805217588;3.67009832199333;3.46320170746022;3.51973720280498;3.78516282478141;4.58912371182732;4.4868514378954;4.69216891683647;3.37905056163788;2.83209444307479;3.36761859499357;3.53975702854426;2.84800066015709;3.92476742236085;3.44299683380665;3.51101002477435;4.17504038364695;2.94414672725435;2.86889033290433;3.33856936219102;2.95244891980085;2.78634843669992
152;99000000;285000;2380000;4345002.573;4795002.573;1000000;1;0;1;0;0;1;1;55;3;15;3.29930058871261;2.54320250946164;4.28588020256065;3.626474743356;2.22968699326937;3.18003084730744;3.82890753568842;3.07091638978975;3.79853621269151;4.14495141540325;2.58593933232526;2.3523464334854;3.65341842743192;2.41355624326404;2.43247411919635;2.44594206680838;2.53115219901003;3.9443867724375;4.00874465837667;3.85267436368364;3.10234489670439;4.35467318283299;4.42365405002657;2.14988140028723;4.46885109526007;3.37691315818969;2.29963817688237;2.20505496578415;2.18360252716324;2.21240122373237;2.47972427536165;2.5628832159573;2.47541720935374;2.36706545328246;3.78516282478141;4.58912371182732;2.53375234479293;4.69216891683647;2.25494251102376;3.97858642299128;2.2414941394042;3.53975702854426;3.91202946372234;3.92476742236085;2.38080044094893;2.38496754694837;2.36312148816913;2.12896031990924;4.04820219607644;3.33856936219102;2.09080788958823;2.03467826156653
153;45000000;719280;3311111;4600000;4945000;1199880;0;1;1;0;0;1;0;60;3;30;4.2542925832878;3.55774066702523;3.33136848638446;3.626474743356;3.69741969909386;4.03929773138387;3.82890753568842;3.87962946468104;3.79853621269151;4.14495141540325;4.24608497988177;3.58493271188774;3.65341842743192;3.29561717629922;4.0084586492562;3.39423935463136;4.53834412237969;3.9443867724375;3.07948047043016;2.94233011372017;3.10234489670439;3.31290682887049;2.91140592315142;3.53153025530216;2.36735499135022;2.63965719851903;3.85216486801159;3.07992614689203;3.92188812750499;3.66964946192881;4.3431839666906;4.56975817077864;4.33202797708344;4.62866151341824;3.78516282478141;4.58912371182732;4.4868514378954;4.69216891683647;3.37905056163788;2.83209444307479;3.36761859499357;3.53975702854426;2.84800066015709;3.92476742236085;3.44299683380665;3.51101002477435;4.17504038364695;2.94414672725435;2.86889033290433;3.33856936219102;2.95244891980085;3.54177339366547
154;60000000;1200000;1389333.2;4300000;5575000;1350000;0;1;1;0;0;1;0;73;2;10;4.2542925832878;3.55774066702523;4.28588020256065;4.61035400503481;3.69741969909386;4.03929773138387;2.95864693240493;3.87962946468104;3.79853621269151;3.1322696687897;4.24608497988177;3.58493271188774;3.65341842743192;4.11256210180924;3.28560161854869;3.39423935463136;4.53834412237969;3.9443867724375;3.07948047043016;3.85267436368364;3.10234489670439;3.31290682887049;2.14572790578305;3.53153025530216;2.36735499135022;3.37691315818969;3.85216486801159;3.07992614689203;2.98815893707634;3.66964946192881;3.51548805217588;3.67009832199333;3.46320170746022;3.51973720280498;3.78516282478141;4.58912371182732;3.52970480242446;4.69216891683647;3.37905056163788;2.83209444307479;3.36761859499357;3.53975702854426;2.84800066015709;3.92476742236085;3.44299683380665;3.51101002477435;4.17504038364695;3.78621845510159;2.86889033290433;3.33856936219102;2.95244891980085;2.78634843669992
155;75000000;1398000;1373333.34;7450000;7937500;1599600;0;1;1;0;0;0;0;60;3;37;4.2542925832878;4.39253015068777;4.28588020256065;4.61035400503481;3.69741969909386;3.18003084730744;2.95864693240493;3.87962946468104;3.79853621269151;3.1322696687897;4.24608497988177;3.58493271188774;3.65341842743192;4.11256210180924;4.0084586492562;4.22171297963188;4.53834412237969;3.9443867724375;3.07948047043016;2.94233011372017;3.10234489670439;3.31290682887049;2.91140592315142;2.89255999876967;3.23049615114934;2.63965719851903;3.07464677227252;3.07992614689203;2.98815893707634;3.66964946192881;4.3431839666906;3.67009832199333;4.33202797708344;4.62866151341824;3.78516282478141;4.58912371182732;4.4868514378954;4.69216891683647;3.37905056163788;2.83209444307479;3.36761859499357;3.53975702854426;2.84800066015709;3.92476742236085;3.44299683380665;3.51101002477435;4.17504038364695;2.94414672725435;2.86889033290433;3.33856936219102;2.95244891980085;2.78634843669992
156;44800000;600000;3500000;4600000;4720000;799920;0;1;1;0;0;1;0;50;3;30;4.2542925832878;4.39253015068777;3.33136848638446;3.626474743356;3.69741969909386;4.03929773138387;2.95864693240493;3.07091638978975;3.02302234443974;4.14495141540325;4.24608497988177;3.58493271188774;3.65341842743192;5.29577933222649;5.36248453476796;4.22171297963188;4.53834412237969;2.77800192451502;3.07948047043016;2.94233011372017;4.05885410729385;2.72067088037479;2.91140592315142;2.89255999876967;2.36735499135022;2.63965719851903;3.07464677227252;3.07992614689203;2.98815893707634;3.66964946192881;3.51548805217588;3.67009832199333;3.46320170746022;3.51973720280498;3.78516282478141;4.58912371182732;4.4868514378954;3.74795496312159;3.37905056163788;2.83209444307479;3.36761859499357;3.53975702854426;2.84800066015709;3.92476742236085;3.44299683380665;3.51101002477435;3.32671046779238;2.94414672725435;2.86889033290433;3.33856936219102;2.95244891980085;2.78634843669992
157;105000000;2000000;2390000;4900000;6700000;2400000;0;1;1;0;0;1;0;60;4;35;4.2542925832878;5.57379332770854;4.28588020256065;4.61035400503481;3.69741969909386;4.03929773138387;5.21716840891571;3.87962946468104;3.79853621269151;5.62496868519971;4.24608497988177;3.58493271188774;3.65341842743192;4.11256210180924;4.0084586492562;3.39423935463136;3.60952280611687;3.9443867724375;3.07948047043016;3.85267436368364;3.10234489670439;4.35467318283299;4.42365405002657;2.89255999876967;2.36735499135022;2.63965719851903;3.85216486801159;3.07992614689203;2.98815893707634;3.66964946192881;4.3431839666906;3.67009832199333;3.46320170746022;3.51973720280498;5.03556838940938;4.58912371182732;3.52970480242446;3.74795496312159;4.45417645067644;2.83209444307479;4.50561788521829;3.53975702854426;2.84800066015709;5.45967305323282;3.44299683380665;3.51101002477435;3.32671046779238;2.94414672725435;4.04820219607644;3.33856936219102;2.95244891980085;3.54177339366547
158;80000000;998400;1833333.2;4600000;5440000;1200000;0;1;0;0;0;1;0;74;3;50;3.29930058871261;2.54320250946164;3.33136848638446;3.626474743356;2.94461110793176;2.30413729102943;2.95864693240493;2.23745981113385;2.28323413237892;3.1322696687897;4.24608497988177;3.58493271188774;3.65341842743192;3.29561717629922;2.43247411919635;3.39423935463136;2.53115219901003;2.77800192451502;2.24720222864421;2.13161221186729;2.18716124235017;2.08858216452189;2.14572790578305;2.14988140028723;2.36735499135022;2.0216462429411;3.07464677227252;3.07992614689203;2.98815893707634;3.66964946192881;3.51548805217588;3.67009832199333;3.46320170746022;3.51973720280498;2.8786203527613;3.69916605436049;3.52970480242446;3.74795496312159;3.37905056163788;2.83209444307479;3.36761859499357;3.53975702854426;2.84800066015709;3.92476742236085;3.44299683380665;3.51101002477435;4.17504038364695;2.94414672725435;2.86889033290433;3.33856936219102;2.95244891980085;2.78634843669992
159;108500000;1425000;3520000;3420006.25;5220006.25;2800000;1;0;1;0;0;1;1;63;2;25;3.29930058871261;2.54320250946164;4.28588020256065;3.626474743356;2.22968699326937;3.18003084730744;3.82890753568842;3.07091638978975;3.79853621269151;4.14495141540325;2.58593933232526;2.3523464334854;3.65341842743192;4.11256210180924;4.0084586492562;4.22171297963188;3.60952280611687;3.9443867724375;4.00874465837667;3.85267436368364;3.10234489670439;4.35467318283299;4.42365405002657;2.14988140028723;4.46885109526007;4.55970583625675;2.29963817688237;2.20505496578415;2.18360252716324;2.21240122373237;2.47972427536165;2.5628832159573;2.47541720935374;2.36706545328246;3.78516282478141;4.58912371182732;2.53375234479293;4.69216891683647;2.25494251102376;3.97858642299128;2.2414941394042;3.53975702854426;3.91202946372234;3.92476742236085;2.38080044094893;2.38496754694837;2.36312148816913;2.12896031990924;4.04820219607644;3.33856936219102;2.09080788958823;2.03467826156653
161;49900000;332500;2800000;12750000;13200000;1025000;1;0;0;1;0;1;1;36;2;7;2.28225546322899;2.54320250946164;2.30953238350105;2.52124561291124;2.94461110793176;2.30413729102943;3.82890753568842;3.07091638978975;3.02302234443974;4.14495141540325;3.46282790718806;2.3523464334854;2.43959482877361;4.11256210180924;4.0084586492562;4.22171297963188;3.60952280611687;2.77800192451502;2.24720222864421;2.13161221186729;2.18716124235017;4.35467318283299;2.91140592315142;2.14988140028723;3.66615203712211;3.37691315818969;2.29963817688237;2.20505496578415;2.18360252716324;2.21240122373237;2.47972427536165;2.5628832159573;3.46320170746022;2.36706545328246;3.78516282478141;4.58912371182732;3.52970480242446;4.69216891683647;2.25494251102376;3.97858642299128;2.2414941394042;3.53975702854426;3.91202946372234;2.33353972899358;1;1;1;1;4.04820219607644;3.33856936219102;2.09080788958823;2.03467826156653
162;54000000;690000;4033333.2;4000000;4000000;799920;0;1;1;0;0;1;0;70;3;40;4.2542925832878;3.55774066702523;3.33136848638446;3.626474743356;2.94461110793176;3.18003084730744;2.95864693240493;3.07091638978975;3.02302234443974;3.1322696687897;3.46282790718806;2.3523464334854;3.65341842743192;3.29561717629922;2.43247411919635;3.39423935463136;3.60952280611687;3.9443867724375;2.24720222864421;2.13161221186729;2.18716124235017;2.08858216452189;2.14572790578305;2.89255999876967;2.36735499135022;2.63965719851903;3.07464677227252;3.07992614689203;2.98815893707634;3.66964946192881;3.51548805217588;3.67009832199333;3.46320170746022;3.51973720280498;2.8786203527613;2.75680720075089;2.53375234479293;3.74795496312159;3.37905056163788;2.83209444307479;3.36761859499357;3.53975702854426;2.84800066015709;3.92476742236085;2.38080044094893;2.38496754694837;3.32671046779238;2.94414672725435;2.86889033290433;3.33856936219102;2.95244891980085;2.78634843669992
163;34150000;63000;2271428;3900000;4131000;217000;1;0;0;1;0;1;0;60;2;20;3.29930058871261;2.54320250946164;3.33136848638446;2.52124561291124;2.22968699326937;2.30413729102943;2.18594503766934;2.23745981113385;2.28323413237892;3.1322696687897;2.58593933232526;3.58493271188774;2.43959482877361;3.29561717629922;2.43247411919635;2.44594206680838;2.53115219901003;2.77800192451502;2.24720222864421;2.13161221186729;2.18716124235017;2.08858216452189;2.14572790578305;2.14988140028723;2.36735499135022;2.0216462429411;2.29963817688237;2.20505496578415;2.18360252716324;2.21240122373237;2.47972427536165;2.5628832159573;2.47541720935374;3.51973720280498;2.8786203527613;2.75680720075089;4.4868514378954;2.76673291161913;2.25494251102376;3.97858642299128;3.36761859499357;3.53975702854426;3.91202946372234;3.92476742236085;2.38080044094893;2.38496754694837;2.36312148816913;2.12896031990924;2.86889033290433;2.22453451561005;1;1
164;109500000;1398600;2114285.6;5200000;7150000;2799720;0;1;1;0;0;1;0;53;4;20;4.2542925832878;4.39253015068777;4.28588020256065;4.61035400503481;4.93597898202048;4.03929773138387;3.82890753568842;5.05491040235879;3.79853621269151;4.14495141540325;4.24608497988177;3.58493271188774;3.65341842743192;4.11256210180924;4.0084586492562;4.22171297963188;4.53834412237969;3.9443867724375;3.07948047043016;2.94233011372017;3.10234489670439;3.31290682887049;2.91140592315142;2.89255999876967;3.23049615114934;2.63965719851903;3.85216486801159;3.07992614689203;2.98815893707634;3.66964946192881;4.3431839666906;4.56975817077864;4.33202797708344;4.62866151341824;3.78516282478141;4.58912371182732;4.4868514378954;4.69216891683647;3.37905056163788;2.83209444307479;4.50561788521829;3.53975702854426;2.84800066015709;3.92476742236085;3.44299683380665;3.51101002477435;4.17504038364695;3.78621845510159;4.04820219607644;3.33856936219102;2.95244891980085;3.54177339366547
165;105000000;1800000;1772000;4900000;5800000;2400000;0;1;1;0;0;1;0;67;2;40;4.2542925832878;3.55774066702523;3.33136848638446;3.626474743356;3.69741969909386;4.03929773138387;2.95864693240493;3.87962946468104;3.79853621269151;4.14495141540325;4.24608497988177;3.58493271188774;3.65341842743192;4.11256210180924;4.0084586492562;4.22171297963188;4.53834412237969;3.9443867724375;3.07948047043016;2.94233011372017;3.10234489670439;3.31290682887049;2.91140592315142;3.53153025530216;3.23049615114934;3.37691315818969;3.85216486801159;3.07992614689203;2.98815893707634;3.66964946192881;4.3431839666906;4.56975817077864;3.46320170746022;3.51973720280498;3.78516282478141;4.58912371182732;4.4868514378954;4.69216891683647;3.37905056163788;2.83209444307479;3.36761859499357;3.53975702854426;2.84800066015709;3.92476742236085;3.44299683380665;3.51101002477435;4.17504038364695;2.94414672725435;4.04820219607644;3.33856936219102;2.95244891980085;3.54177339366547
166;45000000;399600;3433333.2;4000000;4000000;799920;0;1;1;0;0;1;0;72;2;45;4.2542925832878;3.55774066702523;3.33136848638446;3.626474743356;3.69741969909386;4.03929773138387;2.95864693240493;3.87962946468104;3.79853621269151;3.1322696687897;4.24608497988177;3.58493271188774;3.65341842743192;5.29577933222649;5.36248453476796;2.44594206680838;2.53115219901003;2.77800192451502;3.07948047043016;2.94233011372017;3.10234489670439;3.31290682887049;2.91140592315142;3.53153025530216;2.36735499135022;2.63965719851903;3.85216486801159;3.07992614689203;3.92188812750499;5.05491040235879;4.3431839666906;3.67009832199333;4.33202797708344;3.51973720280498;5.03556838940938;4.58912371182732;4.4868514378954;3.74795496312159;3.37905056163788;2.83209444307479;4.50561788521829;3.53975702854426;2.84800066015709;3.92476742236085;3.44299683380665;3.51101002477435;4.17504038364695;2.94414672725435;4.04820219607644;3.33856936219102;2.95244891980085;2.78634843669992
167;80000000;1140000;2096000;9130000;10090000;2800000;1;0;0;1;0;1;1;60;3;12;3.29930058871261;1;4.28588020256065;3.626474743356;4.93597898202048;3.18003084730744;5.21716840891571;3.07091638978975;5.12622218173134;3.1322696687897;2.58593933232526;2.3523464334854;3.65341842743192;4.11256210180924;4.0084586492562;4.22171297963188;3.60952280611687;2.77800192451502;2.24720222864421;2.13161221186729;2.18716124235017;4.35467318283299;2.91140592315142;2.89255999876967;2.36735499135022;4.55970583625675;2.29963817688237;2.20505496578415;2.18360252716324;2.21240122373237;2.47972427536165;2.5628832159573;2.47541720935374;3.51973720280498;3.78516282478141;4.58912371182732;2.53375234479293;2.76673291161913;2.25494251102376;3.97858642299128;2.2414941394042;3.53975702854426;3.91202946372234;3.92476742236085;2.38080044094893;2.38496754694837;2.36312148816913;2.12896031990924;4.04820219607644;3.33856936219102;1;1
168;72000000;1198080;3650000;4600000;5440000;1599840;0;1;0;1;0;1;1;47;4;20;3.29930058871261;3.55774066702523;3.33136848638446;3.626474743356;3.69741969909386;3.18003084730744;2.95864693240493;3.07091638978975;3.02302234443974;4.14495141540325;4.24608497988177;3.58493271188774;3.65341842743192;4.11256210180924;4.0084586492562;4.22171297963188;4.53834412237969;3.9443867724375;4.00874465837667;2.94233011372017;3.10234489670439;2.72067088037479;2.91140592315142;3.53153025530216;3.23049615114934;3.37691315818969;3.07464677227252;3.07992614689203;2.98815893707634;3.66964946192881;3.51548805217588;3.67009832199333;3.46320170746022;3.51973720280498;3.78516282478141;4.58912371182732;4.4868514378954;3.74795496312159;3.37905056163788;2.83209444307479;3.36761859499357;3.53975702854426;2.84800066015709;3.92476742236085;3.44299683380665;3.51101002477435;4.17504038364695;2.94414672725435;4.04820219607644;3.33856936219102;2.95244891980085;2.78634843669992
169;67500000;1398000;1826666.6;4900000;6025000;1599600;0;1;0;1;0;1;0;60;3;30;3.29930058871261;4.39253015068777;3.33136848638446;3.626474743356;3.69741969909386;4.03929773138387;2.95864693240493;3.07091638978975;3.02302234443974;4.14495141540325;4.24608497988177;3.58493271188774;3.65341842743192;4.11256210180924;4.0084586492562;4.22171297963188;4.53834412237969;3.9443867724375;3.07948047043016;2.94233011372017;3.10234489670439;2.72067088037479;2.14572790578305;3.53153025530216;2.36735499135022;3.37691315818969;3.07464677227252;3.07992614689203;2.98815893707634;3.66964946192881;3.51548805217588;3.67009832199333;3.46320170746022;3.51973720280498;3.78516282478141;4.58912371182732;3.52970480242446;3.74795496312159;3.37905056163788;2.83209444307479;3.36761859499357;3.53975702854426;2.84800066015709;3.92476742236085;3.44299683380665;3.51101002477435;4.17504038364695;2.94414672725435;2.86889033290433;3.33856936219102;2.95244891980085;2.78634843669992
170;64000000;959040;3350000;4600000;4900000;1599840;0;1;0;0;0;1;0;80;2;60;3.29930058871261;3.55774066702523;3.33136848638446;3.626474743356;2.22968699326937;3.18003084730744;2.18594503766934;2.23745981113385;2.28323413237892;3.1322696687897;3.46282790718806;3.58493271188774;3.65341842743192;2.41355624326404;2.43247411919635;2.44594206680838;2.53115219901003;3.9443867724375;3.07948047043016;2.94233011372017;3.10234489670439;2.72067088037479;2.91140592315142;2.89255999876967;3.23049615114934;2.63965719851903;3.85216486801159;3.07992614689203;2.98815893707634;3.66964946192881;3.51548805217588;3.67009832199333;3.46320170746022;3.51973720280498;2.8786203527613;3.69916605436049;3.52970480242446;3.74795496312159;3.37905056163788;2.83209444307479;3.36761859499357;3.53975702854426;2.84800066015709;3.92476742236085;3.44299683380665;3.51101002477435;4.17504038364695;2.94414672725435;2.86889033290433;2.22453451561005;2.09080788958823;2.78634843669992
171;120000000;2196600;2400000;5200000;7150000;2799720;0;1;0;1;0;1;0;56;4;20;3.29930058871261;3.55774066702523;3.33136848638446;3.626474743356;2.22968699326937;2.30413729102943;2.18594503766934;2.23745981113385;2.28323413237892;3.1322696687897;3.46282790718806;3.58493271188774;3.65341842743192;3.29561717629922;4.0084586492562;3.39423935463136;3.60952280611687;3.9443867724375;4.00874465837667;2.94233011372017;3.10234489670439;2.08858216452189;2.14572790578305;2.14988140028723;2.36735499135022;2.0216462429411;3.85216486801159;3.07992614689203;3.92188812750499;3.66964946192881;3.51548805217588;3.67009832199333;3.46320170746022;3.51973720280498;2.8786203527613;3.69916605436049;3.52970480242446;3.74795496312159;3.37905056163788;2.83209444307479;3.36761859499357;3.53975702854426;2.84800066015709;3.92476742236085;3.44299683380665;3.51101002477435;4.17504038364695;2.94414672725435;4.04820219607644;3.33856936219102;2.95244891980085;2.78634843669992
172;80000000;1440000;1826666.6;4900000;6025000;1999800;0;1;1;0;0;1;0;60;3;35;3.29930058871261;3.55774066702523;3.33136848638446;3.626474743356;2.22968699326937;2.30413729102943;2.18594503766934;2.23745981113385;2.28323413237892;3.1322696687897;3.46282790718806;3.58493271188774;3.65341842743192;3.29561717629922;2.43247411919635;3.39423935463136;2.53115219901003;2.77800192451502;2.24720222864421;2.13161221186729;2.18716124235017;2.08858216452189;2.14572790578305;2.14988140028723;2.36735499135022;2.0216462429411;3.07464677227252;3.07992614689203;2.98815893707634;3.66964946192881;3.51548805217588;3.67009832199333;3.46320170746022;3.51973720280498;3.78516282478141;3.69916605436049;3.52970480242446;3.74795496312159;3.37905056163788;2.83209444307479;3.36761859499357;3.53975702854426;2.84800066015709;3.92476742236085;3.44299683380665;3.51101002477435;4.17504038364695;2.94414672725435;2.86889033290433;3.33856936219102;2.95244891980085;2.78634843669992
173;72000000;959040;3350000;4600000;5440000;1599840;0;1;1;0;0;1;0;60;4;30;3.29930058871261;3.55774066702523;3.33136848638446;3.626474743356;3.69741969909386;3.18003084730744;2.95864693240493;3.07091638978975;3.02302234443974;4.14495141540325;4.24608497988177;3.58493271188774;3.65341842743192;3.29561717629922;3.28560161854869;2.44594206680838;4.53834412237969;2.77800192451502;3.07948047043016;2.94233011372017;3.10234489670439;2.08858216452189;2.14572790578305;3.53153025530216;2.36735499135022;3.37691315818969;3.07464677227252;3.07992614689203;2.18360252716324;3.66964946192881;4.3431839666906;3.67009832199333;4.33202797708344;3.51973720280498;3.78516282478141;4.58912371182732;4.4868514378954;4.69216891683647;3.37905056163788;3.97858642299128;3.36761859499357;3.53975702854426;2.84800066015709;3.92476742236085;3.44299683380665;3.51101002477435;4.17504038364695;2.94414672725435;2.86889033290433;3.33856936219102;2.95244891980085;2.78634843669992
174;56000000;479520;2100000;4600000;4720000;799920;0;1;1;0;0;0;0;50;3;15;3.29930058871261;3.55774066702523;3.33136848638446;3.626474743356;2.22968699326937;2.30413729102943;2.18594503766934;2.23745981113385;2.28323413237892;3.1322696687897;3.46282790718806;3.58493271188774;3.65341842743192;4.11256210180924;4.0084586492562;4.22171297963188;4.53834412237969;1.9698178204238;2.24720222864421;2.94233011372017;3.10234489670439;2.08858216452189;2.14572790578305;2.14988140028723;2.36735499135022;2.63965719851903;3.07464677227252;3.07992614689203;2.18360252716324;3.66964946192881;3.51548805217588;3.67009832199333;3.46320170746022;3.51973720280498;2.8786203527613;3.69916605436049;3.52970480242446;3.74795496312159;3.37905056163788;2.83209444307479;3.36761859499357;3.53975702854426;2.84800066015709;3.92476742236085;3.44299683380665;3.51101002477435;4.17504038364695;2.94414672725435;2.86889033290433;2.22453451561005;2.09080788958823;2.78634843669992
175;56000000;382500;4560000;9150000;9150000;1310000;1;0;0;1;0;1;1;45;3;10;2.28225546322899;2.54320250946164;2.30953238350105;2.52124561291124;2.94461110793176;2.30413729102943;3.82890753568842;3.07091638978975;3.02302234443974;4.14495141540325;2.58593933232526;2.3523464334854;2.43959482877361;4.11256210180924;4.0084586492562;4.22171297963188;3.60952280611687;3.9443867724375;3.07948047043016;2.94233011372017;3.10234489670439;4.35467318283299;2.91140592315142;2.14988140028723;2.36735499135022;3.37691315818969;2.29963817688237;2.20505496578415;2.18360252716324;2.21240122373237;2.47972427536165;2.5628832159573;2.47541720935374;2.36706545328246;3.78516282478141;4.58912371182732;2.53375234479293;2.76673291161913;2.25494251102376;3.97858642299128;2.2414941394042;3.53975702854426;3.91202946372234;3.92476742236085;2.38080044094893;2.38496754694837;2.36312148816913;2.12896031990924;4.04820219607644;3.33856936219102;1;1
176;67500000;332500;2530000;8100000;8100000;1300000;1;0;0;1;0;1;1;58;3;20;2.28225546322899;2.54320250946164;2.30953238350105;2.52124561291124;2.94461110793176;2.30413729102943;3.82890753568842;3.07091638978975;3.02302234443974;4.14495141540325;2.58593933232526;2.3523464334854;2.43959482877361;4.11256210180924;4.0084586492562;4.22171297963188;3.60952280611687;3.9443867724375;4.00874465837667;3.85267436368364;3.10234489670439;4.35467318283299;2.91140592315142;2.14988140028723;4.46885109526007;3.37691315818969;2.29963817688237;2.20505496578415;2.18360252716324;2.21240122373237;2.47972427536165;2.5628832159573;2.47541720935374;2.36706545328246;3.78516282478141;4.58912371182732;2.53375234479293;2.76673291161913;2.25494251102376;3.97858642299128;2.2414941394042;3.53975702854426;3.91202946372234;3.92476742236085;2.38080044094893;2.38496754694837;2.36312148816913;2.12896031990924;4.04820219607644;3.33856936219102;1;1
177;70500000;510000;4560000;9400000;9400000;1310000;1;0;1;0;0;1;1;64;4;25;2.28225546322899;2.54320250946164;2.30953238350105;2.52124561291124;2.94461110793176;2.30413729102943;3.82890753568842;3.07091638978975;3.02302234443974;4.14495141540325;2.58593933232526;2.3523464334854;2.43959482877361;4.11256210180924;4.0084586492562;4.22171297963188;3.60952280611687;3.9443867724375;3.07948047043016;2.94233011372017;3.10234489670439;4.35467318283299;2.91140592315142;2.14988140028723;4.46885109526007;3.37691315818969;2.29963817688237;2.20505496578415;2.18360252716324;2.21240122373237;2.47972427536165;2.5628832159573;2.47541720935374;2.36706545328246;3.78516282478141;4.58912371182732;2.53375234479293;2.76673291161913;2.25494251102376;3.97858642299128;2.2414941394042;3.53975702854426;3.91202946372234;3.92476742236085;2.38080044094893;2.38496754694837;2.36312148816913;2.12896031990924;4.04820219607644;3.33856936219102;1;1
178;43200000;959040;50000;4000000;4000000;799920;0;1;0;1;0;1;0;50;2;20;4.2542925832878;4.39253015068777;3.33136848638446;4.61035400503481;3.69741969909386;4.03929773138387;3.82890753568842;3.87962946468104;3.79853621269151;3.1322696687897;3.46282790718806;3.58493271188774;3.65341842743192;4.11256210180924;4.0084586492562;4.22171297963188;4.53834412237969;3.9443867724375;5.72490556309278;3.85267436368364;4.05885410729385;3.31290682887049;2.91140592315142;3.53153025530216;3.23049615114934;3.37691315818969;3.85216486801159;4.0015310262084;3.92188812750499;2.89397811126238;4.3431839666906;3.67009832199333;4.33202797708344;3.51973720280498;3.78516282478141;4.58912371182732;3.52970480242446;4.69216891683647;3.37905056163788;2.83209444307479;3.36761859499357;3.53975702854426;2.84800066015709;3.92476742236085;4.50997328650962;4.43048894484358;5.39937960045806;3.78621845510159;4.04820219607644;3.33856936219102;3.85472420956226;3.54177339366547
179;80000000;1680000;50000;4600000;5500000;2400000;0;1;1;0;0;1;0;68;2;40;4.2542925832878;4.39253015068777;4.28588020256065;3.626474743356;3.69741969909386;4.03929773138387;3.82890753568842;3.87962946468104;3.79853621269151;3.1322696687897;3.46282790718806;3.58493271188774;3.65341842743192;4.11256210180924;4.0084586492562;4.22171297963188;4.53834412237969;3.9443867724375;4.00874465837667;5.36879935902471;5.56204669075476;3.31290682887049;3.50907770710191;3.53153025530216;3.66615203712211;3.37691315818969;3.85216486801159;4.0015310262084;3.92188812750499;2.89397811126238;4.3431839666906;4.56975817077864;4.33202797708344;3.51973720280498;3.78516282478141;4.58912371182732;4.4868514378954;4.69216891683647;3.37905056163788;3.97858642299128;4.50561788521829;3.53975702854426;2.84800066015709;3.92476742236085;4.50997328650962;4.43048894484358;5.39937960045806;3.78621845510159;4.04820219607644;3.33856936219102;3.85472420956226;3.54177339366547
180;44000000;272500;5188000;8300000;8750000;1300000;1;0;0;1;0;1;1;58;3;15;3.29930058871261;2.54320250946164;4.28588020256065;3.626474743356;2.22968699326937;3.18003084730744;3.82890753568842;3.07091638978975;3.79853621269151;4.14495141540325;2.58593933232526;3.58493271188774;3.65341842743192;4.11256210180924;4.0084586492562;4.22171297963188;3.60952280611687;2.77800192451502;2.24720222864421;2.13161221186729;2.18716124235017;4.35467318283299;2.91140592315142;2.89255999876967;4.46885109526007;3.37691315818969;2.29963817688237;2.20505496578415;2.18360252716324;2.21240122373237;2.47972427536165;2.5628832159573;3.46320170746022;3.51973720280498;3.78516282478141;4.58912371182732;2.53375234479293;2.76673291161913;2.25494251102376;3.97858642299128;2.2414941394042;3.53975702854426;3.91202946372234;3.92476742236085;2.38080044094893;2.38496754694837;2.36312148816913;2.12896031990924;4.04820219607644;3.33856936219102;1;1
181;76000000;1425000;2320000;15250000;16450000;2800000;1;0;0;1;0;1;1;58;3;20;3.29930058871261;2.54320250946164;4.28588020256065;3.626474743356;2.22968699326937;3.18003084730744;3.82890753568842;3.07091638978975;3.79853621269151;4.14495141540325;2.58593933232526;3.58493271188774;3.65341842743192;4.11256210180924;4.0084586492562;4.22171297963188;3.60952280611687;2.77800192451502;2.24720222864421;2.13161221186729;3.10234489670439;4.35467318283299;2.91140592315142;2.89255999876967;3.66615203712211;3.37691315818969;2.29963817688237;2.20505496578415;2.18360252716324;2.21240122373237;2.47972427536165;2.5628832159573;3.46320170746022;3.51973720280498;3.78516282478141;4.58912371182732;3.52970480242446;2.76673291161913;2.25494251102376;3.97858642299128;2.2414941394042;3.53975702854426;3.91202946372234;3.92476742236085;2.38080044094893;2.38496754694837;2.36312148816913;2.12896031990924;4.04820219607644;3.33856936219102;1;1
183;29500000;166250;4920000;4400000;4625000;610000;1;0;0;1;0;1;1;48;3;5;3.29930058871261;2.54320250946164;4.28588020256065;3.626474743356;2.22968699326937;3.18003084730744;3.82890753568842;3.07091638978975;3.79853621269151;4.14495141540325;2.58593933232526;3.58493271188774;3.65341842743192;4.11256210180924;4.0084586492562;4.22171297963188;3.60952280611687;2.77800192451502;2.24720222864421;2.13161221186729;2.18716124235017;4.35467318283299;2.91140592315142;2.89255999876967;2.36735499135022;3.37691315818969;2.29963817688237;2.20505496578415;2.18360252716324;2.21240122373237;2.47972427536165;2.5628832159573;3.46320170746022;3.51973720280498;3.78516282478141;4.58912371182732;3.52970480242446;2.76673291161913;2.25494251102376;3.97858642299128;2.2414941394042;3.53975702854426;3.91202946372234;3.92476742236085;2.38080044094893;2.38496754694837;2.36312148816913;2.12896031990924;4.04820219607644;3.33856936219102;1;1
184;49700000;617500;5520000;8850000;9375000;1300000;1;0;0;1;0;1;1;65;4;20;2.28225546322899;2.54320250946164;2.30953238350105;2.52124561291124;2.94461110793176;2.30413729102943;3.82890753568842;3.07091638978975;3.02302234443974;4.14495141540325;2.58593933232526;2.3523464334854;2.43959482877361;4.11256210180924;4.0084586492562;4.22171297963188;3.60952280611687;2.77800192451502;2.24720222864421;2.13161221186729;3.10234489670439;4.35467318283299;2.91140592315142;2.14988140028723;2.36735499135022;3.37691315818969;2.29963817688237;2.20505496578415;2.18360252716324;2.21240122373237;2.47972427536165;2.5628832159573;3.46320170746022;3.51973720280498;3.78516282478141;4.58912371182732;2.53375234479293;2.76673291161913;2.25494251102376;3.97858642299128;2.2414941394042;3.53975702854426;3.91202946372234;3.92476742236085;2.38080044094893;2.38496754694837;2.36312148816913;2.12896031990924;4.04820219607644;3.33856936219102;2.95244891980085;1
185;49600000;513000;4032000;9000000;9450000;1300000;1;0;0;1;0;1;1;53;4;10;3.29930058871261;2.54320250946164;3.33136848638446;2.52124561291124;2.22968699326937;2.30413729102943;2.18594503766934;2.23745981113385;2.28323413237892;3.1322696687897;2.58593933232526;3.58493271188774;2.43959482877361;3.29561717629922;2.43247411919635;2.44594206680838;2.53115219901003;2.77800192451502;2.24720222864421;2.13161221186729;2.18716124235017;2.08858216452189;2.14572790578305;2.14988140028723;2.36735499135022;2.0216462429411;2.29963817688237;2.20505496578415;2.18360252716324;2.21240122373237;2.47972427536165;2.5628832159573;2.47541720935374;2.36706545328246;2.8786203527613;3.69916605436049;4.4868514378954;2.76673291161913;4.45417645067644;1.96722096956597;2.2414941394042;2.20635182314303;1.97578381159481;3.92476742236085;2.38080044094893;2.38496754694837;2.36312148816913;2.12896031990924;2.86889033290433;2.22453451561005;1;1
186;46500000;617500;5100000;9200000;9500000;1000000;1;0;0;1;0;1;1;40;2;8;3.29930058871261;2.54320250946164;3.33136848638446;2.52124561291124;2.22968699326937;2.30413729102943;2.18594503766934;2.23745981113385;2.28323413237892;3.1322696687897;2.58593933232526;3.58493271188774;2.43959482877361;3.29561717629922;2.43247411919635;3.39423935463136;2.53115219901003;2.77800192451502;2.24720222864421;2.13161221186729;2.18716124235017;2.08858216452189;2.14572790578305;2.14988140028723;2.36735499135022;2.0216462429411;2.29963817688237;2.20505496578415;2.18360252716324;2.21240122373237;2.47972427536165;2.5628832159573;2.47541720935374;2.36706545328246;2.8786203527613;3.69916605436049;4.4868514378954;2.76673291161913;2.25494251102376;3.97858642299128;3.36761859499357;3.53975702854426;3.91202946372234;3.92476742236085;2.38080044094893;2.38496754694837;2.36312148816913;2.12896031990924;2.86889033290433;2.22453451561005;1;1
187;22800000;160000;6680000;4300000;4525000;445000;1;0;1;0;0;1;0;70;1;48;3.29930058871261;2.54320250946164;3.33136848638446;2.52124561291124;2.22968699326937;2.30413729102943;2.18594503766934;2.23745981113385;2.28323413237892;3.1322696687897;2.58593933232526;3.58493271188774;2.43959482877361;3.29561717629922;2.43247411919635;2.44594206680838;2.53115219901003;2.77800192451502;2.24720222864421;2.13161221186729;2.18716124235017;2.08858216452189;2.14572790578305;2.14988140028723;2.36735499135022;2.0216462429411;2.29963817688237;2.20505496578415;2.18360252716324;2.21240122373237;2.47972427536165;2.5628832159573;2.47541720935374;2.36706545328246;2.8786203527613;3.69916605436049;4.4868514378954;2.76673291161913;2.25494251102376;3.97858642299128;3.36761859499357;3.53975702854426;3.91202946372234;3.92476742236085;2.38080044094893;2.38496754694837;2.36312148816913;2.12896031990924;2.86889033290433;2.22453451561005;1;1
188;68400000;646000;2730000;7560000;8085000;1100000;1;0;0;1;0;1;1;35;4;8;3.29930058871261;2.54320250946164;3.33136848638446;2.52124561291124;2.22968699326937;2.30413729102943;2.18594503766934;2.23745981113385;2.28323413237892;3.1322696687897;2.58593933232526;3.58493271188774;2.43959482877361;2.41355624326404;2.43247411919635;2.44594206680838;2.53115219901003;2.77800192451502;2.24720222864421;2.13161221186729;2.18716124235017;2.08858216452189;2.14572790578305;2.14988140028723;2.36735499135022;2.0216462429411;2.29963817688237;2.20505496578415;2.18360252716324;2.21240122373237;2.47972427536165;2.5628832159573;2.47541720935374;2.36706545328246;2.8786203527613;3.69916605436049;4.4868514378954;2.76673291161913;2.25494251102376;3.97858642299128;3.36761859499357;3.53975702854426;1.97578381159481;2.33353972899358;4.50997328650962;3.51101002477435;3.32671046779238;3.78621845510159;4.04820219607644;2.22453451561005;2.09080788958823;2.03467826156653
189;103100000;1140000;4160000;15400000;16450000;4151700;1;0;0;1;0;1;1;35;4;5;3.29930058871261;2.54320250946164;3.33136848638446;2.52124561291124;2.22968699326937;2.30413729102943;2.18594503766934;2.23745981113385;2.28323413237892;3.1322696687897;2.58593933232526;3.58493271188774;2.43959482877361;2.41355624326404;2.43247411919635;2.44594206680838;2.53115219901003;2.77800192451502;2.24720222864421;2.13161221186729;2.18716124235017;2.72067088037479;2.14572790578305;2.14988140028723;2.36735499135022;2.0216462429411;2.29963817688237;2.20505496578415;2.18360252716324;2.21240122373237;2.47972427536165;2.5628832159573;2.47541720935374;2.36706545328246;2.8786203527613;3.69916605436049;4.4868514378954;2.76673291161913;2.25494251102376;3.97858642299128;3.36761859499357;3.53975702854426;3.91202946372234;3.92476742236085;2.38080044094893;2.38496754694837;2.36312148816913;2.12896031990924;2.86889033290433;2.22453451561005;1;1
190;97500000;1406000;1288500;15250000;16150000;3020000;1;0;0;1;0;1;1;50;4;15;3.29930058871261;2.54320250946164;3.33136848638446;2.52124561291124;2.22968699326937;2.30413729102943;2.18594503766934;2.23745981113385;2.28323413237892;3.1322696687897;2.58593933232526;3.58493271188774;2.43959482877361;4.11256210180924;4.0084586492562;4.22171297963188;3.60952280611687;2.77800192451502;2.24720222864421;2.13161221186729;2.18716124235017;2.08858216452189;2.14572790578305;2.14988140028723;2.36735499135022;2.0216462429411;2.29963817688237;2.20505496578415;2.18360252716324;2.21240122373237;2.47972427536165;2.5628832159573;2.47541720935374;2.36706545328246;2.8786203527613;3.69916605436049;4.4868514378954;2.76673291161913;2.25494251102376;3.97858642299128;3.36761859499357;3.53975702854426;3.91202946372234;3.92476742236085;2.38080044094893;2.38496754694837;2.36312148816913;2.12896031990924;2.86889033290433;2.22453451561005;1;1
191;94600000;1235000;2420000;13020000;13920000;2220000;1;0;1;0;0;1;1;69;2;40;3.29930058871261;2.54320250946164;3.33136848638446;2.52124561291124;2.22968699326937;2.30413729102943;2.18594503766934;2.23745981113385;2.28323413237892;3.1322696687897;2.58593933232526;3.58493271188774;2.43959482877361;4.11256210180924;4.0084586492562;4.22171297963188;3.60952280611687;2.77800192451502;2.24720222864421;2.13161221186729;2.18716124235017;2.08858216452189;2.14572790578305;2.14988140028723;2.36735499135022;2.0216462429411;2.29963817688237;2.20505496578415;2.18360252716324;2.21240122373237;2.47972427536165;2.5628832159573;2.47541720935374;2.36706545328246;2.8786203527613;3.69916605436049;4.4868514378954;2.76673291161913;2.25494251102376;3.97858642299128;3.36761859499357;3.53975702854426;3.91202946372234;3.92476742236085;2.38080044094893;2.38496754694837;2.36312148816913;2.12896031990924;4.04820219607644;3.33856936219102;1;1
192;34800000;190000;740000;3800000;3980000;450000;1;0;0;0;0;0;0;50;3;20;3.29930058871261;2.54320250946164;3.33136848638446;2.52124561291124;2.22968699326937;2.30413729102943;2.18594503766934;2.23745981113385;2.28323413237892;3.1322696687897;2.58593933232526;3.58493271188774;2.43959482877361;3.29561717629922;2.43247411919635;2.44594206680838;2.53115219901003;2.77800192451502;2.24720222864421;2.13161221186729;2.18716124235017;2.08858216452189;2.14572790578305;2.14988140028723;2.36735499135022;2.0216462429411;2.29963817688237;2.20505496578415;2.18360252716324;2.21240122373237;2.47972427536165;2.5628832159573;2.47541720935374;2.36706545328246;2.8786203527613;3.69916605436049;4.4868514378954;2.76673291161913;2.25494251102376;3.97858642299128;3.36761859499357;3.53975702854426;3.91202946372234;3.92476742236085;2.38080044094893;2.38496754694837;2.36312148816913;2.12896031990924;2.86889033290433;2.22453451561005;1;1
195;71200000;703000;1380000;8700000;9060000;1310000;1;0;1;0;0;1;1;60;3;30;3.29930058871261;2.54320250946164;3.33136848638446;2.52124561291124;2.94461110793176;2.30413729102943;2.18594503766934;2.23745981113385;2.28323413237892;3.1322696687897;2.58593933232526;3.58493271188774;2.43959482877361;4.11256210180924;4.0084586492562;4.22171297963188;4.53834412237969;2.77800192451502;2.24720222864421;2.13161221186729;2.18716124235017;2.08858216452189;2.14572790578305;2.14988140028723;2.36735499135022;2.63965719851903;2.29963817688237;2.20505496578415;2.18360252716324;2.21240122373237;2.47972427536165;2.5628832159573;2.47541720935374;2.36706545328246;3.78516282478141;2.75680720075089;2.53375234479293;2.76673291161913;3.37905056163788;2.83209444307479;4.50561788521829;2.20635182314303;3.91202946372234;2.33353972899358;4.50997328650962;3.51101002477435;3.32671046779238;3.78621845510159;4.04820219607644;2.22453451561005;1;1
196;31900000;570000;3360000;8700000;8820000;345000;1;0;1;0;0;1;1;40;3;15;3.29930058871261;2.54320250946164;3.33136848638446;2.52124561291124;2.94461110793176;2.30413729102943;2.18594503766934;2.23745981113385;2.28323413237892;3.1322696687897;2.58593933232526;3.58493271188774;2.43959482877361;3.29561717629922;2.43247411919635;2.44594206680838;2.53115219901003;2.77800192451502;2.24720222864421;2.13161221186729;2.18716124235017;2.08858216452189;2.14572790578305;2.14988140028723;2.36735499135022;2.63965719851903;2.29963817688237;2.20505496578415;2.18360252716324;2.21240122373237;2.47972427536165;2.5628832159573;2.47541720935374;2.36706545328246;3.78516282478141;2.75680720075089;2.53375234479293;2.76673291161913;3.37905056163788;2.83209444307479;4.50561788521829;2.20635182314303;3.91202946372234;2.33353972899358;4.50997328650962;3.51101002477435;3.32671046779238;3.78621845510159;4.04820219607644;2.22453451561005;1;1
197;49700000;570000;4620000;9000000;9240000;1300000;1;0;0;1;0;1;1;54;4;15;3.29930058871261;2.54320250946164;3.33136848638446;2.52124561291124;2.94461110793176;2.30413729102943;2.18594503766934;2.23745981113385;2.28323413237892;3.1322696687897;2.58593933232526;3.58493271188774;2.43959482877361;4.11256210180924;4.0084586492562;4.22171297963188;3.60952280611687;2.77800192451502;2.24720222864421;2.13161221186729;2.18716124235017;2.08858216452189;2.14572790578305;2.14988140028723;2.36735499135022;2.0216462429411;3.07464677227252;2.20505496578415;2.18360252716324;2.21240122373237;2.47972427536165;2.5628832159573;2.47541720935374;3.51973720280498;2.12433991095465;2.75680720075089;2.53375234479293;2.76673291161913;3.37905056163788;2.83209444307479;4.50561788521829;2.20635182314303;3.91202946372234;2.33353972899358;4.50997328650962;3.51101002477435;3.32671046779238;3.78621845510159;4.04820219607644;2.22453451561005;1;1
198;49700000;285000;4620000;9000000;9120000;650000;1;0;1;0;0;1;0;68;2;30;3.29930058871261;2.54320250946164;3.33136848638446;2.52124561291124;2.94461110793176;2.30413729102943;2.18594503766934;2.23745981113385;2.28323413237892;3.1322696687897;2.58593933232526;3.58493271188774;2.43959482877361;3.29561717629922;2.43247411919635;2.44594206680838;2.53115219901003;2.77800192451502;2.24720222864421;2.13161221186729;2.18716124235017;2.08858216452189;2.14572790578305;2.14988140028723;2.36735499135022;2.0216462429411;3.07464677227252;2.20505496578415;2.18360252716324;2.21240122373237;2.47972427536165;2.5628832159573;2.47541720935374;3.51973720280498;2.12433991095465;2.75680720075089;2.53375234479293;2.76673291161913;3.37905056163788;2.83209444307479;4.50561788521829;2.20635182314303;3.91202946372234;2.33353972899358;4.50997328650962;3.51101002477435;3.32671046779238;3.78621845510159;4.04820219607644;2.22453451561005;1;1
199;69300000;608000;5610000;11700000;11940000;1300000;1;0;0;1;0;1;1;45;3;8;3.29930058871261;2.54320250946164;3.33136848638446;2.52124561291124;2.94461110793176;2.30413729102943;2.18594503766934;2.23745981113385;2.28323413237892;3.1322696687897;2.58593933232526;3.58493271188774;2.43959482877361;2.41355624326404;2.43247411919635;2.44594206680838;2.53115219901003;2.77800192451502;2.24720222864421;2.13161221186729;2.18716124235017;2.08858216452189;2.14572790578305;2.14988140028723;2.36735499135022;2.0216462429411;3.07464677227252;2.20505496578415;2.18360252716324;2.21240122373237;2.47972427536165;2.5628832159573;2.47541720935374;3.51973720280498;2.12433991095465;2.75680720075089;2.53375234479293;2.76673291161913;3.37905056163788;2.83209444307479;4.50561788521829;2.20635182314303;3.91202946372234;2.33353972899358;4.50997328650962;3.51101002477435;3.32671046779238;3.78621845510159;4.04820219607644;2.22453451561005;1;1
200;97500000;1406000;4930000;15450000;16050000;3020000;1;0;0;1;0;1;1;45;3;20;3.29930058871261;2.54320250946164;3.33136848638446;2.52124561291124;2.94461110793176;2.30413729102943;2.18594503766934;2.23745981113385;2.28323413237892;3.1322696687897;2.58593933232526;3.58493271188774;2.43959482877361;3.29561717629922;2.43247411919635;2.44594206680838;2.53115219901003;2.77800192451502;2.24720222864421;2.13161221186729;2.18716124235017;2.08858216452189;2.14572790578305;2.14988140028723;2.36735499135022;2.0216462429411;3.07464677227252;2.20505496578415;2.18360252716324;2.21240122373237;2.47972427536165;2.5628832159573;2.47541720935374;3.51973720280498;2.12433991095465;2.75680720075089;2.53375234479293;2.76673291161913;3.37905056163788;2.83209444307479;4.50561788521829;2.20635182314303;3.91202946372234;2.33353972899358;4.50997328650962;3.51101002477435;3.32671046779238;3.78621845510159;4.04820219607644;2.22453451561005;1;1
201;67500000;570000;5460000;11500000;11950000;1100000;1;0;1;0;0;1;1;55;4;30;3.29930058871261;2.54320250946164;4.28588020256065;3.626474743356;2.22968699326937;3.18003084730744;3.82890753568842;3.07091638978975;3.79853621269151;3.1322696687897;2.58593933232526;3.58493271188774;3.65341842743192;4.11256210180924;4.0084586492562;4.22171297963188;3.60952280611687;3.9443867724375;4.00874465837667;3.85267436368364;3.10234489670439;4.35467318283299;2.91140592315142;2.89255999876967;4.46885109526007;3.37691315818969;2.29963817688237;2.20505496578415;2.18360252716324;2.21240122373237;2.47972427536165;2.5628832159573;3.46320170746022;3.51973720280498;3.78516282478141;2.75680720075089;2.53375234479293;2.76673291161913;2.25494251102376;3.97858642299128;2.2414941394042;3.53975702854426;3.91202946372234;3.92476742236085;2.38080044094893;2.38496754694837;2.36312148816913;2.12896031990924;4.04820219607644;3.33856936219102;1;1
202;60500000;1400000;2400000;4800000;4957500;245000;1;0;0;1;0;1;1;45;1;20;2.28225546322899;3.55774066702523;3.33136848638446;2.52124561291124;1;1;1;1;1;1;1;1;1;2.41355624326404;2.43247411919635;2.44594206680838;2.53115219901003;1.9698178204238;2.24720222864421;2.13161221186729;2.18716124235017;1;1;1;1;1;2.29963817688237;2.20505496578415;2.18360252716324;2.21240122373237;2.47972427536165;2.5628832159573;2.47541720935374;2.36706545328246;2.12433991095465;2.75680720075089;2.53375234479293;2.76673291161913;1;1.96722096956597;1;1;2.84800066015709;2.93663138247969;1;1;1;1;2.86889033290433;2.22453451561005;2.09080788958823;2.03467826156653
203;88000000;160000;4740000;9100000;9400000;1200000;1;0;1;0;0;1;1;55;4;20;3.29930058871261;2.54320250946164;4.28588020256065;3.626474743356;1;1;1;1;1;4.14495141540325;2.58593933232526;3.58493271188774;3.65341842743192;2.41355624326404;2.43247411919635;2.44594206680838;2.53115219901003;3.9443867724375;4.00874465837667;3.85267436368364;3.10234489670439;4.35467318283299;2.91140592315142;2.89255999876967;2.36735499135022;3.37691315818969;2.29963817688237;2.20505496578415;2.18360252716324;2.21240122373237;2.47972427536165;2.5628832159573;3.46320170746022;3.51973720280498;3.78516282478141;4.58912371182732;2.53375234479293;2.76673291161913;2.25494251102376;3.97858642299128;2.2414941394042;3.53975702854426;3.91202946372234;3.92476742236085;2.38080044094893;2.38496754694837;2.36312148816913;2.12896031990924;4.04820219607644;3.33856936219102;1;1
204;55000000;4000000;2760000;4800000;5100000;700000;1;0;0;1;0;1;1;35;4;15;1;1;1;1;1;1;1;1;1;2.1901362459633;2.58593933232526;2.3523464334854;2.43959482877361;2.41355624326404;2.43247411919635;2.44594206680838;2.53115219901003;3.9443867724375;4.00874465837667;2.13161221186729;2.18716124235017;1;1;1;1;1;2.29963817688237;2.20505496578415;2.18360252716324;2.21240122373237;2.47972427536165;2.5628832159573;2.47541720935374;2.36706545328246;2.12433991095465;2.75680720075089;2.53375234479293;2.76673291161913;1;1.96722096956597;1;1;2.84800066015709;2.93663138247969;1;1;1;1;2.86889033290433;2.22453451561005;2.09080788958823;2.03467826156653
205;37500000;190000;3240000;7100000;7250000;450000;1;0;1;0;0;1;0;72;1;40;3.29930058871261;2.54320250946164;3.33136848638446;2.52124561291124;2.22968699326937;2.30413729102943;2.18594503766934;2.23745981113385;2.28323413237892;3.1322696687897;2.58593933232526;3.58493271188774;2.43959482877361;3.29561717629922;2.43247411919635;2.44594206680838;2.53115219901003;2.77800192451502;2.24720222864421;2.13161221186729;2.18716124235017;2.08858216452189;2.14572790578305;2.14988140028723;2.36735499135022;2.0216462429411;2.29963817688237;2.20505496578415;2.18360252716324;2.21240122373237;2.47972427536165;2.5628832159573;2.47541720935374;2.36706545328246;2.12433991095465;2.75680720075089;2.53375234479293;2.76673291161913;1;1.96722096956597;1;1;2.84800066015709;3.92476742236085;2.38080044094893;2.38496754694837;2.36312148816913;2.12896031990924;2.86889033290433;1;1;1
206;49600000;522500;4719990;11200000;11650000;1300000;1;0;1;0;0;1;1;55;4;20;2.28225546322899;3.55774066702523;3.33136848638446;2.52124561291124;1;1;1;1;1;1;1;1;1;2.41355624326404;2.43247411919635;2.44594206680838;2.53115219901003;1.9698178204238;2.24720222864421;2.13161221186729;2.18716124235017;1;1;1;1;1;2.29963817688237;2.20505496578415;2.18360252716324;2.21240122373237;2.47972427536165;2.5628832159573;2.47541720935374;2.36706545328246;2.12433991095465;2.75680720075089;2.53375234479293;2.76673291161913;1;1.96722096956597;1;1;2.84800066015709;2.93663138247969;1;1;1;1;2.86889033290433;2.22453451561005;2.09080788958823;2.03467826156653
207;80500000;1235000;3060000;12250000;13150000;2220000;1;0;0;1;0;1;1;55;3;15;3.29930058871261;2.54320250946164;3.33136848638446;2.52124561291124;2.22968699326937;2.30413729102943;2.18594503766934;2.23745981113385;2.28323413237892;3.1322696687897;2.58593933232526;3.58493271188774;2.43959482877361;3.29561717629922;2.43247411919635;3.39423935463136;2.53115219901003;2.77800192451502;2.24720222864421;2.13161221186729;2.18716124235017;2.72067088037479;2.14572790578305;2.14988140028723;2.36735499135022;2.0216462429411;2.29963817688237;2.20505496578415;2.18360252716324;2.21240122373237;2.47972427536165;2.5628832159573;2.47541720935374;2.36706545328246;2.8786203527613;3.69916605436049;4.4868514378954;2.76673291161913;2.25494251102376;3.97858642299128;3.36761859499357;3.53975702854426;3.91202946372234;3.92476742236085;2.38080044094893;2.38496754694837;2.36312148816913;2.12896031990924;2.86889033290433;2.22453451561005;1;1
208;49600000;522500;1980000;9200000;9650000;1300000;1;0;0;1;0;1;1;40;4;5;3.29930058871261;2.54320250946164;3.33136848638446;2.52124561291124;2.22968699326937;2.30413729102943;2.18594503766934;2.23745981113385;2.28323413237892;3.1322696687897;2.58593933232526;3.58493271188774;2.43959482877361;3.29561717629922;2.43247411919635;2.44594206680838;3.60952280611687;2.77800192451502;2.24720222864421;2.13161221186729;2.18716124235017;2.08858216452189;2.14572790578305;2.14988140028723;2.36735499135022;2.0216462429411;2.29963817688237;2.20505496578415;2.18360252716324;2.21240122373237;2.47972427536165;2.5628832159573;2.47541720935374;2.36706545328246;2.8786203527613;3.69916605436049;4.4868514378954;2.76673291161913;2.25494251102376;3.97858642299128;3.36761859499357;3.53975702854426;3.91202946372234;3.92476742236085;2.38080044094893;2.38496754694837;2.36312148816913;2.12896031990924;2.86889033290433;2.22453451561005;1;1
209;80500000;1235000;3060000;12250000;13150000;2220000;1;0;0;1;0;1;1;52;5;5;3.29930058871261;2.54320250946164;3.33136848638446;2.52124561291124;2.22968699326937;2.30413729102943;2.18594503766934;2.23745981113385;2.28323413237892;3.1322696687897;2.58593933232526;3.58493271188774;2.43959482877361;3.29561717629922;2.43247411919635;2.44594206680838;3.60952280611687;2.77800192451502;2.24720222864421;2.13161221186729;2.18716124235017;2.72067088037479;2.14572790578305;2.14988140028723;2.36735499135022;2.0216462429411;2.29963817688237;2.20505496578415;2.18360252716324;2.21240122373237;2.47972427536165;2.5628832159573;2.47541720935374;2.36706545328246;2.8786203527613;3.69916605436049;4.4868514378954;2.76673291161913;2.25494251102376;3.97858642299128;3.36761859499357;3.53975702854426;3.91202946372234;3.92476742236085;2.38080044094893;2.38496754694837;2.36312148816913;2.12896031990924;2.86889033290433;2.22453451561005;1;1
210;49600000;522500;1980000;9200000;9650000;1100000;1;0;1;0;0;1;0;65;2;45;3.29930058871261;2.54320250946164;3.33136848638446;2.52124561291124;2.22968699326937;2.30413729102943;2.18594503766934;2.23745981113385;2.28323413237892;3.1322696687897;2.58593933232526;3.58493271188774;2.43959482877361;3.29561717629922;2.43247411919635;3.39423935463136;2.53115219901003;2.77800192451502;2.24720222864421;2.13161221186729;2.18716124235017;2.08858216452189;2.14572790578305;2.14988140028723;2.36735499135022;2.0216462429411;2.29963817688237;2.20505496578415;2.18360252716324;2.21240122373237;2.47972427536165;2.5628832159573;2.47541720935374;2.36706545328246;2.8786203527613;3.69916605436049;4.4868514378954;2.76673291161913;2.25494251102376;3.97858642299128;3.36761859499357;3.53975702854426;3.91202946372234;3.92476742236085;2.38080044094893;2.38496754694837;2.36312148816913;2.12896031990924;2.86889033290433;2.22453451561005;1;1
