age_yr;family_org;exp_yr;mid;downstream;acreage_sqm;yield_kg;labour_org;seed_kg;manure_kg;log_acreage;log_yield;log_labour;log_seed;log_manure;d1_1;d1_2;d1_3;d1_4;d2_1;d2_2;d2_3;d2_4;d2_5;d3_1;d3_2;d3_3;d3_4;d4_1;d4_2;d4_3;d4_4;e1_1;e1_2;e1_3;e1_4;e2_1;e2_2;e2_3;e2_4;e2_5;e3_1;e3_2;e3_3;e3_4;f1_1;f1_2;f1_3;f1_4;f2_1;f2_2;f2_3;f2_4;f3_1;f3_2;f3_3;f3_4;f3_5;g1_1;g1_2;g1_3;g1_4;g1_5;g2_1;g2_2;g2_3;g2_4;adaptasi1_1;adaptasi1_2;adaptasi1_3;lingkungan2_1;lingkungan2_2;mitigasi3_1;mitigasi3_2;mitigasi3_3;mitigasi3_4;mitigasi3_5;produksi4_1;produksi4_2;produksi4_3;produksi4_4;produksi4_5;sosial5_1;sosial5_2;sosial5_3;ekonomi6_1;ekonomi6_2;ekonomi6_3;ekonomi6_4;ekonomi6_5;ekonomi6_6
75;2;20;0;0;10000;12000;40;50;1600;4;4.07918124604762;1.60205999132796;1.69897000433602;3.20411998265592;2.28225546322899;2.54320250946164;2.30953238350105;2.52124561291124;3.69741969909386;4.03929773138387;3.82890753568842;3.87962946468104;3.79853621269151;2.1901362459633;4.24608497988177;2.3523464334854;1;2.41355624326404;2.43247411919635;2.44594206680838;2.53115219901003;1.9698178204238;2.24720222864421;2.13161221186729;2.18716124235017;3.31290682887049;3.50907770710191;3.53153025530216;2.36735499135022;3.37691315818969;3.85216486801159;4.0015310262084;3.92188812750499;3.66964946192881;2.47972427536165;2.5628832159573;2.47541720935374;2.36706545328246;3.78516282478141;4.58912371182732;4.4868514378954;4.69216891683647;2.25494251102376;1.96722096956597;2.2414941394042;2.20635182314303;3.91202946372234;3.92476742236085;4.50997328650962;4.43048894484358;4.17504038364695;3.78621845510159;4.04820219607644;4.38661246607969;3.85472420956226;3.54177339366547;3.400244;1;2.905658;2.251186;2.552228;2.302462;3.619373;5.330098;3.624194;3.113618;2.605249;3.573757;1;2.34137;2.92899;2.075129;3.387267;1;5.086402;4.700008;2.417717;3.323561;3.259124;4.938916
39;3;10;0;0;8000;10000;40;40;480;3.90308998699194;4;1.60205999132796;1.60205999132796;2.68124123737559;2.28225546322899;2.54320250946164;2.30953238350105;2.52124561291124;3.69741969909386;4.03929773138387;3.82890753568842;3.87962946468104;3.79853621269151;2.1901362459633;4.24608497988177;2.3523464334854;4.84488846861793;2.41355624326404;2.43247411919635;2.44594206680838;2.53115219901003;3.9443867724375;4.00874465837667;3.85267436368364;4.05885410729385;3.31290682887049;3.50907770710191;3.53153025530216;2.36735499135022;3.37691315818969;3.85216486801159;4.0015310262084;3.92188812750499;3.66964946192881;4.3431839666906;4.56975817077864;4.33202797708344;4.62866151341824;3.78516282478141;4.58912371182732;4.4868514378954;4.69216891683647;2.25494251102376;1.96722096956597;2.2414941394042;2.20635182314303;3.91202946372234;3.92476742236085;4.50997328650962;4.43048894484358;4.17504038364695;3.78621845510159;4.04820219607644;4.38661246607969;3.85472420956226;3.54177339366547;2.321201;1;2.905658;2.251186;2.552228;1;3.619373;4.261663;3.624194;3.113618;2.605249;3.573757;1;2.34137;2.92899;1;2.202079;1;5.086402;4.700008;3.443439;3.323561;3.259124;3.404671
53;3;5;0;0;2500;1800;15;3.75;37.5;3.39794000867204;3.25527250510331;1.17609125905568;0.574031267727719;1.57403126772772;4.2542925832878;4.39253015068777;4.28588020256065;3.626474743356;3.69741969909386;4.03929773138387;3.82890753568842;3.87962946468104;3.79853621269151;2.1901362459633;4.24608497988177;4.73145170458151;4.84488846861793;2.41355624326404;2.43247411919635;2.44594206680838;2.53115219901003;3.9443867724375;4.00874465837667;3.85267436368364;4.05885410729385;3.31290682887049;3.50907770710191;3.53153025530216;2.36735499135022;3.37691315818969;3.85216486801159;4.0015310262084;3.92188812750499;3.66964946192881;4.3431839666906;4.56975817077864;4.33202797708344;4.62866151341824;3.78516282478141;2.75680720075089;2.53375234479293;4.69216891683647;4.45417645067644;3.97858642299128;4.50561788521829;3.53975702854426;3.91202946372234;2.33353972899358;3.44299683380665;2.38496754694837;3.32671046779238;2.94414672725435;2.86889033290433;3.33856936219102;2.95244891980085;2.78634843669992;1.843951;1;2.905658;2.251186;1;2.302462;3.619373;3.08235;3.624194;2.365555;2.605249;3.573757;1;2.34137;1;2.075129;2.202079;3.431807;3.361935;3.188445;1;3.323561;3.259124;3.404671
53;4;30;0;0;2500;2500;15;3.75;37.5;3.39794000867204;3.39794000867204;1.17609125905568;0.574031267727719;1.57403126772772;4.2542925832878;4.39253015068777;4.28588020256065;3.626474743356;3.69741969909386;4.03929773138387;3.82890753568842;3.87962946468104;3.79853621269151;2.1901362459633;4.24608497988177;4.73145170458151;4.84488846861793;2.41355624326404;2.43247411919635;2.44594206680838;2.53115219901003;3.9443867724375;4.00874465837667;3.85267436368364;4.05885410729385;3.31290682887049;3.50907770710191;3.53153025530216;2.36735499135022;3.37691315818969;3.85216486801159;4.0015310262084;3.92188812750499;3.66964946192881;4.3431839666906;4.56975817077864;4.33202797708344;4.62866151341824;3.78516282478141;3.69916605436049;3.52970480242446;4.69216891683647;4.45417645067644;3.97858642299128;4.50561788521829;3.53975702854426;3.91202946372234;2.33353972899358;4.50997328650962;4.43048894484358;4.17504038364695;3.78621845510159;4.04820219607644;4.38661246607969;3.85472420956226;3.54177339366547;1.843951;1;2.905658;2.251186;2.552228;1;3.619373;4.261663;3.624194;2.365555;2.605249;3.573757;2.527282;2.34137;2.92899;2.075129;2.202079;4.118641;5.086402;4.700008;1;3.323561;3.259124;3.404671
60;6;40;0;0;7000;5000;12;49.7;299.6;3.84509804001426;3.69897000433602;1.07918124604762;1.69635638873333;2.47654180902743;4.2542925832878;4.39253015068777;4.28588020256065;4.61035400503481;4.93597898202048;4.03929773138387;3.82890753568842;3.87962946468104;3.79853621269151;2.1901362459633;4.24608497988177;2.3523464334854;2.43959482877361;4.11256210180924;2.43247411919635;2.44594206680838;2.53115219901003;3.9443867724375;4.00874465837667;2.94233011372017;4.05885410729385;3.31290682887049;3.50907770710191;3.53153025530216;3.23049615114934;3.37691315818969;3.85216486801159;3.07992614689203;3.92188812750499;3.66964946192881;2.47972427536165;2.5628832159573;4.33202797708344;4.62866151341824;3.78516282478141;2.75680720075089;4.4868514378954;4.69216891683647;2.25494251102376;3.97858642299128;2.2414941394042;2.20635182314303;3.91202946372234;3.92476742236085;4.50997328650962;2.38496754694837;2.36312148816913;3.78621845510159;4.04820219607644;2.22453451561005;2.09080788958823;2.03467826156653;2.684574;1;1;3.030641;2.552228;1;2.684162;3.08235;1.974185;1;4.139744;3.573757;1;1;2.115827;2.859918;2.202079;2.905798;3.361935;3.188445;3.443439;3.323561;3.259124;3.404671
40;2;10;0;0;4500;3000;198;45;149.85;3.65321251377534;3.47712125471966;2.29666519026153;1.65321251377534;2.17565674728166;1;2.54320250946164;2.30953238350105;2.52124561291124;2.22968699326937;2.30413729102943;2.18594503766934;2.23745981113385;2.28323413237892;2.1901362459633;2.58593933232526;2.3523464334854;2.43959482877361;2.41355624326404;2.43247411919635;2.44594206680838;2.53115219901003;3.9443867724375;4.00874465837667;3.85267436368364;2.18716124235017;2.08858216452189;2.14572790578305;2.14988140028723;2.36735499135022;2.0216462429411;3.85216486801159;2.20505496578415;3.92188812750499;3.66964946192881;2.47972427536165;2.5628832159573;2.47541720935374;2.36706545328246;2.12433991095465;2.75680720075089;2.53375234479293;2.76673291161913;2.25494251102376;3.97858642299128;2.2414941394042;2.20635182314303;1.97578381159481;3.92476742236085;2.38080044094893;2.38496754694837;2.36312148816913;2.12896031990924;4.04820219607644;2.22453451561005;2.09080788958823;2.03467826156653;1;1;1;1;1;1;1.606494;3.08235;2.718569;1;1;3.573757;1;1;1;2.859918;1;1;3.361935;3.188445;3.443439;3.323561;3.259124;3.404671
59;7;30;0;0;2500;1800;20;25;225;3.39794000867204;3.25527250510331;1.30102999566398;1.39794000867204;2.35218251811136;2.28225546322899;2.54320250946164;2.30953238350105;2.52124561291124;3.69741969909386;4.03929773138387;3.82890753568842;3.87962946468104;3.79853621269151;2.1901362459633;4.24608497988177;2.3523464334854;2.43959482877361;2.41355624326404;2.43247411919635;2.44594206680838;2.53115219901003;3.9443867724375;4.00874465837667;3.85267436368364;2.18716124235017;3.31290682887049;3.50907770710191;3.53153025530216;2.36735499135022;3.37691315818969;3.85216486801159;4.0015310262084;3.92188812750499;3.66964946192881;2.47972427536165;2.5628832159573;2.47541720935374;2.36706545328246;3.78516282478141;2.75680720075089;2.53375234479293;4.69216891683647;2.25494251102376;3.97858642299128;2.2414941394042;2.20635182314303;3.91202946372234;3.92476742236085;4.50997328650962;2.38496754694837;2.36312148816913;3.78621845510159;4.04820219607644;4.38661246607969;2.09080788958823;3.54177339366547;2.321201;1;1;3.030641;1;1;2.684162;3.08235;2.718569;1;2.605249;3.573757;1;1;1;2.075129;2.202079;2.15365;3.361935;3.188445;3.443439;3.323561;3.259124;3.404671
36;4;2;0;0;5000;5000;16;30;600;3.69897000433602;3.69897000433602;1.20411998265592;1.47712125471966;2.77815125038364;2.28225546322899;2.54320250946164;2.30953238350105;2.52124561291124;2.22968699326937;2.30413729102943;2.18594503766934;2.23745981113385;2.28323413237892;2.1901362459633;2.58593933232526;2.3523464334854;2.43959482877361;2.41355624326404;2.43247411919635;2.44594206680838;2.53115219901003;3.9443867724375;4.00874465837667;3.85267436368364;2.18716124235017;2.08858216452189;2.14572790578305;2.14988140028723;2.36735499135022;2.0216462429411;3.85216486801159;2.20505496578415;3.92188812750499;3.66964946192881;2.47972427536165;2.5628832159573;2.47541720935374;2.36706545328246;2.12433991095465;2.75680720075089;2.53375234479293;2.76673291161913;2.25494251102376;3.97858642299128;2.2414941394042;2.20635182314303;1.97578381159481;3.92476742236085;4.50997328650962;2.38496754694837;2.36312148816913;3.78621845510159;4.04820219607644;2.22453451561005;2.09080788958823;3.54177339366547;2.684574;1;1;1;1;1;1.606494;1.962471;3.624194;1;4.139744;3.573757;1;1;1;2.075129;1;2.15365;3.361935;3.188445;2.417717;4.813473;3.259124;3.404671
31;3;9;0;0;22000;14300;20;264;1320;4.34242268082221;4.15533603746506;1.30102999566398;2.42160392686983;3.12057393120585;4.2542925832878;4.39253015068777;4.28588020256065;4.61035400503481;3.69741969909386;4.03929773138387;3.82890753568842;3.87962946468104;3.79853621269151;2.1901362459633;4.24608497988177;2.3523464334854;4.84488846861793;4.11256210180924;4.0084586492562;4.22171297963188;4.53834412237969;3.9443867724375;4.00874465837667;3.85267436368364;4.05885410729385;3.31290682887049;3.50907770710191;3.53153025530216;2.36735499135022;3.37691315818969;3.85216486801159;4.0015310262084;3.92188812750499;3.66964946192881;4.3431839666906;4.56975817077864;4.33202797708344;4.62866151341824;3.78516282478141;4.58912371182732;4.4868514378954;4.69216891683647;4.45417645067644;3.97858642299128;4.50561788521829;5.18027334322561;3.91202946372234;3.92476742236085;4.50997328650962;4.43048894484358;2.36312148816913;3.78621845510159;4.04820219607644;4.38661246607969;3.85472420956226;3.54177339366547;2.321201;1;1;3.030641;1;3.177772;2.684162;3.08235;2.718569;1;5.081514;3.573757;1;1;2.115827;3.805811;2.202079;2.15365;3.361935;3.188445;3.443439;4.813473;5.315623;3.404671
60;4;30;0;0;20000;15000;10;300;1300;4.30102999566398;4.17609125905568;1;2.47712125471966;3.11394335230684;2.28225546322899;2.54320250946164;2.30953238350105;2.52124561291124;2.22968699326937;2.30413729102943;2.18594503766934;2.23745981113385;2.28323413237892;2.1901362459633;2.58593933232526;2.3523464334854;2.43959482877361;2.41355624326404;2.43247411919635;2.44594206680838;2.53115219901003;3.9443867724375;2.24720222864421;2.13161221186729;2.18716124235017;2.08858216452189;2.14572790578305;2.14988140028723;2.36735499135022;2.0216462429411;3.85216486801159;4.0015310262084;3.92188812750499;3.66964946192881;2.47972427536165;2.5628832159573;2.47541720935374;2.36706545328246;2.12433991095465;2.75680720075089;2.53375234479293;2.76673291161913;2.25494251102376;3.97858642299128;2.2414941394042;2.20635182314303;1.97578381159481;3.92476742236085;4.50997328650962;2.38496754694837;2.36312148816913;3.78621845510159;4.04820219607644;2.22453451561005;2.09080788958823;2.03467826156653;2.684574;1;1;1;2.552228;1;1.606494;3.08235;2.718569;1;2.605249;5.980714;1;1;2.115827;2.859918;1;1;2.000073;6.083895;2.417717;4.813473;3.259124;3.404671
48;3;20;0;0;5000;1700;30;25;80;3.69897000433602;3.23044892137827;1.47712125471966;1.39794000867204;1.90308998699194;2.28225546322899;4.39253015068777;2.30953238350105;2.52124561291124;3.69741969909386;2.30413729102943;2.18594503766934;2.23745981113385;2.28323413237892;2.1901362459633;2.58593933232526;2.3523464334854;2.43959482877361;2.41355624326404;4.0084586492562;2.44594206680838;2.53115219901003;3.9443867724375;4.00874465837667;3.85267436368364;4.05885410729385;3.31290682887049;2.14572790578305;2.14988140028723;3.66615203712211;2.0216462429411;3.85216486801159;2.20505496578415;3.92188812750499;2.21240122373237;2.47972427536165;2.5628832159573;4.33202797708344;2.36706545328246;2.12433991095465;4.58912371182732;2.53375234479293;4.69216891683647;2.25494251102376;3.97858642299128;2.2414941394042;2.20635182314303;3.91202946372234;3.92476742236085;4.50997328650962;2.38496754694837;2.36312148816913;2.12896031990924;4.04820219607644;4.38661246607969;2.09080788958823;2.03467826156653;1.843951;1;1;3.030641;1;3.79577;2.684162;3.08235;2.718569;1;4.139744;3.573757;1;1;1;3.805811;2.202079;2.15365;3.361935;3.188445;4.628745;4.813473;3.259124;3.404671
70;3;43;0;0;10000;6000;12;80;600;4;3.77815125038364;1.07918124604762;1.90308998699194;2.77815125038364;1;2.54320250946164;2.30953238350105;2.52124561291124;2.22968699326937;2.30413729102943;2.18594503766934;2.23745981113385;2.28323413237892;2.1901362459633;2.58593933232526;2.3523464334854;2.43959482877361;2.41355624326404;2.43247411919635;2.44594206680838;2.53115219901003;3.9443867724375;4.00874465837667;3.85267436368364;2.18716124235017;2.08858216452189;2.14572790578305;2.14988140028723;2.36735499135022;2.0216462429411;3.85216486801159;4.0015310262084;3.92188812750499;3.66964946192881;2.47972427536165;2.5628832159573;2.47541720935374;2.36706545328246;2.12433991095465;2.75680720075089;2.53375234479293;2.76673291161913;2.25494251102376;3.97858642299128;2.2414941394042;2.20635182314303;3.91202946372234;3.92476742236085;4.50997328650962;3.51101002477435;2.36312148816913;3.78621845510159;1.99998511662762;2.22453451561005;2.09080788958823;2.03467826156653;2.684574;1;1;1;2.552228;1;2.684162;1.962471;2.718569;1;2.605249;3.573757;1;1;2.92899;1;1;1;2.000073;4.700008;2.417717;4.813473;3.259124;1.937957
42;3;20;0;0;1500;800;46;19.95;149.85;3.17609125905568;2.90308998699194;1.66275783168157;1.29994290002277;2.17565674728166;2.28225546322899;2.54320250946164;2.30953238350105;2.52124561291124;3.69741969909386;4.03929773138387;3.82890753568842;3.87962946468104;3.79853621269151;2.1901362459633;4.24608497988177;2.3523464334854;2.43959482877361;2.41355624326404;2.43247411919635;2.44594206680838;2.53115219901003;3.9443867724375;4.00874465837667;3.85267436368364;2.18716124235017;3.31290682887049;3.50907770710191;3.53153025530216;2.36735499135022;3.37691315818969;3.85216486801159;4.0015310262084;3.92188812750499;3.66964946192881;2.47972427536165;2.5628832159573;2.47541720935374;2.36706545328246;3.78516282478141;2.75680720075089;2.53375234479293;4.69216891683647;2.25494251102376;3.97858642299128;2.2414941394042;2.20635182314303;3.91202946372234;3.92476742236085;4.50997328650962;2.38496754694837;2.36312148816913;3.78621845510159;4.04820219607644;2.22453451561005;2.09080788958823;2.03467826156653;2.321201;1;1;3.030641;1;1;2.684162;3.08235;2.718569;1;2.605249;3.573757;1;1;1;2.075129;2.202079;2.15365;3.361935;3.188445;2.417717;4.813473;3.259124;3.404671
50;3;30;0;0;5000;2000;10;40;250;3.69897000433602;3.30102999566398;1;1.60205999132796;2.39794000867204;2.28225546322899;2.54320250946164;2.30953238350105;2.52124561291124;3.69741969909386;4.03929773138387;3.82890753568842;3.87962946468104;3.79853621269151;2.1901362459633;4.24608497988177;2.3523464334854;4.84488846861793;4.11256210180924;4.0084586492562;2.44594206680838;2.53115219901003;3.9443867724375;4.00874465837667;3.85267436368364;2.18716124235017;3.31290682887049;3.50907770710191;3.53153025530216;2.36735499135022;3.37691315818969;3.85216486801159;4.0015310262084;3.92188812750499;3.66964946192881;2.47972427536165;2.5628832159573;4.33202797708344;4.62866151341824;5.03556838940938;2.75680720075089;4.4868514378954;4.69216891683647;2.25494251102376;3.97858642299128;2.2414941394042;2.20635182314303;3.91202946372234;3.92476742236085;4.50997328650962;2.38496754694837;2.36312148816913;3.78621845510159;4.04820219607644;4.38661246607969;2.09080788958823;3.54177339366547;2.684574;1;1;3.030641;1;1;2.684162;3.08235;2.718569;1;2.605249;3.573757;1;1;1;2.859918;2.202079;2.15365;3.361935;3.188445;3.443439;4.813473;3.259124;3.404671
28;3;9;0;0;7000;4000;7;56;299.6;3.84509804001426;3.60205999132796;0.845098040014257;1.7481880270062;2.47654180902743;2.28225546322899;2.54320250946164;2.30953238350105;2.52124561291124;3.69741969909386;4.03929773138387;3.82890753568842;3.87962946468104;3.79853621269151;2.1901362459633;4.24608497988177;2.3523464334854;1;4.11256210180924;2.43247411919635;2.44594206680838;2.53115219901003;3.9443867724375;4.00874465837667;3.85267436368364;2.18716124235017;3.31290682887049;3.50907770710191;3.53153025530216;2.36735499135022;3.37691315818969;3.85216486801159;2.20505496578415;3.92188812750499;3.66964946192881;2.47972427536165;2.5628832159573;4.33202797708344;4.62866151341824;5.03556838940938;2.75680720075089;2.53375234479293;4.69216891683647;2.25494251102376;3.97858642299128;2.2414941394042;2.20635182314303;3.91202946372234;3.92476742236085;4.50997328650962;2.38496754694837;2.36312148816913;3.78621845510159;4.04820219607644;4.38661246607969;2.09080788958823;3.54177339366547;2.321201;1;1;3.030641;1;1;1.606494;1.962471;1;1;2.605249;3.573757;1;1;1;2.075129;2.202079;2.15365;3.361935;3.188445;3.443439;3.323561;3.259124;3.404671
60;3;43;0;0;4000;1000;18;44.8;224.8;3.60205999132796;3;1.25527250510331;1.65127801399814;2.35179630689702;2.28225546322899;2.54320250946164;2.30953238350105;2.52124561291124;3.69741969909386;4.03929773138387;3.82890753568842;3.87962946468104;3.79853621269151;2.1901362459633;4.24608497988177;2.3523464334854;2.43959482877361;4.11256210180924;2.43247411919635;2.44594206680838;2.53115219901003;3.9443867724375;4.00874465837667;3.85267436368364;2.18716124235017;3.31290682887049;3.50907770710191;3.53153025530216;2.36735499135022;3.37691315818969;3.85216486801159;4.0015310262084;3.92188812750499;3.66964946192881;2.47972427536165;2.5628832159573;4.33202797708344;4.62866151341824;3.78516282478141;2.75680720075089;4.4868514378954;4.69216891683647;2.25494251102376;3.97858642299128;2.2414941394042;2.20635182314303;3.91202946372234;3.92476742236085;4.50997328650962;2.38496754694837;2.36312148816913;3.78621845510159;4.04820219607644;4.38661246607969;2.09080788958823;3.54177339366547;2.321201;1;1;3.030641;1;3.177772;1.606494;3.08235;2.718569;1;2.605249;3.573757;1;1;1;3.805811;2.202079;2.15365;3.361935;3.188445;2.417717;4.813473;3.259124;3.404671
49;3;25;1;0;20000;14000;8;40;900;4.30102999566398;4.14612803567824;0.903089986991943;1.60205999132796;2.95424250943932;2.28225546322899;3.55774066702523;2.30953238350105;3.626474743356;3.69741969909386;4.03929773138387;3.82890753568842;3.87962946468104;3.79853621269151;2.1901362459633;4.24608497988177;2.3523464334854;3.65341842743192;4.11256210180924;4.0084586492562;4.22171297963188;4.53834412237969;3.9443867724375;4.00874465837667;3.85267436368364;4.05885410729385;4.35467318283299;3.50907770710191;2.89255999876967;3.66615203712211;3.37691315818969;3.85216486801159;4.0015310262084;3.92188812750499;3.66964946192881;4.3431839666906;4.56975817077864;3.46320170746022;4.62866151341824;3.78516282478141;4.58912371182732;3.52970480242446;4.69216891683647;3.37905056163788;3.97858642299128;3.36761859499357;3.53975702854426;3.91202946372234;3.92476742236085;4.50997328650962;4.43048894484358;4.17504038364695;3.78621845510159;4.04820219607644;4.38661246607969;3.85472420956226;4.53956482455783;1.843951;1;2.233751;3.030641;2.552228;3.79577;2.684162;4.261663;3.624194;1;5.081514;5.980714;3.245982;2.34137;2.92899;2.859918;3.387267;3.431807;5.086402;6.083895;4.628745;4.813473;5.315623;4.938916
56;3;5;0;0;2000;1000;12;1.6;20;3.30102999566398;3;1.07918124604762;0.204119982655925;1.30102999566398;2.28225546322899;2.54320250946164;2.30953238350105;2.52124561291124;2.22968699326937;2.30413729102943;2.18594503766934;2.23745981113385;2.28323413237892;2.1901362459633;2.58593933232526;2.3523464334854;2.43959482877361;2.41355624326404;2.43247411919635;2.44594206680838;2.53115219901003;1.9698178204238;2.24720222864421;2.13161221186729;2.18716124235017;2.08858216452189;2.14572790578305;2.14988140028723;2.36735499135022;2.0216462429411;2.29963817688237;2.20505496578415;2.18360252716324;3.66964946192881;2.47972427536165;2.5628832159573;2.47541720935374;2.36706545328246;2.12433991095465;2.75680720075089;2.53375234479293;4.69216891683647;2.25494251102376;1.96722096956597;2.2414941394042;2.20635182314303;1.97578381159481;2.33353972899358;2.38080044094893;2.38496754694837;2.36312148816913;2.12896031990924;1.99998511662762;2.22453451561005;2.09080788958823;2.03467826156653;1.843951;1;2.905658;2.251186;1;1;3.619373;3.08235;3.624194;1;2.605249;3.573757;2.527282;2.34137;1;1;1;1;3.361935;3.188445;2.417717;3.323561;3.259124;1.937957
50;2;40;0;0;10000;10000;20;30;1200;4;4;1.30102999566398;1.47712125471966;3.07918124604762;2.28225546322899;2.54320250946164;2.30953238350105;2.52124561291124;2.22968699326937;2.30413729102943;2.18594503766934;2.23745981113385;2.28323413237892;2.1901362459633;4.24608497988177;2.3523464334854;2.43959482877361;2.41355624326404;2.43247411919635;2.44594206680838;2.53115219901003;1.9698178204238;2.24720222864421;2.13161221186729;4.05885410729385;2.08858216452189;2.14572790578305;2.89255999876967;2.36735499135022;2.0216462429411;3.85216486801159;2.20505496578415;3.92188812750499;2.21240122373237;2.47972427536165;2.5628832159573;2.47541720935374;2.36706545328246;2.12433991095465;2.75680720075089;2.53375234479293;4.69216891683647;2.25494251102376;1.96722096956597;2.2414941394042;2.20635182314303;1.97578381159481;2.33353972899358;2.38080044094893;2.38496754694837;2.36312148816913;2.12896031990924;1.99998511662762;2.22453451561005;2.09080788958823;2.03467826156653;2.321201;1;2.905658;2.251186;1;3.79577;3.619373;3.08235;3.624194;1;2.605249;3.573757;1;2.34137;1;1;1;1;3.361935;3.188445;1;3.323561;3.259124;3.404671
60;2;30;0;0;20000;6000;40;60;400;4.30102999566398;3.77815125038364;1.60205999132796;1.77815125038364;2.60205999132796;2.28225546322899;2.54320250946164;2.30953238350105;2.52124561291124;2.22968699326937;2.30413729102943;2.18594503766934;2.23745981113385;2.28323413237892;2.1901362459633;2.58593933232526;2.3523464334854;2.43959482877361;2.41355624326404;2.43247411919635;2.44594206680838;2.53115219901003;1.9698178204238;2.24720222864421;2.13161221186729;2.18716124235017;3.31290682887049;3.50907770710191;2.14988140028723;3.66615203712211;2.0216462429411;2.29963817688237;2.20505496578415;2.18360252716324;2.21240122373237;2.47972427536165;2.5628832159573;2.47541720935374;2.36706545328246;2.12433991095465;2.75680720075089;2.53375234479293;4.69216891683647;2.25494251102376;1.96722096956597;2.2414941394042;2.20635182314303;1.97578381159481;2.33353972899358;3.44299683380665;3.51101002477435;2.36312148816913;2.12896031990924;1.99998511662762;2.22453451561005;2.09080788958823;2.03467826156653;2.321201;1;2.905658;2.251186;1;3.79577;1.606494;3.08235;2.718569;1;2.605249;3.573757;1;2.34137;1;1;1.81856;1;3.361935;3.188445;1.674772;1.844673;3.259124;1.937957
65;5;5;0;0;10000;7000;30;40;300;4;3.84509804001426;1.47712125471966;1.60205999132796;2.47712125471966;4.2542925832878;4.39253015068777;4.28588020256065;2.52124561291124;3.69741969909386;4.03929773138387;3.82890753568842;3.87962946468104;3.79853621269151;2.1901362459633;4.24608497988177;4.73145170458151;4.84488846861793;2.41355624326404;2.43247411919635;2.44594206680838;2.53115219901003;3.9443867724375;4.00874465837667;3.85267436368364;4.05885410729385;3.31290682887049;3.50907770710191;3.53153025530216;2.36735499135022;3.37691315818969;3.85216486801159;4.0015310262084;3.92188812750499;2.21240122373237;4.3431839666906;4.56975817077864;4.33202797708344;4.62866151341824;3.78516282478141;2.75680720075089;2.53375234479293;4.69216891683647;4.45417645067644;3.97858642299128;4.50561788521829;3.53975702854426;3.91202946372234;2.33353972899358;4.50997328650962;4.43048894484358;4.17504038364695;3.78621845510159;4.04820219607644;4.38661246607969;3.85472420956226;3.54177339366547;1.843951;1;2.905658;2.251186;2.552228;2.302462;3.619373;4.261663;3.624194;2.365555;2.605249;3.573757;2.527282;1.987542;2.92899;2.075129;2.202079;4.118641;3.361935;4.700008;3.443439;3.323561;3.259124;3.404671
63;2;50;0;0;10000;10000;40;30;50;4;4;1.60205999132796;1.47712125471966;1.69897000433602;4.2542925832878;4.39253015068777;4.28588020256065;3.626474743356;3.69741969909386;4.03929773138387;3.82890753568842;3.87962946468104;3.79853621269151;2.1901362459633;4.24608497988177;4.73145170458151;4.84488846861793;2.41355624326404;2.43247411919635;2.44594206680838;2.53115219901003;3.9443867724375;4.00874465837667;3.85267436368364;4.05885410729385;3.31290682887049;3.50907770710191;3.53153025530216;2.36735499135022;3.37691315818969;3.85216486801159;4.0015310262084;3.92188812750499;3.66964946192881;4.3431839666906;4.56975817077864;4.33202797708344;4.62866151341824;3.78516282478141;2.75680720075089;2.53375234479293;4.69216891683647;4.45417645067644;3.97858642299128;4.50561788521829;3.53975702854426;3.91202946372234;2.33353972899358;4.50997328650962;4.43048894484358;4.17504038364695;3.78621845510159;4.04820219607644;4.38661246607969;3.85472420956226;3.54177339366547;2.321201;1;2.905658;2.251186;2.552228;1;3.619373;4.261663;3.624194;2.365555;2.605249;3.573757;1;2.34137;2.92899;1;2.202079;4.118641;5.086402;4.700008;1;3.323561;3.259124;4.938916
54;6;39;1;0;16000;10000;8;88;1099.2;4.20411998265592;4;0.903089986991943;1.94448267215017;3.04107671971547;2.28225546322899;2.54320250946164;2.30953238350105;2.52124561291124;2.22968699326937;2.30413729102943;2.18594503766934;2.23745981113385;2.28323413237892;2.1901362459633;2.58593933232526;2.3523464334854;2.43959482877361;2.41355624326404;2.43247411919635;2.44594206680838;2.53115219901003;2.77800192451502;2.24720222864421;2.13161221186729;3.10234489670439;3.31290682887049;2.91140592315142;2.14988140028723;2.36735499135022;3.37691315818969;3.85216486801159;4.0015310262084;3.92188812750499;3.66964946192881;2.47972427536165;2.5628832159573;2.47541720935374;2.36706545328246;2.12433991095465;2.75680720075089;2.53375234479293;4.69216891683647;2.25494251102376;3.97858642299128;2.2414941394042;2.20635182314303;3.91202946372234;3.92476742236085;3.44299683380665;4.43048894484358;3.32671046779238;2.94414672725435;2.86889033290433;3.33856936219102;2.95244891980085;2.78634843669992;1.843951;1;1;1;1;1;2.684162;5.330098;1.974185;1;2.605249;3.573757;1;1;1;1;1.81856;2.15365;3.361935;3.188445;1.674772;3.323561;3.259124;3.404671
60;5;35;1;0;16000;10625;12;80;1842.4;4.20411998265592;4.02632893872235;1.07918124604762;1.90308998699194;3.26538392495617;2.28225546322899;2.54320250946164;2.30953238350105;2.52124561291124;2.22968699326937;3.18003084730744;2.95864693240493;3.07091638978975;2.28323413237892;2.1901362459633;2.58593933232526;2.3523464334854;2.43959482877361;2.41355624326404;2.43247411919635;2.44594206680838;2.53115219901003;3.9443867724375;4.00874465837667;3.85267436368364;3.10234489670439;3.31290682887049;2.91140592315142;2.14988140028723;2.36735499135022;3.37691315818969;3.85216486801159;4.0015310262084;2.98815893707634;3.66964946192881;2.47972427536165;2.5628832159573;2.47541720935374;3.51973720280498;2.12433991095465;2.75680720075089;2.53375234479293;2.76673291161913;2.25494251102376;3.97858642299128;2.2414941394042;2.20635182314303;2.84800066015709;3.92476742236085;3.44299683380665;3.51101002477435;4.17504038364695;2.94414672725435;2.86889033290433;3.33856936219102;3.85472420956226;2.78634843669992;2.321201;2.807432;1;2.021276;2.552228;1;2.684162;5.330098;2.718569;3.113618;2.605249;3.573757;3.245982;1.987542;2.92899;1;1;2.15365;3.361935;4.700008;1.674772;4.813473;3.259124;4.938916
62;2;30;0;0;6000;9000;57;6;180;3.77815125038364;3.95424250943932;1.75587485567249;0.778151250383644;2.25527250510331;2.28225546322899;2.54320250946164;2.30953238350105;2.52124561291124;2.22968699326937;2.30413729102943;2.18594503766934;2.23745981113385;2.28323413237892;2.1901362459633;2.58593933232526;2.3523464334854;4.84488846861793;2.41355624326404;2.43247411919635;2.44594206680838;2.53115219901003;1.9698178204238;2.24720222864421;2.13161221186729;2.18716124235017;2.08858216452189;2.14572790578305;2.14988140028723;2.36735499135022;2.0216462429411;2.29963817688237;2.20505496578415;2.18360252716324;2.21240122373237;2.47972427536165;2.5628832159573;2.47541720935374;2.36706545328246;2.8786203527613;3.69916605436049;3.52970480242446;4.69216891683647;2.25494251102376;1.96722096956597;2.2414941394042;2.20635182314303;3.91202946372234;2.33353972899358;2.38080044094893;2.38496754694837;2.36312148816913;2.12896031990924;1.99998511662762;2.22453451561005;2.09080788958823;2.03467826156653;2.684574;1;2.905658;1;1;2.302462;4.253712;3.08235;1;1;2.605249;3.573757;1;1;1;2.075129;1;1;3.361935;3.188445;2.417717;4.813473;3.259124;4.938916
37;4;10;1;0;20000;25500;12;90;1500;4.30102999566398;4.40654018043396;1.07918124604762;1.95424250943932;3.17609125905568;2.28225546322899;2.54320250946164;2.30953238350105;2.52124561291124;2.22968699326937;3.18003084730744;3.82890753568842;2.23745981113385;2.28323413237892;2.1901362459633;4.24608497988177;2.3523464334854;2.43959482877361;4.11256210180924;2.43247411919635;2.44594206680838;2.53115219901003;3.9443867724375;4.00874465837667;3.85267436368364;3.10234489670439;3.31290682887049;2.91140592315142;2.14988140028723;2.36735499135022;2.63965719851903;3.85216486801159;4.0015310262084;3.92188812750499;3.66964946192881;3.51548805217588;2.5628832159573;2.47541720935374;2.36706545328246;2.12433991095465;2.75680720075089;2.53375234479293;2.76673291161913;1;3.97858642299128;2.2414941394042;2.20635182314303;1.97578381159481;3.92476742236085;3.44299683380665;4.43048894484358;4.17504038364695;3.78621845510159;4.04820219607644;3.33856936219102;2.95244891980085;2.78634843669992;1.843951;1;1;2.251186;2.552228;1;2.684162;4.261663;2.718569;3.113618;4.595637;5.258525;3.245982;2.34137;2.92899;1;2.202079;2.15365;3.361935;4.700008;1.674772;4.813473;3.259124;4.938916
71;4;45;1;0;8000;5500;6;32;600;3.90308998699194;3.74036268949424;0.778151250383644;1.50514997831991;2.77815125038364;2.28225546322899;2.54320250946164;2.30953238350105;2.52124561291124;2.22968699326937;3.18003084730744;2.95864693240493;3.07091638978975;2.28323413237892;2.1901362459633;2.58593933232526;2.3523464334854;2.43959482877361;2.41355624326404;2.43247411919635;2.44594206680838;2.53115219901003;3.9443867724375;3.07948047043016;3.85267436368364;4.05885410729385;3.31290682887049;2.91140592315142;2.14988140028723;3.66615203712211;3.37691315818969;3.85216486801159;4.0015310262084;2.98815893707634;3.66964946192881;2.47972427536165;2.5628832159573;2.47541720935374;3.51973720280498;2.12433991095465;2.75680720075089;2.53375234479293;2.76673291161913;3.37905056163788;3.97858642299128;2.2414941394042;2.20635182314303;2.84800066015709;3.92476742236085;3.44299683380665;3.51101002477435;4.17504038364695;3.78621845510159;2.86889033290433;3.33856936219102;3.85472420956226;2.78634843669992;2.321201;1;1;2.021276;2.552228;1;2.684162;5.330098;2.718569;3.113618;2.605249;3.573757;3.245982;1.987542;2.92899;1;1;2.15365;3.361935;4.700008;1.674772;4.813473;3.259124;4.938916
50;6;4;1;0;4000;1350;6;30;200;3.60205999132796;3.13033376849501;0.778151250383644;1.47712125471966;2.30102999566398;2.28225546322899;2.54320250946164;2.30953238350105;2.52124561291124;2.22968699326937;2.30413729102943;2.95864693240493;3.07091638978975;2.28323413237892;2.1901362459633;2.58593933232526;2.3523464334854;2.43959482877361;2.41355624326404;2.43247411919635;2.44594206680838;2.53115219901003;1.9698178204238;3.07948047043016;2.13161221186729;2.18716124235017;3.31290682887049;2.91140592315142;2.14988140028723;2.36735499135022;3.37691315818969;3.85216486801159;3.07992614689203;2.98815893707634;2.89397811126238;3.51548805217588;2.5628832159573;2.47541720935374;2.36706545328246;2.12433991095465;2.75680720075089;2.53375234479293;2.76673291161913;2.25494251102376;2.83209444307479;2.2414941394042;2.20635182314303;2.84800066015709;3.92476742236085;3.44299683380665;2.38496754694837;3.32671046779238;2.94414672725435;2.86889033290433;3.33856936219102;2.95244891980085;2.78634843669992;1.843951;1;1;1.904728;1;1;2.684162;5.330098;2.718569;1;2.605249;3.573757;3.245982;1;1;1;1;1;3.361935;3.188445;1.674772;4.813473;3.259124;3.404671
71;2;50;0;0;2500;1800;15;3.75;75;3.39794000867204;3.25527250510331;1.17609125905568;0.574031267727719;1.8750612633917;4.2542925832878;4.39253015068777;5.39937960045806;1;3.69741969909386;4.03929773138387;3.82890753568842;3.87962946468104;3.79853621269151;2.1901362459633;2.58593933232526;2.3523464334854;2.43959482877361;2.41355624326404;2.43247411919635;2.44594206680838;2.53115219901003;3.9443867724375;4.00874465837667;3.85267436368364;4.05885410729385;3.31290682887049;3.50907770710191;3.53153025530216;2.36735499135022;3.37691315818969;3.85216486801159;4.0015310262084;3.92188812750499;3.66964946192881;4.3431839666906;4.56975817077864;4.33202797708344;4.62866151341824;3.78516282478141;2.75680720075089;2.53375234479293;4.69216891683647;4.45417645067644;3.97858642299128;4.50561788521829;2.20635182314303;3.91202946372234;2.33353972899358;4.50997328650962;4.43048894484358;4.17504038364695;3.78621845510159;4.04820219607644;4.38661246607969;3.85472420956226;3.54177339366547;1.843951;1;2.905658;2.251186;2.552228;2.302462;3.619373;3.08235;2.718569;2.365555;2.605249;3.573757;1;2.34137;2.92899;2.075129;3.387267;4.118641;3.361935;4.700008;3.443439;1;3.259124;3.404671
50;4;28;1;0;12000;2050;9;45;600;4.07918124604762;3.31175386105575;0.954242509439325;1.65321251377534;2.77815125038364;2.28225546322899;2.54320250946164;2.30953238350105;2.52124561291124;2.22968699326937;2.30413729102943;2.18594503766934;2.23745981113385;2.28323413237892;2.1901362459633;2.58593933232526;2.3523464334854;2.43959482877361;2.41355624326404;2.43247411919635;2.44594206680838;2.53115219901003;3.9443867724375;2.24720222864421;2.94233011372017;3.10234489670439;3.31290682887049;3.50907770710191;2.14988140028723;2.36735499135022;2.63965719851903;3.85216486801159;4.0015310262084;3.92188812750499;3.66964946192881;2.47972427536165;3.67009832199333;2.47541720935374;3.51973720280498;2.12433991095465;3.69916605436049;2.53375234479293;4.69216891683647;2.25494251102376;1.96722096956597;2.2414941394042;2.20635182314303;2.84800066015709;3.92476742236085;3.44299683380665;2.38496754694837;2.36312148816913;2.94414672725435;2.86889033290433;3.33856936219102;2.09080788958823;2.03467826156653;3.400244;1;1;1;1;1;2.684162;5.330098;2.718569;1;2.605249;3.573757;1;1;1;1;2.202079;1;3.361935;3.188445;1;4.813473;3.259124;3.404671
56;2;35;1;0;2000;900;4;14;150;3.30102999566398;2.95424250943932;0.602059991327962;1.14612803567824;2.17609125905568;2.28225546322899;2.54320250946164;2.30953238350105;2.52124561291124;2.22968699326937;2.30413729102943;2.18594503766934;2.23745981113385;2.28323413237892;2.1901362459633;2.58593933232526;2.3523464334854;2.43959482877361;2.41355624326404;2.43247411919635;2.44594206680838;2.53115219901003;3.9443867724375;4.00874465837667;2.13161221186729;2.18716124235017;2.08858216452189;2.14572790578305;2.14988140028723;2.36735499135022;2.0216462429411;3.85216486801159;4.0015310262084;3.92188812750499;3.66964946192881;2.47972427536165;2.5628832159573;2.47541720935374;2.36706545328246;2.12433991095465;2.75680720075089;2.53375234479293;2.76673291161913;2.25494251102376;1.96722096956597;2.2414941394042;2.20635182314303;1.97578381159481;3.92476742236085;3.44299683380665;3.51101002477435;4.17504038364695;3.78621845510159;1.99998511662762;2.22453451561005;2.09080788958823;2.03467826156653;2.321201;1;1;2.021276;1;2.302462;2.684162;4.261663;3.624194;1;2.605249;3.573757;1;1;2.92899;1;1.81856;1;3.361935;3.188445;2.417717;4.813473;3.259124;4.938916
50;4;10;1;0;12000;9500;4;60;699.96;4.07918124604762;3.97772360528885;0.602059991327962;1.77815125038364;2.84507322247764;2.28225546322899;2.54320250946164;2.30953238350105;2.52124561291124;2.22968699326937;3.18003084730744;2.95864693240493;3.07091638978975;3.02302234443974;2.1901362459633;2.58593933232526;2.3523464334854;2.43959482877361;2.41355624326404;2.43247411919635;4.22171297963188;4.53834412237969;3.9443867724375;4.00874465837667;3.85267436368364;3.10234489670439;2.08858216452189;2.14572790578305;2.89255999876967;2.36735499135022;2.63965719851903;3.85216486801159;4.0015310262084;3.92188812750499;3.66964946192881;3.51548805217588;3.67009832199333;3.46320170746022;3.51973720280498;3.78516282478141;3.69916605436049;4.4868514378954;4.69216891683647;2.25494251102376;3.97858642299128;2.2414941394042;2.20635182314303;1.97578381159481;3.92476742236085;3.44299683380665;3.51101002477435;3.32671046779238;2.94414672725435;2.86889033290433;2.22453451561005;2.09080788958823;2.03467826156653;3.400244;1;1;2.251186;2.552228;1;2.684162;3.08235;1;3.113618;2.605249;3.573757;1;2.34137;2.92899;2.859918;1;2.15365;3.361935;3.188445;1;4.813473;3.259124;1.937957
33;4;3;1;0;10000;7000;4;35;600;4;3.84509804001426;0.602059991327962;1.54406804435028;2.77815125038364;4.2542925832878;2.54320250946164;4.28588020256065;4.61035400503481;3.69741969909386;4.03929773138387;3.82890753568842;3.87962946468104;3.79853621269151;2.1901362459633;2.58593933232526;2.3523464334854;2.43959482877361;4.11256210180924;4.0084586492562;3.39423935463136;4.53834412237969;3.9443867724375;4.00874465837667;3.85267436368364;4.05885410729385;2.08858216452189;2.14572790578305;2.14988140028723;2.36735499135022;3.37691315818969;3.85216486801159;4.0015310262084;3.92188812750499;3.66964946192881;2.47972427536165;2.5628832159573;2.47541720935374;2.36706545328246;3.78516282478141;3.69916605436049;4.4868514378954;4.69216891683647;2.25494251102376;3.97858642299128;2.2414941394042;2.20635182314303;1.97578381159481;3.92476742236085;2.38080044094893;2.38496754694837;2.36312148816913;2.12896031990924;2.86889033290433;2.22453451561005;2.09080788958823;2.78634843669992;3.400244;2.983223;1;3.030641;2.552228;1;2.684162;4.261663;1;3.113618;2.605249;3.573757;1;2.34137;2.92899;2.075129;1;2.15365;5.086402;4.700008;1;4.813473;3.259124;1.937957
65;7;40;1;0;15000;8800;9;75;375;4.17609125905568;3.94448267215017;0.954242509439325;1.8750612633917;2.57403126772772;2.28225546322899;2.54320250946164;2.30953238350105;2.52124561291124;2.22968699326937;2.30413729102943;2.18594503766934;2.23745981113385;2.28323413237892;2.1901362459633;2.58593933232526;2.3523464334854;2.43959482877361;2.41355624326404;2.43247411919635;2.44594206680838;2.53115219901003;3.9443867724375;4.00874465837667;3.85267436368364;4.05885410729385;2.72067088037479;2.14572790578305;2.89255999876967;2.36735499135022;3.37691315818969;3.85216486801159;4.0015310262084;3.92188812750499;3.66964946192881;2.47972427536165;2.5628832159573;2.47541720935374;2.36706545328246;2.12433991095465;3.69916605436049;2.53375234479293;2.76673291161913;2.25494251102376;3.97858642299128;2.2414941394042;2.20635182314303;3.91202946372234;2.33353972899358;3.44299683380665;2.38496754694837;2.36312148816913;2.12896031990924;1.99998511662762;2.22453451561005;2.09080788958823;2.03467826156653;1.843951;1;1;1;2.552228;1;2.684162;1.962471;1;3.113618;1;3.573757;1;1;2.92899;1;1.81856;1;3.361935;4.700008;2.417717;4.813473;3.259124;1.937957
58;2;40;0;0;6000;10966;1;90;800.004;3.77815125038364;4.04004824154746;0;1.95424250943932;2.90309215845892;4.2542925832878;4.39253015068777;4.28588020256065;2.52124561291124;3.69741969909386;4.03929773138387;3.82890753568842;5.05491040235879;5.12622218173134;3.1322696687897;2.58593933232526;4.73145170458151;3.65341842743192;5.29577933222649;4.0084586492562;4.22171297963188;4.53834412237969;1.9698178204238;2.24720222864421;2.13161221186729;2.18716124235017;4.35467318283299;4.42365405002657;3.53153025530216;4.46885109526007;3.37691315818969;3.07464677227252;3.07992614689203;2.98815893707634;3.66964946192881;2.47972427536165;4.56975817077864;2.47541720935374;4.62866151341824;5.03556838940938;5.81649774114756;5.82884419770667;4.69216891683647;3.37905056163788;3.97858642299128;2.2414941394042;3.53975702854426;2.84800066015709;3.92476742236085;4.50997328650962;2.38496754694837;2.36312148816913;1;4.04820219607644;2.22453451561005;1;2.03467826156653;1;1;1;1;1;2.302462;2.684162;3.08235;2.718569;1;2.605249;3.573757;1;1;1;1;3.387267;3.431807;3.361935;1.588768;1.674772;3.323561;3.259124;1
38;7;10;1;0;3400;1450;6;19.9988;179.996;3.53147891704225;3.16136800223497;0.778151250383644;1.30100393721331;2.25526285400758;2.28225546322899;2.54320250946164;2.30953238350105;2.52124561291124;2.22968699326937;2.30413729102943;2.18594503766934;2.23745981113385;2.28323413237892;2.1901362459633;2.58593933232526;2.3523464334854;2.43959482877361;2.41355624326404;2.43247411919635;2.44594206680838;2.53115219901003;3.9443867724375;4.00874465837667;3.85267436368364;4.05885410729385;2.08858216452189;2.14572790578305;2.89255999876967;2.36735499135022;2.63965719851903;3.85216486801159;4.0015310262084;2.98815893707634;3.66964946192881;2.47972427536165;2.5628832159573;2.47541720935374;2.36706545328246;2.8786203527613;3.69916605436049;2.53375234479293;3.74795496312159;2.25494251102376;3.97858642299128;3.36761859499357;2.20635182314303;2.84800066015709;3.92476742236085;3.44299683380665;3.51101002477435;2.36312148816913;2.12896031990924;4.04820219607644;3.33856936219102;2.09080788958823;2.78634843669992;1.843951;1;1;1;2.552228;1;2.684162;4.261663;1.974185;3.113618;4.139744;3.573757;1;2.34137;2.92899;1;1;1;3.361935;3.188445;1;4.813473;3.259124;3.404671
82;7;55;1;0;3000;1700;9;24;300;3.47712125471966;3.23044892137827;0.954242509439325;1.38021124171161;2.47712125471966;2.28225546322899;2.54320250946164;2.30953238350105;2.52124561291124;2.22968699326937;4.03929773138387;2.18594503766934;2.23745981113385;2.28323413237892;2.1901362459633;2.58593933232526;2.3523464334854;2.43959482877361;2.41355624326404;2.43247411919635;2.44594206680838;2.53115219901003;3.9443867724375;3.07948047043016;2.94233011372017;3.10234489670439;2.08858216452189;2.14572790578305;2.14988140028723;2.36735499135022;2.63965719851903;3.85216486801159;4.0015310262084;3.92188812750499;3.66964946192881;2.47972427536165;2.5628832159573;4.33202797708344;4.62866151341824;2.12433991095465;2.75680720075089;3.52970480242446;2.76673291161913;2.25494251102376;3.97858642299128;3.36761859499357;2.20635182314303;1.97578381159481;3.92476742236085;3.44299683380665;3.51101002477435;2.36312148816913;2.12896031990924;4.04820219607644;3.33856936219102;2.95244891980085;3.54177339366547;1;1;2.070135;1;2.552228;1;2.684162;4.261663;1;2.681894;2.605249;5.258525;1;1;2.496823;1;1;1;3.361935;3.188445;1;4.813473;3.259124;3.404671
31;2;13;1;0;6000;3000;36;5.7;270;3.77815125038364;3.47712125471966;1.55630250076729;0.755874855672491;2.43136376415899;5.36991781520157;4.39253015068777;4.28588020256065;4.61035400503481;2.22968699326937;2.30413729102943;2.18594503766934;2.23745981113385;2.28323413237892;4.14495141540325;4.24608497988177;2.3523464334854;2.43959482877361;4.11256210180924;2.43247411919635;2.44594206680838;2.53115219901003;3.9443867724375;2.24720222864421;2.13161221186729;2.18716124235017;3.31290682887049;3.50907770710191;3.53153025530216;3.66615203712211;3.37691315818969;5.04187998317914;4.0015310262084;3.92188812750499;3.66964946192881;2.47972427536165;2.5628832159573;2.47541720935374;2.36706545328246;1;2.75680720075089;2.53375234479293;4.69216891683647;3.37905056163788;3.97858642299128;3.36761859499357;3.53975702854426;2.84800066015709;3.92476742236085;4.50997328650962;4.43048894484358;3.32671046779238;3.78621845510159;4.04820219607644;4.38661246607969;2.95244891980085;2.78634843669992;1;1;1.902163;3.030641;1;1;2.684162;3.08235;3.624194;1;2.605249;3.573757;1;3.205278;1;2.075129;2.202079;1;3.361935;4.700008;2.417717;3.323561;3.259124;3.404671
44;6;7;1;0;18000;12600;8;139.86;1399.68;4.25527250510331;4.10037054511756;0.903089986991943;2.14569352390422;3.14602875702152;2.28225546322899;2.54320250946164;3.33136848638446;2.52124561291124;2.94461110793176;2.30413729102943;2.18594503766934;2.23745981113385;2.28323413237892;2.1901362459633;2.58593933232526;2.3523464334854;2.43959482877361;3.29561717629922;3.28560161854869;2.44594206680838;2.53115219901003;3.9443867724375;3.07948047043016;2.94233011372017;3.10234489670439;2.72067088037479;2.91140592315142;2.14988140028723;2.36735499135022;2.63965719851903;3.85216486801159;3.07992614689203;3.92188812750499;3.66964946192881;2.47972427536165;3.67009832199333;4.33202797708344;3.51973720280498;2.8786203527613;3.69916605436049;2.53375234479293;2.76673291161913;2.25494251102376;2.83209444307479;2.2414941394042;2.20635182314303;1.97578381159481;3.92476742236085;2.38080044094893;2.38496754694837;2.36312148816913;2.12896031990924;2.86889033290433;3.33856936219102;2.09080788958823;2.78634843669992;1.843951;1;1;2.021276;1;1;2.684162;1.962471;1;1;4.139744;1.878815;3.245982;1.987542;1;1;1;1;3.361935;3.188445;1;4.813473;3.259124;3.404671
48;4;20;0;0;28000;16000;1;180.012;5199.992;4.44715803134222;4.20411998265592;0;2.25530145710371;3.71600267548893;4.2542925832878;3.55774066702523;4.28588020256065;4.61035400503481;3.69741969909386;4.03929773138387;2.95864693240493;3.87962946468104;3.79853621269151;4.14495141540325;4.24608497988177;5.66829683620757;4.84488846861793;5.29577933222649;5.36248453476796;3.39423935463136;5.90866447925431;3.9443867724375;3.07948047043016;3.85267436368364;3.10234489670439;3.31290682887049;4.42365405002657;2.89255999876967;3.66615203712211;4.55970583625675;5.04187998317914;4.0015310262084;3.92188812750499;2.89397811126238;4.3431839666906;4.56975817077864;4.33202797708344;4.62866151341824;5.03556838940938;4.58912371182732;4.4868514378954;4.69216891683647;1;3.97858642299128;3.36761859499357;5.18027334322561;3.91202946372234;5.45967305323282;2.38080044094893;2.38496754694837;3.32671046779238;5.04187998317914;4.04820219607644;4.38661246607969;3.85472420956226;3.54177339366547;3.400244;3.469119;2.905658;2.251186;1;2.302462;1;4.261663;1.974185;1;2.605249;5.258525;2.706959;2.34137;2.115827;2.859918;3.387267;4.118641;2.000073;1.588768;2.417717;4.813473;3.259124;4.938916
39;2;13;1;0;9000;2350;36;11.25;427.5;3.95424250943932;3.37106786227174;1.55630250076729;1.05115252244738;2.63093611906419;4.2542925832878;4.39253015068777;4.28588020256065;4.61035400503481;3.69741969909386;4.03929773138387;3.82890753568842;3.87962946468104;2.28323413237892;4.14495141540325;4.24608497988177;2.3523464334854;2.43959482877361;4.11256210180924;2.43247411919635;2.44594206680838;2.53115219901003;3.9443867724375;4.00874465837667;3.85267436368364;4.05885410729385;3.31290682887049;3.50907770710191;3.53153025530216;3.66615203712211;3.37691315818969;3.85216486801159;4.0015310262084;3.92188812750499;3.66964946192881;2.47972427536165;2.5628832159573;2.47541720935374;2.36706545328246;1;2.75680720075089;2.53375234479293;4.69216891683647;3.37905056163788;3.97858642299128;3.36761859499357;3.53975702854426;2.84800066015709;3.92476742236085;4.50997328650962;4.43048894484358;3.32671046779238;3.78621845510159;4.04820219607644;4.38661246607969;3.85472420956226;2.78634843669992;1;1;2.070135;3.030641;1;1;2.684162;3.08235;1;1;2.605249;3.573757;1;3.205278;1;2.075129;2.671424;2.15365;2.000073;4.700008;3.443439;1.844673;3.259124;3.404671
50;5;25;1;0;7000;10000;52;33.25;245;3.84509804001426;4;1.7160033436348;1.52179164963912;2.38916608436453;5.36991781520157;4.39253015068777;4.28588020256065;4.61035400503481;2.22968699326937;2.30413729102943;2.18594503766934;2.23745981113385;3.79853621269151;4.14495141540325;2.58593933232526;2.3523464334854;2.43959482877361;4.11256210180924;2.43247411919635;2.44594206680838;2.53115219901003;3.9443867724375;4.00874465837667;3.85267436368364;4.05885410729385;3.31290682887049;3.50907770710191;3.53153025530216;3.66615203712211;3.37691315818969;5.04187998317914;4.0015310262084;3.92188812750499;3.66964946192881;2.47972427536165;2.5628832159573;2.47541720935374;2.36706545328246;1;2.75680720075089;2.53375234479293;4.69216891683647;3.37905056163788;3.97858642299128;3.36761859499357;3.53975702854426;2.84800066015709;3.92476742236085;4.50997328650962;4.43048894484358;3.32671046779238;3.78621845510159;4.04820219607644;4.38661246607969;2.95244891980085;2.78634843669992;1;1;1.902163;3.030641;1;1;2.684162;3.08235;1;1;2.605249;3.573757;1;3.205278;1;1;2.202079;2.15365;3.361935;4.700008;2.417717;3.323561;3.259124;3.404671
52;5;25;1;0;10000;7400;72;21;371;4;3.86923171973098;1.85733249643127;1.32221929473392;2.56937390961505;5.36991781520157;4.39253015068777;4.28588020256065;4.61035400503481;3.69741969909386;4.03929773138387;3.82890753568842;3.87962946468104;3.79853621269151;2.1901362459633;4.24608497988177;2.3523464334854;4.84488846861793;4.11256210180924;4.0084586492562;4.22171297963188;4.53834412237969;5.90866447925431;4.00874465837667;3.85267436368364;4.05885410729385;3.31290682887049;3.50907770710191;3.53153025530216;3.66615203712211;3.37691315818969;5.04187998317914;4.0015310262084;3.92188812750499;5.05491040235879;4.3431839666906;3.67009832199333;3.46320170746022;3.51973720280498;3.78516282478141;4.58912371182732;4.4868514378954;4.69216891683647;4.45417645067644;3.97858642299128;4.50561788521829;5.18027334322561;3.91202946372234;3.92476742236085;4.50997328650962;4.43048894484358;4.17504038364695;3.78621845510159;4.04820219607644;4.38661246607969;3.85472420956226;3.54177339366547;1;1;2.233751;3.030641;3.852001;1;2.684162;4.261663;2.718569;1;2.605249;3.573757;1;3.205278;2.115827;2.075129;3.387267;2.15365;3.361935;4.700008;2.417717;3.323561;3.259124;3.404671
63;6;43;1;0;10000;5000;57;15;275;4;3.69897000433602;1.75587485567249;1.17609125905568;2.43933269383026;2.28225546322899;2.54320250946164;2.30953238350105;2.52124561291124;2.22968699326937;2.30413729102943;2.18594503766934;2.23745981113385;2.28323413237892;2.1901362459633;2.58593933232526;2.3523464334854;2.43959482877361;2.41355624326404;2.43247411919635;2.44594206680838;2.53115219901003;1.9698178204238;2.24720222864421;2.13161221186729;2.18716124235017;2.08858216452189;2.14572790578305;2.14988140028723;2.36735499135022;2.0216462429411;3.85216486801159;3.07992614689203;3.92188812750499;2.89397811126238;3.51548805217588;3.67009832199333;3.46320170746022;3.51973720280498;2.8786203527613;3.69916605436049;3.52970480242446;3.74795496312159;2.25494251102376;3.97858642299128;3.36761859499357;2.20635182314303;1.97578381159481;2.33353972899358;2.38080044094893;2.38496754694837;2.36312148816913;2.12896031990924;1.99998511662762;2.22453451561005;2.09080788958823;2.03467826156653;1;1;1.902163;3.030641;1;1;2.684162;3.08235;2.718569;1;2.605249;3.573757;1;3.205278;1;1;1;1;3.361935;4.700008;3.443439;1.844673;3.259124;3.404671
65;5;35;1;0;35000;13000;1;199.99;4000.01;4.54406804435028;4.11394335230684;0;2.301008280397;3.60206107706281;4.2542925832878;3.55774066702523;4.28588020256065;2.52124561291124;3.69741969909386;3.18003084730744;3.82890753568842;2.23745981113385;3.79853621269151;3.1322696687897;2.58593933232526;3.58493271188774;3.65341842743192;4.11256210180924;4.0084586492562;2.44594206680838;2.53115219901003;1.9698178204238;2.24720222864421;2.13161221186729;2.18716124235017;4.35467318283299;3.50907770710191;2.14988140028723;3.66615203712211;2.0216462429411;2.29963817688237;2.20505496578415;2.18360252716324;2.21240122373237;2.47972427536165;3.67009832199333;4.33202797708344;4.62866151341824;3.78516282478141;2.75680720075089;4.4868514378954;2.76673291161913;2.25494251102376;1.96722096956597;2.2414941394042;2.20635182314303;3.91202946372234;3.92476742236085;2.38080044094893;2.38496754694837;2.36312148816913;2.12896031990924;4.04820219607644;2.22453451561005;2.09080788958823;2.03467826156653;2.321201;1;2.905658;1;1;2.302462;2.684162;3.08235;2.718569;1;2.605249;1.878815;1;1;1;2.075129;3.387267;3.431807;3.361935;3.188445;3.443439;3.323561;3.259124;1.937957
52;6;20;1;0;4000;1475;6;30;130;3.60205999132796;3.16879202031418;0.778151250383644;1.47712125471966;2.11394335230684;4.2542925832878;4.39253015068777;3.33136848638446;3.626474743356;2.94461110793176;4.03929773138387;2.95864693240493;3.87962946468104;2.28323413237892;3.1322696687897;2.58593933232526;2.3523464334854;2.43959482877361;3.29561717629922;3.28560161854869;4.22171297963188;4.53834412237969;3.9443867724375;4.00874465837667;3.85267436368364;4.05885410729385;2.72067088037479;2.14572790578305;2.14988140028723;2.36735499135022;2.63965719851903;3.85216486801159;2.20505496578415;2.18360252716324;3.66964946192881;2.47972427536165;2.5628832159573;3.46320170746022;2.36706545328246;2.12433991095465;2.75680720075089;2.53375234479293;2.76673291161913;3.37905056163788;2.83209444307479;2.2414941394042;2.20635182314303;1.97578381159481;3.92476742236085;2.38080044094893;2.38496754694837;2.36312148816913;2.12896031990924;4.04820219607644;4.38661246607969;3.85472420956226;2.03467826156653;1.843951;1;1;2.021276;1;1;2.684162;1.962471;1;1;2.605249;3.573757;3.245982;1.987542;1;1;1;1;3.361935;3.188445;1;4.813473;3.259124;3.404671
56;4;35;0;0;3300;2000;1;20.0013;399.96;3.51851393987789;3.30102999566398;0;1.3010582238879;2.60201655970815;4.2542925832878;3.55774066702523;4.28588020256065;3.626474743356;3.69741969909386;4.03929773138387;3.82890753568842;3.07091638978975;3.79853621269151;2.1901362459633;3.46282790718806;4.73145170458151;4.84488846861793;4.11256210180924;4.0084586492562;3.39423935463136;3.60952280611687;1.9698178204238;2.24720222864421;2.13161221186729;2.18716124235017;3.31290682887049;3.50907770710191;3.53153025530216;2.36735499135022;3.37691315818969;2.29963817688237;2.20505496578415;2.18360252716324;2.21240122373237;2.47972427536165;3.67009832199333;4.33202797708344;4.62866151341824;3.78516282478141;2.75680720075089;4.4868514378954;2.76673291161913;2.25494251102376;1.96722096956597;2.2414941394042;2.20635182314303;3.91202946372234;3.92476742236085;3.44299683380665;2.38496754694837;2.36312148816913;2.12896031990924;4.04820219607644;2.22453451561005;2.09080788958823;2.03467826156653;2.321201;1;2.905658;1;1;2.302462;2.684162;3.08235;2.718569;1;2.605249;5.258525;1;1;1;2.859918;3.387267;3.431807;3.361935;3.188445;2.417717;3.323561;3.259124;1.937957
60;3;45;0;0;7000;4000;1;39.998;800.002;3.84509804001426;3.60205999132796;0;1.60203827606098;2.90309107272679;2.28225546322899;2.54320250946164;2.30953238350105;2.52124561291124;3.69741969909386;5.30031668088684;5.21716840891571;3.87962946468104;3.79853621269151;5.62496868519971;2.58593933232526;2.3523464334854;2.43959482877361;2.41355624326404;2.43247411919635;2.44594206680838;2.53115219901003;2.77800192451502;2.24720222864421;3.85267436368364;3.10234489670439;4.35467318283299;4.42365405002657;2.14988140028723;3.66615203712211;4.55970583625675;3.07464677227252;4.0015310262084;3.92188812750499;2.89397811126238;4.3431839666906;4.56975817077864;4.33202797708344;6.03368626446907;5.03556838940938;4.58912371182732;4.4868514378954;3.74795496312159;3.37905056163788;5.80805383506392;3.36761859499357;3.53975702854426;3.91202946372234;5.45967305323282;3.44299683380665;2.38496754694837;3.32671046779238;5.04187998317914;4.04820219607644;3.33856936219102;2.95244891980085;2.78634843669992;3.400244;3.469119;2.905658;2.251186;2.552228;2.302462;2.684162;4.261663;1.974185;1;2.605249;5.258525;3.245982;2.34137;2.92899;2.859918;3.387267;4.118641;2.000073;4.700008;3.443439;3.323561;3.259124;3.404671
55;3;35;0;0;3500;1850;1;19.999;200.2;3.54406804435028;3.26717172840301;0;1.301008280397;2.3014640731433;4.2542925832878;3.55774066702523;4.28588020256065;3.626474743356;3.69741969909386;4.03929773138387;3.82890753568842;3.07091638978975;3.79853621269151;3.1322696687897;3.46282790718806;3.58493271188774;2.43959482877361;4.11256210180924;3.28560161854869;4.22171297963188;3.60952280611687;1.9698178204238;2.24720222864421;2.13161221186729;2.18716124235017;3.31290682887049;2.14572790578305;2.14988140028723;3.23049615114934;3.37691315818969;2.29963817688237;2.20505496578415;2.18360252716324;2.21240122373237;2.47972427536165;4.56975817077864;4.33202797708344;4.62866151341824;5.03556838940938;2.75680720075089;4.4868514378954;3.74795496312159;2.25494251102376;1.96722096956597;2.2414941394042;2.20635182314303;5.25878591486575;3.92476742236085;3.44299683380665;2.38496754694837;2.36312148816913;2.12896031990924;4.04820219607644;2.22453451561005;2.09080788958823;2.03467826156653;2.684574;2.983223;2.905658;2.251186;1;2.302462;2.684162;3.08235;3.624194;1;2.605249;3.573757;2.706959;2.34137;1;2.859918;2.202079;3.431807;3.361935;3.188445;3.443439;3.323561;3.259124;1.937957
43;4;20;0;0;7000;4000;1;19.999;800.002;3.84509804001426;3.60205999132796;0;1.301008280397;2.90309107272679;5.36991781520157;4.39253015068777;5.39937960045806;4.61035400503481;3.69741969909386;4.03929773138387;3.82890753568842;3.87962946468104;3.79853621269151;3.1322696687897;3.46282790718806;3.58493271188774;3.65341842743192;5.29577933222649;4.0084586492562;5.72490556309278;4.53834412237969;2.77800192451502;2.24720222864421;2.94233011372017;3.10234489670439;3.31290682887049;3.50907770710191;2.89255999876967;3.23049615114934;3.37691315818969;3.07464677227252;2.20505496578415;2.98815893707634;2.21240122373237;5.58514856423644;4.56975817077864;4.33202797708344;4.62866151341824;3.78516282478141;4.58912371182732;4.4868514378954;3.74795496312159;3.37905056163788;3.97858642299128;3.36761859499357;3.53975702854426;3.91202946372234;3.92476742236085;2.38080044094893;2.38496754694837;2.36312148816913;2.12896031990924;2.86889033290433;2.22453451561005;2.09080788958823;2.03467826156653;3.400244;1;2.905658;1;1;2.302462;2.684162;3.08235;1.974185;1;2.605249;3.573757;1;1;1;2.859918;2.671424;3.431807;3.361935;3.188445;3.443439;3.323561;3.259124;3.404671
43;4;20;0;0;7000;3500;1;20.125;399.994;3.84509804001426;3.54406804435028;0;1.30373588903991;2.60205347686188;4.2542925832878;4.39253015068777;4.28588020256065;4.61035400503481;4.93597898202048;5.30031668088684;3.82890753568842;3.87962946468104;3.79853621269151;2.1901362459633;2.58593933232526;3.58493271188774;3.65341842743192;4.11256210180924;4.0084586492562;4.22171297963188;4.53834412237969;2.77800192451502;3.07948047043016;2.94233011372017;2.18716124235017;3.31290682887049;3.50907770710191;2.89255999876967;3.23049615114934;2.63965719851903;3.07464677227252;2.20505496578415;2.98815893707634;2.21240122373237;4.3431839666906;4.56975817077864;4.33202797708344;4.62866151341824;3.78516282478141;4.58912371182732;4.4868514378954;4.69216891683647;2.25494251102376;3.97858642299128;3.36761859499357;3.53975702854426;3.91202946372234;5.45967305323282;2.38080044094893;2.38496754694837;2.36312148816913;1;2.86889033290433;3.33856936219102;2.09080788958823;2.03467826156653;3.400244;1;2.905658;1;1;2.302462;2.684162;3.08235;1.974185;1;2.605249;3.573757;1;1;1;2.859918;2.671424;3.431807;3.361935;3.188445;3.443439;3.323561;3.259124;3.404671
64;6;30;0;0;5000;4500;3;20;400;3.69897000433602;3.65321251377534;0.477121254719662;1.30102999566398;2.60205999132796;2.28225546322899;2.54320250946164;2.30953238350105;2.52124561291124;2.22968699326937;2.30413729102943;2.18594503766934;2.23745981113385;2.28323413237892;2.1901362459633;2.58593933232526;2.3523464334854;2.43959482877361;3.29561717629922;3.28560161854869;3.39423935463136;3.60952280611687;3.9443867724375;3.07948047043016;2.94233011372017;3.10234489670439;2.08858216452189;2.14572790578305;2.14988140028723;2.36735499135022;2.0216462429411;3.85216486801159;3.07992614689203;2.98815893707634;3.66964946192881;2.47972427536165;2.5628832159573;2.47541720935374;2.36706545328246;2.12433991095465;2.75680720075089;2.53375234479293;2.76673291161913;2.25494251102376;3.97858642299128;2.2414941394042;2.20635182314303;1.97578381159481;3.92476742236085;3.44299683380665;3.51101002477435;3.32671046779238;2.94414672725435;2.86889033290433;2.22453451561005;2.09080788958823;2.03467826156653;2.684574;1;1;2.251186;1;1;2.684162;3.08235;1;1;2.605249;3.573757;1;3.205278;1;1;1;1;3.361935;4.700008;1;5.980714;3.259124;3.404671
37;5;5;0;0;1500;700;4;19.9995;59.9985;3.17609125905568;2.84509804001426;0.602059991327962;1.30101913816621;1.77814039288588;2.28225546322899;2.54320250946164;2.30953238350105;2.52124561291124;2.22968699326937;2.30413729102943;2.18594503766934;2.23745981113385;2.28323413237892;2.1901362459633;2.58593933232526;2.3523464334854;2.43959482877361;2.41355624326404;3.28560161854869;3.39423935463136;3.60952280611687;2.77800192451502;3.07948047043016;2.94233011372017;3.10234489670439;2.08858216452189;2.14572790578305;2.14988140028723;2.36735499135022;2.0216462429411;3.85216486801159;3.07992614689203;2.98815893707634;3.66964946192881;2.47972427536165;2.5628832159573;2.47541720935374;2.36706545328246;2.12433991095465;2.75680720075089;2.53375234479293;2.76673291161913;2.25494251102376;2.83209444307479;2.2414941394042;2.20635182314303;1.97578381159481;3.92476742236085;3.44299683380665;3.51101002477435;2.36312148816913;3.78621845510159;2.86889033290433;3.33856936219102;2.09080788958823;2.03467826156653;1.843951;1;1;3.030641;1;1;2.684162;3.08235;1.974185;1;2.605249;3.573757;1;3.205278;1;2.075129;1;1;3.361935;3.188445;1;3.323561;3.259124;3.404671
54;4;30;0;0;20000;13000;12;80;1000;4.30102999566398;4.11394335230684;1.07918124604762;1.90308998699194;3;3.29930058871261;3.55774066702523;3.33136848638446;3.626474743356;3.69741969909386;4.03929773138387;3.82890753568842;3.87962946468104;3.79853621269151;2.1901362459633;3.46282790718806;3.58493271188774;3.65341842743192;4.11256210180924;3.28560161854869;3.39423935463136;3.60952280611687;3.9443867724375;4.00874465837667;3.85267436368364;3.10234489670439;3.31290682887049;2.91140592315142;2.89255999876967;2.36735499135022;3.37691315818969;3.85216486801159;4.0015310262084;3.92188812750499;3.66964946192881;3.51548805217588;3.67009832199333;3.46320170746022;3.51973720280498;3.78516282478141;4.58912371182732;3.52970480242446;4.69216891683647;3.37905056163788;3.97858642299128;3.36761859499357;3.53975702854426;3.91202946372234;3.92476742236085;4.50997328650962;4.43048894484358;3.32671046779238;3.78621845510159;2.86889033290433;3.33856936219102;2.95244891980085;2.78634843669992;1.843951;1;1;2.251186;3.357787;3.79577;2.684162;4.261663;2.718569;3.113618;4.139744;3.573757;1;2.34137;3.76995;1;2.202079;2.15365;3.361935;4.700008;1;1.844673;1;3.404671
56;4;30;0;0;30000;14000;14;199.8;999.6;4.47712125471966;4.14612803567824;1.14612803567824;2.30059548388996;2.99982624745441;3.29930058871261;3.55774066702523;4.28588020256065;3.626474743356;3.69741969909386;4.03929773138387;3.82890753568842;3.07091638978975;3.02302234443974;2.1901362459633;3.46282790718806;3.58493271188774;2.43959482877361;3.29561717629922;3.28560161854869;3.39423935463136;3.60952280611687;3.9443867724375;4.00874465837667;2.94233011372017;3.10234489670439;3.31290682887049;3.50907770710191;2.89255999876967;2.36735499135022;3.37691315818969;3.85216486801159;4.0015310262084;2.98815893707634;3.66964946192881;4.3431839666906;3.67009832199333;4.33202797708344;3.51973720280498;3.78516282478141;4.58912371182732;4.4868514378954;3.74795496312159;3.37905056163788;3.97858642299128;3.36761859499357;3.53975702854426;3.91202946372234;3.92476742236085;3.44299683380665;3.51101002477435;3.32671046779238;2.94414672725435;2.86889033290433;3.33856936219102;2.95244891980085;2.78634843669992;1.843951;1;1;2.251186;2.552228;1;2.684162;3.08235;2.718569;3.113618;2.605249;3.573757;1;1.987542;2.92899;2.859918;2.202079;2.15365;3.361935;3.188445;2.417717;3.323561;1;3.404671
84;3;55;0;0;4000;1900;8;50;120;3.60205999132796;3.27875360095283;0.903089986991943;1.69897000433602;2.07918124604762;3.29930058871261;3.55774066702523;3.33136848638446;3.626474743356;3.69741969909386;4.03929773138387;3.82890753568842;3.07091638978975;3.79853621269151;3.1322696687897;2.58593933232526;2.3523464334854;2.43959482877361;2.41355624326404;2.43247411919635;2.44594206680838;2.53115219901003;3.9443867724375;3.07948047043016;2.94233011372017;3.10234489670439;2.08858216452189;2.14572790578305;2.14988140028723;2.36735499135022;2.0216462429411;3.85216486801159;3.07992614689203;2.98815893707634;3.66964946192881;3.51548805217588;2.5628832159573;2.47541720935374;2.36706545328246;3.78516282478141;2.75680720075089;3.52970480242446;2.76673291161913;2.25494251102376;3.97858642299128;2.2414941394042;3.53975702854426;2.84800066015709;3.92476742236085;3.44299683380665;3.51101002477435;3.32671046779238;2.94414672725435;2.86889033290433;3.33856936219102;2.09080788958823;2.03467826156653;1.843951;1;1;1.904728;2.552228;3.024137;2.684162;1.962471;3.624194;1;2.605249;3.573757;1;2.34137;2.496823;2.075129;1;2.15365;3.361935;3.188445;1;3.323561;5.315623;3.404671
62;3;20;0;0;28000;16000;14;140;1199.968;4.44715803134222;4.20411998265592;1.14612803567824;2.14612803567824;3.07916966470702;2.28225546322899;2.54320250946164;2.30953238350105;2.52124561291124;3.69741969909386;3.18003084730744;5.21716840891571;3.07091638978975;3.79853621269151;3.1322696687897;3.46282790718806;3.58493271188774;3.65341842743192;3.29561717629922;3.28560161854869;3.39423935463136;3.60952280611687;3.9443867724375;4.00874465837667;3.85267436368364;3.10234489670439;3.31290682887049;3.50907770710191;2.89255999876967;2.36735499135022;3.37691315818969;3.85216486801159;3.07992614689203;2.98815893707634;3.66964946192881;3.51548805217588;3.67009832199333;3.46320170746022;3.51973720280498;3.78516282478141;3.69916605436049;3.52970480242446;3.74795496312159;2.25494251102376;3.97858642299128;2.2414941394042;2.20635182314303;3.91202946372234;3.92476742236085;4.50997328650962;4.43048894484358;4.17504038364695;2.12896031990924;1.99998511662762;2.22453451561005;2.95244891980085;2.78634843669992;2.321201;1;1;2.251186;2.552228;3.79577;2.684162;4.261663;3.624194;3.113618;4.139744;3.573757;1;2.34137;2.496823;2.859918;2.202079;2.905798;5.086402;3.188445;2.417717;1.844673;3.259124;1.937957
70;5;45;0;0;20000;13500;12;80;1000;4.30102999566398;4.13033376849501;1.07918124604762;1.90308998699194;3;3.29930058871261;3.55774066702523;3.33136848638446;3.626474743356;3.69741969909386;3.18003084730744;3.82890753568842;3.07091638978975;3.79853621269151;2.1901362459633;2.58593933232526;2.3523464334854;2.43959482877361;3.29561717629922;2.43247411919635;2.44594206680838;3.60952280611687;3.9443867724375;4.00874465837667;2.94233011372017;3.10234489670439;3.31290682887049;2.91140592315142;2.89255999876967;2.36735499135022;3.37691315818969;3.85216486801159;4.0015310262084;3.92188812750499;2.89397811126238;4.3431839666906;4.56975817077864;4.33202797708344;4.62866151341824;3.78516282478141;4.58912371182732;4.4868514378954;3.74795496312159;3.37905056163788;3.97858642299128;2.2414941394042;3.53975702854426;3.91202946372234;3.92476742236085;3.44299683380665;4.43048894484358;3.32671046779238;3.78621845510159;2.86889033290433;3.33856936219102;2.95244891980085;2.78634843669992;1.843951;1;1;2.251186;2.552228;1;2.684162;4.261663;1.974185;2.681894;4.139744;3.573757;1;2.34137;2.92899;2.075129;2.202079;2.15365;3.361935;1.588768;1.674772;3.323561;3.259124;3.404671
75;2;50;0;0;3500;2000;1;9.9995;40.201;3.54406804435028;3.30102999566398;0;0.999978284733019;1.60423685629542;4.2542925832878;4.39253015068777;4.28588020256065;4.61035400503481;3.69741969909386;4.03929773138387;3.82890753568842;3.07091638978975;3.79853621269151;3.1322696687897;2.58593933232526;4.73145170458151;3.65341842743192;5.29577933222649;5.36248453476796;4.22171297963188;4.53834412237969;2.77800192451502;3.07948047043016;2.94233011372017;2.18716124235017;3.31290682887049;3.50907770710191;2.89255999876967;3.23049615114934;4.55970583625675;1;1;2.98815893707634;2.21240122373237;5.58514856423644;4.56975817077864;4.33202797708344;4.62866151341824;2.12433991095465;2.75680720075089;2.53375234479293;2.76673291161913;3.37905056163788;3.97858642299128;3.36761859499357;3.53975702854426;3.91202946372234;5.45967305323282;2.38080044094893;2.38496754694837;2.36312148816913;2.12896031990924;2.86889033290433;2.22453451561005;2.09080788958823;2.03467826156653;3.400244;1;2.905658;1;1;2.302462;2.684162;3.08235;2.718569;1;2.605249;3.573757;1;1;1;2.859918;2.671424;3.431807;3.361935;3.188445;3.443439;3.323561;3.259124;3.404671
47;0;25;0;0;3500;1700;1;9.9995;400.001;3.54406804435028;3.23044892137827;0;0.999978284733019;2.60206107706281;5.36991781520157;4.39253015068777;4.28588020256065;3.626474743356;3.69741969909386;4.03929773138387;3.82890753568842;3.87962946468104;3.79853621269151;3.1322696687897;2.58593933232526;3.58493271188774;3.65341842743192;5.29577933222649;4.0084586492562;4.22171297963188;4.53834412237969;2.77800192451502;3.07948047043016;2.94233011372017;3.10234489670439;4.35467318283299;3.50907770710191;2.89255999876967;3.23049615114934;3.37691315818969;2.29963817688237;2.20505496578415;3.92188812750499;1;4.3431839666906;4.56975817077864;4.33202797708344;4.62866151341824;3.78516282478141;4.58912371182732;4.4868514378954;3.74795496312159;3.37905056163788;5.80805383506392;3.36761859499357;3.53975702854426;5.25878591486575;3.92476742236085;2.38080044094893;2.38496754694837;3.32671046779238;1;4.04820219607644;3.33856936219102;2.09080788958823;2.03467826156653;3.400244;1;2.905658;1;1;2.302462;2.684162;3.08235;2.718569;1;2.605249;3.573757;1;1;1;2.859918;2.671424;3.431807;3.361935;3.188445;3.443439;3.323561;3.259124;3.404671
47;4;15;0;0;4000;1600;1;20;800;3.60205999132796;3.20411998265592;0;1.30102999566398;2.90308998699194;4.2542925832878;2.54320250946164;3.33136848638446;2.52124561291124;2.94461110793176;3.18003084730744;2.95864693240493;3.07091638978975;3.02302234443974;2.1901362459633;2.58593933232526;3.58493271188774;3.65341842743192;4.11256210180924;2.43247411919635;3.39423935463136;2.53115219901003;1;1;1;1;1;1;1;1;1;2.29963817688237;2.20505496578415;2.18360252716324;1;3.51548805217588;3.67009832199333;4.33202797708344;4.62866151341824;2.8786203527613;3.69916605436049;3.52970480242446;2.76673291161913;2.25494251102376;1.96722096956597;2.2414941394042;3.53975702854426;1;3.92476742236085;2.38080044094893;2.38496754694837;2.36312148816913;3.78621845510159;1.99998511662762;2.22453451561005;2.09080788958823;2.03467826156653;2.321201;1;2.905658;1;2.552228;2.302462;2.684162;3.08235;2.718569;1;2.605249;3.573757;1;1;2.115827;2.859918;1;2.15365;2.000073;3.188445;3.443439;3.323561;3.259124;1.937957
53;3;26;0;1;2000;1519;27;13.8;67;3.30102999566398;3.18155777386279;1.43136376415899;1.13987908640124;1.82607480270083;1;1;1;2.52124561291124;3.69741969909386;2.30413729102943;2.95864693240493;3.87962946468104;3.79853621269151;1;3.46282790718806;2.3523464334854;1;2.41355624326404;2.43247411919635;4.22171297963188;4.53834412237969;2.77800192451502;4.00874465837667;2.94233011372017;3.10234489670439;3.31290682887049;3.50907770710191;3.53153025530216;3.66615203712211;4.55970583625675;3.85216486801159;4.0015310262084;1;1;3.51548805217588;2.5628832159573;2.47541720935374;2.36706545328246;5.03556838940938;2.75680720075089;2.53375234479293;4.69216891683647;2.25494251102376;3.97858642299128;1;3.53975702854426;5.25878591486575;2.93663138247969;2.38080044094893;3.51101002477435;3.32671046779238;3.78621845510159;4.04820219607644;5.39937960045806;2.95244891980085;4.53956482455783;1;1;2.070135;1;1;2.302462;2.684162;3.08235;3.624194;1;2.605249;3.573757;1;2.34137;1;2.075129;2.671424;2.905798;2.000073;3.188445;3.443439;3.323561;1;1.937957
45;3;19;0;0;5200;3900;1;19.9992;400.0048;3.7160033436348;3.5910646070265;0;1.30101262353726;2.60206520283048;4.2542925832878;4.39253015068777;3.33136848638446;3.626474743356;3.69741969909386;3.18003084730744;3.82890753568842;3.87962946468104;3.79853621269151;3.1322696687897;3.46282790718806;3.58493271188774;3.65341842743192;4.11256210180924;4.0084586492562;3.39423935463136;3.60952280611687;3.9443867724375;1;1;2.18716124235017;2.72067088037479;1;1;1;1;2.29963817688237;1;1;1;4.3431839666906;2.5628832159573;3.46320170746022;3.51973720280498;3.78516282478141;4.58912371182732;4.4868514378954;3.74795496312159;1;2.83209444307479;3.36761859499357;3.53975702854426;3.91202946372234;5.45967305323282;2.38080044094893;1;3.32671046779238;1;2.86889033290433;2.22453451561005;2.09080788958823;2.03467826156653;3.400244;1;2.905658;1;1;2.302462;2.684162;3.08235;1.974185;1;2.605249;5.258525;2.706959;2.34137;1;3.805811;1;2.15365;3.361935;4.700008;2.417717;3.323561;3.259124;3.404671
72;1;40;0;0;10000;7300;1;30;400;4;3.86332286012046;0;1.47712125471966;2.60205999132796;3.29930058871261;2.54320250946164;2.30953238350105;2.52124561291124;3.69741969909386;2.30413729102943;1;3.07091638978975;2.28323413237892;2.1901362459633;2.58593933232526;3.58493271188774;3.65341842743192;4.11256210180924;2.43247411919635;2.44594206680838;2.53115219901003;1;1;1;1;2.08858216452189;1;1;1;2.63965719851903;2.29963817688237;1;1;1;3.51548805217588;4.56975817077864;4.33202797708344;3.51973720280498;2.8786203527613;4.58912371182732;3.52970480242446;2.76673291161913;2.25494251102376;1.96722096956597;3.36761859499357;3.53975702854426;2.84800066015709;3.92476742236085;2.38080044094893;2.38496754694837;2.36312148816913;1;1.99998511662762;1;1;1;2.321201;3.469119;1;1;1;2.302462;2.684162;3.08235;3.624194;1;2.605249;3.573757;1;1;1;2.859918;1;2.15365;3.361935;3.188445;2.417717;3.323561;3.259124;3.404671
65;5;30;0;1;10000;5569;22;16;472;4;3.74577721788976;1.34242268082221;1.20411998265592;2.67394199863409;2.28225546322899;4.39253015068777;2.30953238350105;4.61035400503481;4.93597898202048;5.30031668088684;2.95864693240493;3.07091638978975;3.79853621269151;4.14495141540325;4.24608497988177;3.58493271188774;2.43959482877361;2.41355624326404;2.43247411919635;4.22171297963188;2.53115219901003;2.77800192451502;4.00874465837667;2.94233011372017;4.05885410729385;2.72067088037479;4.42365405002657;2.89255999876967;3.66615203712211;4.55970583625675;3.85216486801159;4.0015310262084;3.92188812750499;2.21240122373237;2.47972427536165;2.5628832159573;3.46320170746022;2.36706545328246;3.78516282478141;5.81649774114756;5.82884419770667;4.69216891683647;1;1.96722096956597;2.2414941394042;3.53975702854426;5.25878591486575;3.92476742236085;2.38080044094893;3.51101002477435;2.36312148816913;3.78621845510159;1.99998511662762;3.33856936219102;2.95244891980085;1;1;1;2.070135;2.251186;1;3.79577;1;3.08235;3.624194;1;2.605249;3.573757;1;2.34137;2.115827;2.859918;3.387267;2.905798;2.000073;3.188445;1.674772;3.323561;3.259124;5.725663
42;5;20;0;1;5000;3511;13;4.5;72;3.69897000433602;3.54543082946535;1.11394335230684;0.653212513775344;1.85733249643127;2.28225546322899;3.55774066702523;4.28588020256065;4.61035400503481;3.69741969909386;4.03929773138387;2.95864693240493;3.87962946468104;5.12622218173134;4.14495141540325;4.24608497988177;2.3523464334854;2.43959482877361;4.11256210180924;4.0084586492562;2.44594206680838;2.53115219901003;3.9443867724375;4.00874465837667;3.85267436368364;4.05885410729385;4.35467318283299;3.50907770710191;3.53153025530216;4.46885109526007;3.37691315818969;3.85216486801159;4.0015310262084;2.98815893707634;2.21240122373237;2.47972427536165;2.5628832159573;2.47541720935374;2.36706545328246;3.78516282478141;5.81649774114756;4.4868514378954;5.99035811346121;1;2.83209444307479;2.2414941394042;2.20635182314303;1;2.33353972899358;2.38080044094893;4.43048894484358;2.36312148816913;2.94414672725435;1.99998511662762;5.39937960045806;3.85472420956226;2.78634843669992;1;1;2.905658;3.030641;1;3.79577;1;1.962471;3.624194;1;2.605249;3.573757;1;3.205278;1;1;3.387267;2.15365;2.000073;4.700008;2.417717;1.844673;1;3.404671
31;0;5;0;1;5000;1674;15;10.5;48.5;3.69897000433602;3.22375545365724;1.17609125905568;1.02118929906994;1.68574173860226;2.28225546322899;2.54320250946164;2.30953238350105;2.52124561291124;2.22968699326937;3.18003084730744;3.82890753568842;3.07091638978975;5.12622218173134;3.1322696687897;2.58593933232526;1;3.65341842743192;2.41355624326404;1;1;4.53834412237969;2.77800192451502;4.00874465837667;2.94233011372017;4.05885410729385;3.31290682887049;4.42365405002657;4.53295183984895;2.36735499135022;2.0216462429411;5.04187998317914;4.0015310262084;1;3.66964946192881;1;3.67009832199333;1;1;5.03556838940938;5.81649774114756;3.52970480242446;5.99035811346121;2.25494251102376;2.83209444307479;2.2414941394042;2.20635182314303;3.91202946372234;2.93663138247969;3.44299683380665;3.51101002477435;3.32671046779238;2.94414672725435;2.86889033290433;3.33856936219102;2.95244891980085;4.53956482455783;1;1;2.233751;3.030641;2.552228;1;2.684162;3.08235;2.718569;1;1;3.573757;1;1;1;2.075129;3.387267;1;1;4.700008;4.628745;4.813473;3.259124;3.404671
48;5;27;0;1;15000;5046;20;121.5;162;4.17609125905568;3.70294724618156;1.30102999566398;2.08457627793433;2.20951501454263;1;3.55774066702523;4.28588020256065;3.626474743356;2.94461110793176;3.18003084730744;3.82890753568842;3.87962946468104;3.79853621269151;4.14495141540325;1;3.58493271188774;2.43959482877361;4.11256210180924;1;2.44594206680838;4.53834412237969;3.9443867724375;4.00874465837667;2.94233011372017;4.05885410729385;3.31290682887049;4.42365405002657;4.53295183984895;3.23049615114934;2.63965719851903;5.04187998317914;4.0015310262084;3.92188812750499;3.66964946192881;2.47972427536165;2.5628832159573;2.47541720935374;1;3.78516282478141;4.58912371182732;2.53375234479293;4.69216891683647;1;3.97858642299128;2.2414941394042;2.20635182314303;3.91202946372234;2.93663138247969;2.38080044094893;5.36248453476796;4.17504038364695;3.78621845510159;4.04820219607644;3.33856936219102;2.95244891980085;4.53956482455783;1;1;1.902163;3.030641;1;2.302462;1;3.08235;3.624194;1;1;3.573757;1;2.34137;1;2.075129;2.671424;2.15365;1;3.188445;4.628745;1.844673;3.259124;3.404671
55;4;37;0;1;2500;1053;48;2.25;115;3.39794000867204;3.02242837118549;1.68124123737559;0.352182518111363;2.06069784035361;3.29930058871261;3.55774066702523;4.28588020256065;3.626474743356;2.22968699326937;3.18003084730744;3.82890753568842;5.05491040235879;3.79853621269151;1;3.46282790718806;2.3523464334854;1;3.29561717629922;1;2.44594206680838;1;3.9443867724375;4.00874465837667;2.94233011372017;4.05885410729385;4.35467318283299;3.50907770710191;4.53295183984895;3.66615203712211;4.55970583625675;5.04187998317914;3.07992614689203;2.98815893707634;5.05491040235879;1;2.5628832159573;2.47541720935374;2.36706545328246;3.78516282478141;5.81649774114756;4.4868514378954;3.74795496312159;1;1.96722096956597;3.36761859499357;2.20635182314303;3.91202946372234;1;2.38080044094893;2.38496754694837;2.36312148816913;3.78621845510159;2.86889033290433;3.33856936219102;3.85472420956226;3.54177339366547;2.321201;1;2.233751;3.030641;1;2.302462;2.684162;3.08235;2.718569;1;2.605249;1.878815;1;2.34137;2.115827;2.075129;3.387267;1;2.000073;3.188445;1.674772;4.813473;3.259124;1.937957
65;4;40;0;1;1000;614;19;1.9;18.1;3;2.78816837114117;1.27875360095283;0.278753600952829;1.25767857486918;3.29930058871261;2.54320250946164;3.33136848638446;4.61035400503481;4.93597898202048;3.18003084730744;2.18594503766934;3.87962946468104;3.79853621269151;4.14495141540325;2.58593933232526;3.58493271188774;4.84488846861793;3.29561717629922;1;2.44594206680838;3.60952280611687;2.77800192451502;3.07948047043016;3.85267436368364;4.05885410729385;4.35467318283299;2.14572790578305;4.53295183984895;3.66615203712211;3.37691315818969;2.29963817688237;3.07992614689203;3.92188812750499;2.21240122373237;1;2.5628832159573;2.47541720935374;4.62866151341824;2.8786203527613;2.75680720075089;4.4868514378954;2.76673291161913;2.25494251102376;2.83209444307479;3.36761859499357;5.18027334322561;3.91202946372234;2.33353972899358;2.38080044094893;3.51101002477435;3.32671046779238;2.12896031990924;4.04820219607644;4.38661246607969;3.85472420956226;3.54177339366547;1;1;2.070135;2.251186;2.552228;3.177772;1;1.962471;3.624194;1;1;3.573757;1;3.205278;1;2.859918;2.671424;2.15365;3.361935;3.188445;2.417717;1.844673;3.259124;3.404671
53;3;31;0;1;500;213;16;3.4;21.95;2.69897000433602;2.32837960343874;1.20411998265592;0.531478917042255;1.34143452457814;2.28225546322899;4.39253015068777;2.30953238350105;4.61035400503481;1;4.03929773138387;3.82890753568842;3.87962946468104;3.79853621269151;3.1322696687897;4.24608497988177;3.58493271188774;2.43959482877361;4.11256210180924;1;1;2.53115219901003;3.9443867724375;4.00874465837667;3.85267436368364;3.10234489670439;3.31290682887049;2.91140592315142;4.53295183984895;3.66615203712211;4.55970583625675;5.04187998317914;2.20505496578415;3.92188812750499;3.66964946192881;4.3431839666906;3.67009832199333;1;2.36706545328246;3.78516282478141;4.58912371182732;4.4868514378954;4.69216891683647;1;1.96722096956597;2.2414941394042;2.20635182314303;5.25878591486575;2.93663138247969;2.38080044094893;3.51101002477435;3.32671046779238;2.94414672725435;2.86889033290433;5.39937960045806;3.85472420956226;2.03467826156653;3.400244;1;1.902163;1;1;3.79577;2.684162;1.962471;2.718569;1;2.605249;3.573757;1;1;1;3.805811;3.387267;2.15365;5.086402;6.083895;2.417717;3.323561;3.259124;3.404671
70;5;52;0;1;1300;980;14;11.05;56.16;3.11394335230684;2.99122607569249;1.14612803567824;1.04336227802113;1.74942709912175;3.29930058871261;3.55774066702523;2.30953238350105;4.61035400503481;2.94461110793176;1;2.95864693240493;3.87962946468104;2.28323413237892;3.1322696687897;4.24608497988177;2.3523464334854;2.43959482877361;4.11256210180924;4.0084586492562;4.22171297963188;2.53115219901003;3.9443867724375;4.00874465837667;2.94233011372017;4.05885410729385;3.31290682887049;3.50907770710191;3.53153025530216;3.66615203712211;4.55970583625675;5.04187998317914;3.07992614689203;3.92188812750499;2.21240122373237;2.47972427536165;1;2.47541720935374;2.36706545328246;2.12433991095465;5.81649774114756;3.52970480242446;2.76673291161913;1;2.83209444307479;2.2414941394042;3.53975702854426;2.84800066015709;2.33353972899358;3.44299683380665;1;3.32671046779238;2.12896031990924;5.96860119656301;3.33856936219102;3.85472420956226;3.54177339366547;1;1;2.905658;3.030641;1;3.79577;1;3.08235;2.718569;1;2.605249;3.573757;1;3.205278;2.115827;2.859918;3.387267;2.905798;2.000073;3.188445;3.443439;1.844673;3.259124;1.937957
53;4;31;0;1;7500;4679;42;8.25;79.5;3.8750612633917;3.67015304519218;1.6232492903979;0.916453948549925;1.90036712865647;2.28225546322899;2.54320250946164;4.28588020256065;4.61035400503481;4.93597898202048;4.03929773138387;2.95864693240493;3.87962946468104;3.79853621269151;2.1901362459633;3.46282790718806;1;3.65341842743192;4.11256210180924;1;2.44594206680838;2.53115219901003;2.77800192451502;4.00874465837667;2.94233011372017;4.05885410729385;3.31290682887049;3.50907770710191;3.53153025530216;4.46885109526007;3.37691315818969;3.07464677227252;3.07992614689203;2.18360252716324;3.66964946192881;1;2.5628832159573;1;3.51973720280498;3.78516282478141;2.75680720075089;1;3.74795496312159;3.37905056163788;1.96722096956597;3.36761859499357;2.20635182314303;3.91202946372234;2.93663138247969;2.38080044094893;3.51101002477435;3.32671046779238;2.94414672725435;2.86889033290433;2.22453451561005;2.95244891980085;2.78634843669992;2.684574;1;1;2.251186;3.852001;3.79577;1;3.08235;1;2.681894;2.605249;1.878815;1;1;2.115827;1;3.387267;1;2.000073;4.700008;4.628745;3.323561;3.259124;1.937957
50;5;33;1;0;30000;2200;68;180;3450;4.47712125471966;3.34242268082221;1.83250891270624;2.25527250510331;3.53781909507327;2.28225546322899;2.54320250946164;2.30953238350105;2.52124561291124;3.69741969909386;4.03929773138387;2.95864693240493;3.07091638978975;3.02302234443974;2.1901362459633;2.58593933232526;2.3523464334854;2.43959482877361;2.41355624326404;2.43247411919635;2.44594206680838;2.53115219901003;1.9698178204238;2.24720222864421;2.13161221186729;2.18716124235017;2.08858216452189;2.14572790578305;2.14988140028723;2.36735499135022;2.0216462429411;3.07464677227252;2.20505496578415;2.98815893707634;2.89397811126238;2.47972427536165;2.5628832159573;2.47541720935374;2.36706545328246;2.8786203527613;3.69916605436049;3.52970480242446;3.74795496312159;2.25494251102376;1.96722096956597;2.2414941394042;2.20635182314303;1.97578381159481;2.33353972899358;2.38080044094893;2.38496754694837;2.36312148816913;2.12896031990924;1.99998511662762;2.22453451561005;2.09080788958823;2.03467826156653;1;1;2.070135;3.030641;1;1;2.684162;4.261663;3.624194;1;2.605249;3.573757;1;3.205278;1;2.859918;1;2.15365;3.361935;4.700008;2.417717;3.323561;3.259124;3.404671
46;4;20;0;1;20000;3000;28;30;200;4.30102999566398;3.47712125471966;1.44715803134222;1.47712125471966;2.30102999566398;4.2542925832878;4.39253015068777;4.28588020256065;4.61035400503481;3.69741969909386;4.03929773138387;3.82890753568842;3.87962946468104;3.79853621269151;4.14495141540325;4.24608497988177;2.3523464334854;3.65341842743192;5.29577933222649;2.43247411919635;2.44594206680838;2.53115219901003;3.9443867724375;4.00874465837667;3.85267436368364;4.05885410729385;4.35467318283299;4.42365405002657;4.53295183984895;4.46885109526007;4.55970583625675;5.04187998317914;4.0015310262084;3.92188812750499;3.66964946192881;2.47972427536165;2.5628832159573;2.47541720935374;2.36706545328246;5.03556838940938;5.81649774114756;2.53375234479293;5.99035811346121;2.25494251102376;1.96722096956597;2.2414941394042;2.20635182314303;5.25878591486575;2.33353972899358;3.44299683380665;3.51101002477435;3.32671046779238;2.94414672725435;4.04820219607644;4.38661246607969;3.85472420956226;3.54177339366547;1;1;2.070135;3.030641;1;3.79577;1;3.08235;3.624194;1;2.605249;3.573757;1;3.205278;1;2.859918;3.387267;2.15365;2.000073;4.700008;4.628745;3.323561;3.259124;3.404671
55;5;34;0;1;4000;1504;26;4.4;120;3.60205999132796;3.17724783625562;1.41497334797082;0.643452676486187;2.07918124604762;3.29930058871261;2.54320250946164;1;2.52124561291124;4.93597898202048;3.18003084730744;2.18594503766934;3.87962946468104;3.79853621269151;3.1322696687897;4.24608497988177;2.3523464334854;3.65341842743192;5.29577933222649;2.43247411919635;2.44594206680838;2.53115219901003;3.9443867724375;3.07948047043016;2.94233011372017;3.10234489670439;3.31290682887049;4.42365405002657;3.53153025530216;3.66615203712211;3.37691315818969;3.85216486801159;3.07992614689203;3.92188812750499;1;1;1;3.46320170746022;2.36706545328246;3.78516282478141;5.81649774114756;4.4868514378954;4.69216891683647;2.25494251102376;1;3.36761859499357;1;2.84800066015709;2.33353972899358;4.50997328650962;4.43048894484358;2.36312148816913;2.94414672725435;1.99998511662762;4.38661246607969;2.95244891980085;2.03467826156653;2.321201;1;2.233751;1;1;3.177772;2.684162;1.962471;3.624194;1;2.605249;3.573757;1;3.205278;1;1;3.387267;2.905798;2.000073;3.188445;3.443439;4.813473;3.259124;1
50;3;40;0;1;10000;1000;13;20;150;4;3;1.11394335230684;1.30102999566398;2.17609125905568;3.29930058871261;3.55774066702523;3.33136848638446;3.626474743356;2.94461110793176;3.18003084730744;3.82890753568842;3.87962946468104;3.79853621269151;4.14495141540325;4.24608497988177;4.73145170458151;4.84488846861793;4.11256210180924;2.43247411919635;2.44594206680838;3.60952280611687;3.9443867724375;4.00874465837667;3.85267436368364;4.05885410729385;3.31290682887049;3.50907770710191;3.53153025530216;3.66615203712211;3.37691315818969;3.85216486801159;2.20505496578415;2.18360252716324;2.21240122373237;2.47972427536165;2.5628832159573;2.47541720935374;2.36706545328246;3.78516282478141;2.75680720075089;2.53375234479293;4.69216891683647;3.37905056163788;2.83209444307479;3.36761859499357;3.53975702854426;3.91202946372234;2.33353972899358;2.38080044094893;2.38496754694837;2.36312148816913;2.12896031990924;1.99998511662762;2.22453451561005;2.09080788958823;2.03467826156653;2.684574;1;2.070135;3.030641;1;1;1;3.08235;3.624194;2.681894;2.605249;3.573757;1;3.205278;1;2.075129;2.671424;2.15365;2.000073;4.700008;3.443439;5.980714;5.315623;3.404671
58;4;36;0;1;7500;2208;39;14.25;313.5;3.8750612633917;3.34399906905716;1.5910646070265;1.15381486434453;2.49623754516674;2.28225546322899;1;4.28588020256065;3.626474743356;2.94461110793176;4.03929773138387;3.82890753568842;3.87962946468104;3.02302234443974;4.14495141540325;5.52178731590242;4.73145170458151;2.43959482877361;4.11256210180924;2.43247411919635;2.44594206680838;3.60952280611687;3.9443867724375;4.00874465837667;2.94233011372017;4.05885410729385;3.31290682887049;4.42365405002657;4.53295183984895;3.66615203712211;2.0216462429411;3.07464677227252;4.0015310262084;3.92188812750499;3.66964946192881;2.47972427536165;4.56975817077864;2.47541720935374;1;2.8786203527613;4.58912371182732;2.53375234479293;3.74795496312159;1;2.83209444307479;2.2414941394042;3.53975702854426;3.91202946372234;3.92476742236085;3.44299683380665;3.51101002477435;3.32671046779238;3.78621845510159;1;3.33856936219102;2.95244891980085;4.53956482455783;1;1;2.905658;3.030641;3.852001;1;2.684162;4.261663;3.624194;1;1;3.573757;1;2.34137;2.115827;2.859918;3.387267;2.15365;2.000073;3.188445;4.628745;1.844673;3.259124;5.725663
39;4;17;0;1;5000;1393;16;5.5;50;3.69897000433602;3.14395111642396;1.20411998265592;0.740362689494244;1.69897000433602;2.28225546322899;3.55774066702523;4.28588020256065;3.626474743356;2.22968699326937;3.18003084730744;3.82890753568842;5.05491040235879;3.79853621269151;1;4.24608497988177;2.3523464334854;4.84488846861793;2.41355624326404;2.43247411919635;2.44594206680838;4.53834412237969;2.77800192451502;4.00874465837667;3.85267436368364;3.10234489670439;4.35467318283299;4.42365405002657;4.53295183984895;2.36735499135022;4.55970583625675;3.07464677227252;5.48154829600486;2.98815893707634;2.89397811126238;3.51548805217588;2.5628832159573;1;3.51973720280498;3.78516282478141;4.58912371182732;4.4868514378954;4.69216891683647;2.25494251102376;1;2.2414941394042;3.53975702854426;3.91202946372234;3.92476742236085;4.50997328650962;5.36248453476796;2.36312148816913;3.78621845510159;4.04820219607644;3.33856936219102;2.95244891980085;2.03467826156653;1;1;2.905658;1;1;3.79577;1;4.261663;3.624194;1;2.605249;1.878815;1;2.34137;2.115827;2.075129;3.387267;1;2.000073;1.588768;3.443439;3.323561;3.259124;3.404671
56;4;40;0;1;10000;1500;14;15;100;4;3.17609125905568;1.14612803567824;1.17609125905568;2;4.2542925832878;4.39253015068777;4.28588020256065;4.61035400503481;3.69741969909386;4.03929773138387;3.82890753568842;3.87962946468104;3.79853621269151;4.14495141540325;4.24608497988177;2.3523464334854;3.65341842743192;5.29577933222649;2.43247411919635;2.44594206680838;2.53115219901003;3.9443867724375;4.00874465837667;3.85267436368364;4.05885410729385;4.35467318283299;4.42365405002657;4.53295183984895;4.46885109526007;4.55970583625675;5.04187998317914;4.0015310262084;3.92188812750499;3.66964946192881;2.47972427536165;2.5628832159573;2.47541720935374;2.36706545328246;5.03556838940938;5.81649774114756;2.53375234479293;5.99035811346121;2.25494251102376;1.96722096956597;2.2414941394042;2.20635182314303;5.25878591486575;2.33353972899358;3.44299683380665;3.51101002477435;3.32671046779238;2.94414672725435;4.04820219607644;4.38661246607969;3.85472420956226;3.54177339366547;1;1;2.070135;3.030641;1;3.79577;1;3.08235;3.624194;1;2.605249;3.573757;1;3.205278;1;2.859918;3.387267;2.15365;2.000073;4.700008;4.628745;5.980714;6.194234;3.404671
53;4;30;0;1;10000;7932;15;14;164;4;3.89938270553327;1.17609125905568;1.14612803567824;2.2148438480477;3.29930058871261;4.39253015068777;3.33136848638446;2.52124561291124;2.22968699326937;3.18003084730744;3.82890753568842;3.87962946468104;1;1;4.24608497988177;1;2.43959482877361;1;2.43247411919635;1;1;3.9443867724375;4.00874465837667;3.85267436368364;3.10234489670439;4.35467318283299;4.42365405002657;2.89255999876967;4.46885109526007;3.37691315818969;3.07464677227252;4.0015310262084;3.92188812750499;3.66964946192881;3.51548805217588;4.56975817077864;4.33202797708344;4.62866151341824;2.8786203527613;3.69916605436049;3.52970480242446;1;5.59821953684989;3.97858642299128;2.2414941394042;5.18027334322561;2.84800066015709;2.93663138247969;3.44299683380665;2.38496754694837;5.39937960045806;5.04187998317914;1.99998511662762;4.38661246607969;2.09080788958823;2.78634843669992;3.400244;1;2.070135;2.021276;2.552228;2.302462;1;1.962471;2.718569;1;2.605249;3.573757;1;3.205278;1;2.075129;3.387267;2.905798;1;3.188445;3.443439;3.323561;5.315623;5.725663
49;4;26;0;1;2500;2140;25;2;100;3.39794000867204;3.33041377334919;1.39794000867204;0.301029995663981;2;3.29930058871261;3.55774066702523;4.28588020256065;2.52124561291124;2.22968699326937;4.03929773138387;3.82890753568842;3.87962946468104;5.12622218173134;4.14495141540325;3.46282790718806;1;4.84488846861793;2.41355624326404;1;2.44594206680838;2.53115219901003;3.9443867724375;4.00874465837667;3.85267436368364;4.05885410729385;2.72067088037479;3.50907770710191;3.53153025530216;3.66615203712211;3.37691315818969;3.85216486801159;3.07992614689203;1;3.66964946192881;2.47972427536165;4.56975817077864;2.47541720935374;2.36706545328246;5.03556838940938;5.81649774114756;2.53375234479293;4.69216891683647;2.25494251102376;1;3.36761859499357;1;1;3.92476742236085;2.38080044094893;5.36248453476796;4.17504038364695;3.78621845510159;2.86889033290433;3.33856936219102;2.09080788958823;4.53956482455783;1;1;2.070135;3.030641;2.552228;1;2.684162;4.261663;1;1;2.605249;3.573757;1;1;1;1;2.671424;1;3.361935;4.700008;4.628745;3.323561;5.315623;1.937957
60;2;26;0;1;17000;1300;44;34;637.5;4.23044892137827;3.11394335230684;1.64345267648619;1.53147891704226;2.80448018910599;2.28225546322899;2.54320250946164;2.30953238350105;2.52124561291124;3.69741969909386;4.03929773138387;2.18594503766934;2.23745981113385;3.79853621269151;2.1901362459633;2.58593933232526;2.3523464334854;2.43959482877361;2.41355624326404;2.43247411919635;2.44594206680838;2.53115219901003;3.9443867724375;4.00874465837667;3.85267436368364;4.05885410729385;3.31290682887049;3.50907770710191;3.53153025530216;3.66615203712211;3.37691315818969;5.04187998317914;4.0015310262084;3.92188812750499;3.66964946192881;1;1;1;1;5.03556838940938;5.81649774114756;2.53375234479293;3.74795496312159;1;1;1;1;3.91202946372234;5.45967305323282;4.50997328650962;5.36248453476796;5.39937960045806;5.04187998317914;5.96860119656301;5.39937960045806;5.09492005491141;4.53956482455783;1;1;1;3.030641;2.552228;3.79577;2.684162;4.261663;3.624194;1;2.605249;3.573757;1;3.205278;1;2.859918;3.387267;2.15365;2.000073;4.700008;2.417717;1.844673;3.259124;5.725663
51;4;30;0;1;2000;1251;52;2;31.4;3.30102999566398;3.09725730969342;1.7160033436348;0.301029995663981;1.49692964807321;2.28225546322899;2.54320250946164;4.28588020256065;1;3.69741969909386;4.03929773138387;2.95864693240493;3.07091638978975;3.79853621269151;4.14495141540325;4.24608497988177;1;2.43959482877361;1;2.43247411919635;2.44594206680838;2.53115219901003;3.9443867724375;3.07948047043016;3.85267436368364;4.05885410729385;2.72067088037479;3.50907770710191;3.53153025530216;3.23049615114934;4.55970583625675;3.85216486801159;4.0015310262084;3.92188812750499;3.66964946192881;1;1;2.47541720935374;3.51973720280498;3.78516282478141;4.58912371182732;4.4868514378954;4.69216891683647;1;2.83209444307479;3.36761859499357;1;2.84800066015709;2.33353972899358;3.44299683380665;3.51101002477435;4.17504038364695;2.12896031990924;4.04820219607644;4.38661246607969;5.09492005491141;3.54177339366547;1;1;2.070135;3.030641;1;3.79577;1;1;2.718569;3.113618;1;1.878815;1;1;1;3.805811;2.671424;2.905798;3.361935;3.188445;2.417717;3.323561;5.315623;1.937957
61;2;41;0;0;20000;4000;1;50;1000;4.30102999566398;3.60205999132796;0;1.69897000433602;3;4.2542925832878;4.39253015068777;3.33136848638446;3.626474743356;3.69741969909386;3.18003084730744;3.82890753568842;3.07091638978975;3.79853621269151;2.1901362459633;3.46282790718806;3.58493271188774;3.65341842743192;4.11256210180924;4.0084586492562;3.39423935463136;3.60952280611687;3.9443867724375;2.24720222864421;2.13161221186729;3.10234489670439;2.72067088037479;2.14572790578305;1;1;1;2.29963817688237;2.20505496578415;2.18360252716324;2.21240122373237;3.51548805217588;2.5628832159573;3.46320170746022;3.51973720280498;3.78516282478141;4.58912371182732;3.52970480242446;3.74795496312159;2.25494251102376;2.83209444307479;3.36761859499357;3.53975702854426;3.91202946372234;3.92476742236085;2.38080044094893;2.38496754694837;3.32671046779238;2.12896031990924;2.86889033290433;2.22453451561005;1;1;3.400244;1;2.905658;1;1;2.302462;2.684162;3.08235;1;1;2.605249;5.258525;2.706959;1;1;3.805811;1;2.15365;3.361935;3.188445;3.443439;3.323561;3.259124;3.404671
48;4;25;0;1;2500;1629;14;16.75;117.75;3.39794000867204;3.21192108430851;1.14612803567824;1.22401481137286;2.07096091580093;4.2542925832878;4.39253015068777;2.30953238350105;2.52124561291124;2.94461110793176;2.30413729102943;2.18594503766934;5.05491040235879;3.79853621269151;2.1901362459633;4.24608497988177;4.73145170458151;2.43959482877361;2.41355624326404;2.43247411919635;4.22171297963188;4.53834412237969;2.77800192451502;4.00874465837667;2.94233011372017;4.05885410729385;4.35467318283299;4.42365405002657;4.53295183984895;4.46885109526007;3.37691315818969;3.85216486801159;2.20505496578415;3.92188812750499;3.66964946192881;1;1;2.47541720935374;1;3.78516282478141;4.58912371182732;2.53375234479293;5.99035811346121;1;2.83209444307479;1;2.20635182314303;5.25878591486575;2.93663138247969;4.50997328650962;2.38496754694837;3.32671046779238;3.78621845510159;1.99998511662762;5.39937960045806;3.85472420956226;4.53956482455783;2.684574;1;2.070135;1;1;2.302462;1;3.08235;3.624194;1;2.605249;3.573757;1;3.205278;1;2.859918;3.387267;2.15365;2.000073;4.700008;3.443439;3.323561;1;1.937957
53;3;31;0;1;2000;733;17;16.2;53.6;3.30102999566398;2.86510397464113;1.23044892137827;1.20951501454263;1.72916478969277;3.29930058871261;4.39253015068777;4.28588020256065;3.626474743356;1;3.18003084730744;3.82890753568842;3.07091638978975;5.12622218173134;4.14495141540325;2.58593933232526;2.3523464334854;2.43959482877361;2.41355624326404;4.0084586492562;4.22171297963188;3.60952280611687;3.9443867724375;4.00874465837667;2.94233011372017;3.10234489670439;3.31290682887049;4.42365405002657;4.53295183984895;4.46885109526007;3.37691315818969;5.04187998317914;4.0015310262084;3.92188812750499;2.21240122373237;3.51548805217588;1;2.47541720935374;1;3.78516282478141;5.81649774114756;5.82884419770667;3.74795496312159;3.37905056163788;1;1;2.20635182314303;2.84800066015709;2.33353972899358;3.44299683380665;3.51101002477435;2.36312148816913;5.04187998317914;4.04820219607644;3.33856936219102;2.95244891980085;2.78634843669992;1;1;2.070135;3.030641;1;3.177772;2.684162;1.962471;1;1;1;3.573757;1;1;1;2.075129;2.671424;1;5.086402;4.700008;1.674772;3.323561;3.259124;1.937957
58;4;28;0;1;2500;1144;15;12.25;22.25;3.39794000867204;3.05842602445701;1.17609125905568;1.08813608870055;1.34733001531695;2.28225546322899;3.55774066702523;2.30953238350105;3.626474743356;3.69741969909386;4.03929773138387;3.82890753568842;3.87962946468104;3.02302234443974;3.1322696687897;4.24608497988177;1;2.43959482877361;3.29561717629922;2.43247411919635;2.44594206680838;1;2.77800192451502;3.07948047043016;3.85267436368364;3.10234489670439;4.35467318283299;3.50907770710191;3.53153025530216;4.46885109526007;3.37691315818969;3.07464677227252;4.0015310262084;5.54825349854634;3.66964946192881;1;2.5628832159573;2.47541720935374;2.36706545328246;5.03556838940938;4.58912371182732;1;4.69216891683647;2.25494251102376;1.96722096956597;3.36761859499357;3.53975702854426;3.91202946372234;2.33353972899358;2.38080044094893;3.51101002477435;5.39937960045806;2.94414672725435;2.86889033290433;3.33856936219102;3.85472420956226;3.54177339366547;1;1;2.905658;2.021276;1;2.302462;2.684162;4.261663;3.624194;1;2.605249;1.878815;1;2.34137;1;1;3.387267;2.905798;2.000073;4.700008;3.443439;4.813473;3.259124;3.404671
58;4;26;0;1;1000;516;14;1;30.9;3;2.71264970162721;1.14612803567824;0;1.48995847942483;1;2.54320250946164;4.28588020256065;4.61035400503481;4.93597898202048;3.18003084730744;3.82890753568842;3.87962946468104;3.79853621269151;4.14495141540325;3.46282790718806;3.58493271188774;1;4.11256210180924;1;2.44594206680838;2.53115219901003;3.9443867724375;4.00874465837667;2.94233011372017;3.10234489670439;3.31290682887049;4.42365405002657;3.53153025530216;4.46885109526007;2.63965719851903;3.85216486801159;1;3.92188812750499;2.21240122373237;3.51548805217588;2.5628832159573;3.46320170746022;2.36706545328246;3.78516282478141;4.58912371182732;4.4868514378954;4.69216891683647;1;2.83209444307479;1;1;3.91202946372234;2.93663138247969;3.44299683380665;3.51101002477435;4.17504038364695;2.94414672725435;4.04820219607644;2.22453451561005;2.95244891980085;4.53956482455783;1;1;1;3.030641;1;1;1;4.261663;3.624194;1;1;3.573757;1;3.205278;2.92899;2.075129;2.671424;2.15365;3.361935;3.188445;4.628745;1.844673;3.259124;4.938916
55;6;31;1;0;7500;1688;22;9;298.5;3.8750612633917;3.22737244228964;1.34242268082221;0.954242509439325;2.47494433546539;2.28225546322899;3.55774066702523;4.28588020256065;4.61035400503481;2.22968699326937;4.03929773138387;1;3.87962946468104;2.28323413237892;3.1322696687897;4.24608497988177;2.3523464334854;1;2.41355624326404;3.28560161854869;2.44594206680838;2.53115219901003;5.90866447925431;3.07948047043016;1;1;3.31290682887049;1;2.14988140028723;3.23049615114934;2.0216462429411;3.85216486801159;1;3.92188812750499;3.66964946192881;2.47972427536165;1;2.47541720935374;2.36706545328246;1;4.58912371182732;2.53375234479293;3.74795496312159;3.37905056163788;2.83209444307479;3.36761859499357;1;2.84800066015709;3.92476742236085;2.38080044094893;4.43048894484358;1;1;4.04820219607644;2.22453451561005;2.95244891980085;2.03467826156653;1;1;1.902163;3.030641;1;1;2.684162;4.261663;3.624194;1;2.605249;1.878815;1;3.205278;2.115827;1;1;2.15365;2.000073;3.188445;3.443439;1;3.259124;3.404671
49;2;43;0;1;40000;15604;33;64;410;4.60205999132796;4.19323594163975;1.51851393987789;1.80617997398389;2.61278385671974;3.29930058871261;4.39253015068777;5.39937960045806;3.626474743356;3.69741969909386;2.30413729102943;3.82890753568842;3.07091638978975;3.79853621269151;4.14495141540325;4.24608497988177;2.3523464334854;3.65341842743192;1;3.28560161854869;2.44594206680838;1;3.9443867724375;3.07948047043016;3.85267436368364;3.10234489670439;4.35467318283299;4.42365405002657;4.53295183984895;4.46885109526007;3.37691315818969;5.04187998317914;4.0015310262084;3.92188812750499;3.66964946192881;3.51548805217588;1;1;3.51973720280498;5.03556838940938;1;5.82884419770667;5.99035811346121;3.37905056163788;1;1;2.20635182314303;1;2.33353972899358;3.44299683380665;2.38496754694837;3.32671046779238;2.12896031990924;4.04820219607644;3.33856936219102;2.95244891980085;3.54177339366547;2.321201;1;2.070135;1.904728;1;2.302462;2.684162;3.08235;3.624194;2.365555;2.605249;3.573757;1;2.34137;1;2.075129;3.387267;2.15365;2.000073;4.700008;4.628745;3.323561;1;3.404671
63;2;43;1;0;20000;12255;28;144;1564;4.30102999566398;4.0883133155881;1.44715803134222;2.15836249209525;3.19423674872383;5.36991781520157;4.39253015068777;3.33136848638446;1;3.69741969909386;3.18003084730744;3.82890753568842;3.87962946468104;5.12622218173134;3.1322696687897;2.58593933232526;2.3523464334854;4.84488846861793;2.41355624326404;2.43247411919635;2.44594206680838;2.53115219901003;3.9443867724375;4.00874465837667;1;1;3.31290682887049;3.50907770710191;3.53153025530216;3.66615203712211;2.0216462429411;3.85216486801159;4.0015310262084;3.92188812750499;2.89397811126238;3.51548805217588;3.67009832199333;2.47541720935374;2.36706545328246;2.12433991095465;2.75680720075089;3.52970480242446;4.69216891683647;1;1;1;3.53975702854426;1.97578381159481;2.33353972899358;4.50997328650962;1;3.32671046779238;1;4.04820219607644;4.38661246607969;2.95244891980085;2.03467826156653;1;1;2.070135;3.030641;2.552228;1;1.606494;3.08235;1;1;2.605249;3.573757;1;3.205278;2.115827;2.075129;2.202079;2.15365;3.361935;4.700008;1.674772;1;3.259124;3.404671
71;3;50;1;0;9600;4416;50;12;636;3.98227123303957;3.64502906472114;1.69897000433602;1.07918124604762;2.80345711564841;2.28225546322899;1;4.28588020256065;2.52124561291124;1;4.03929773138387;2.18594503766934;2.23745981113385;1;4.14495141540325;4.24608497988177;2.3523464334854;2.43959482877361;2.41355624326404;2.43247411919635;2.44594206680838;1;3.9443867724375;2.24720222864421;3.85267436368364;4.05885410729385;3.31290682887049;2.14572790578305;3.53153025530216;3.23049615114934;4.55970583625675;5.04187998317914;4.0015310262084;2.98815893707634;5.05491040235879;1;2.5628832159573;2.47541720935374;3.51973720280498;2.8786203527613;3.69916605436049;1;3.74795496312159;3.37905056163788;3.97858642299128;2.2414941394042;3.53975702854426;2.84800066015709;2.33353972899358;4.50997328650962;2.38496754694837;3.32671046779238;3.78621845510159;4.04820219607644;2.22453451561005;2.09080788958823;2.78634843669992;1;1;2.233751;2.251186;3.357787;1;2.684162;3.08235;2.718569;1;2.605249;3.573757;1;3.205278;1;2.075129;3.387267;1;1;3.188445;2.417717;1;3.259124;1.937957
39;4;20;1;0;20000;6724;44;46;560;4.30102999566398;3.82762770476743;1.64345267648619;1.66275783168157;2.7481880270062;4.2542925832878;4.39253015068777;4.28588020256065;4.61035400503481;2.22968699326937;4.03929773138387;3.82890753568842;5.05491040235879;1;3.1322696687897;4.24608497988177;2.3523464334854;2.43959482877361;2.41355624326404;1;1;2.53115219901003;1.9698178204238;4.00874465837667;2.94233011372017;4.05885410729385;3.31290682887049;2.91140592315142;1;3.66615203712211;1;3.07464677227252;4.0015310262084;3.92188812750499;3.66964946192881;2.47972427536165;2.5628832159573;1;3.51973720280498;2.8786203527613;4.58912371182732;2.53375234479293;4.69216891683647;2.25494251102376;2.83209444307479;2.2414941394042;2.20635182314303;1.97578381159481;3.92476742236085;4.50997328650962;4.43048894484358;3.32671046779238;2.12896031990924;4.04820219607644;3.33856936219102;2.09080788958823;3.54177339366547;1;1;1.902163;3.030641;1;1;2.684162;3.08235;3.624194;1;1;1.878815;1;2.34137;1;1;2.671424;2.15365;2.000073;4.700008;2.417717;1.844673;3.259124;1.937957
27;3;5;1;0;5000;4500;19;8.5;245.5;3.69897000433602;3.65321251377534;1.27875360095283;0.929418925714293;2.39005149645899;4.2542925832878;2.54320250946164;3.33136848638446;2.52124561291124;2.22968699326937;2.30413729102943;2.95864693240493;3.87962946468104;3.79853621269151;2.1901362459633;3.46282790718806;2.3523464334854;2.43959482877361;3.29561717629922;1;1;2.53115219901003;1;4.00874465837667;2.13161221186729;2.18716124235017;3.31290682887049;3.50907770710191;4.53295183984895;3.23049615114934;3.37691315818969;5.04187998317914;3.07992614689203;3.92188812750499;2.89397811126238;2.47972427536165;3.67009832199333;1;1;2.8786203527613;3.69916605436049;3.52970480242446;4.69216891683647;3.37905056163788;2.83209444307479;3.36761859499357;3.53975702854426;1.97578381159481;3.92476742236085;4.50997328650962;4.43048894484358;3.32671046779238;2.12896031990924;2.86889033290433;4.38661246607969;2.09080788958823;2.78634843669992;1;1;1.902163;3.030641;1;1;2.684162;4.261663;3.624194;1;2.605249;1.878815;1;3.205278;2.115827;2.859918;1;1;2.000073;3.188445;1.674772;3.323561;3.259124;1.937957
46;4;20;1;0;6000;2230;50;6.3;295.5;3.77815125038364;3.34830486304816;1.69897000433602;0.799340549453582;2.47055748521727;4.2542925832878;2.54320250946164;2.30953238350105;4.61035400503481;4.93597898202048;3.18003084730744;3.82890753568842;1;3.02302234443974;2.1901362459633;4.24608497988177;2.3523464334854;4.84488846861793;4.11256210180924;2.43247411919635;1;2.53115219901003;3.9443867724375;4.00874465837667;2.13161221186729;4.05885410729385;3.31290682887049;4.42365405002657;2.89255999876967;2.36735499135022;3.37691315818969;3.07464677227252;4.0015310262084;3.92188812750499;2.21240122373237;3.51548805217588;2.5628832159573;3.46320170746022;4.62866151341824;2.8786203527613;3.69916605436049;3.52970480242446;2.76673291161913;4.45417645067644;1.96722096956597;3.36761859499357;2.20635182314303;2.84800066015709;2.33353972899358;2.38080044094893;2.38496754694837;2.36312148816913;1;4.04820219607644;4.38661246607969;2.09080788958823;2.03467826156653;1;2.983223;2.905658;1;1;1;1.606494;3.08235;2.718569;1;2.605249;1.878815;1;3.205278;3.76995;1;2.202079;2.905798;2.000073;3.188445;2.417717;3.323561;3.259124;1.937957
55;4;20;1;0;6000;2605;55;9.3;364.2;3.77815125038364;3.41580772763554;1.74036268949424;0.968482948553935;2.5613399414589;5.36991781520157;4.39253015068777;2.30953238350105;3.626474743356;3.69741969909386;1;3.82890753568842;2.23745981113385;3.02302234443974;3.1322696687897;4.24608497988177;2.3523464334854;2.43959482877361;2.41355624326404;2.43247411919635;1;1;3.9443867724375;3.07948047043016;3.85267436368364;4.05885410729385;3.31290682887049;2.14572790578305;4.53295183984895;3.66615203712211;2.0216462429411;5.04187998317914;3.07992614689203;3.92188812750499;2.89397811126238;1;3.67009832199333;2.47541720935374;2.36706545328246;2.12433991095465;4.58912371182732;3.52970480242446;3.74795496312159;3.37905056163788;3.97858642299128;3.36761859499357;3.53975702854426;2.84800066015709;3.92476742236085;1;3.51101002477435;2.36312148816913;2.12896031990924;4.04820219607644;4.38661246607969;2.09080788958823;2.78634843669992;1;1;2.233751;3.030641;1;1;2.684162;4.261663;2.718569;1;1;3.573757;1;3.205278;2.92899;1;1;2.15365;2.000073;3.188445;2.417717;1.844673;3.259124;3.404671
42;5;12;0;1;5000;2110;22;4.5;187.5;3.69897000433602;3.32428245529769;1.34242268082221;0.653212513775344;2.27300127206374;3.29930058871261;3.55774066702523;5.39937960045806;2.52124561291124;2.94461110793176;3.18003084730744;3.82890753568842;3.87962946468104;3.79853621269151;1;5.52178731590242;2.3523464334854;2.43959482877361;4.11256210180924;2.43247411919635;1;3.60952280611687;3.9443867724375;3.07948047043016;3.85267436368364;4.05885410729385;4.35467318283299;4.42365405002657;1;4.46885109526007;4.55970583625675;5.04187998317914;5.48154829600486;3.92188812750499;3.66964946192881;2.47972427536165;2.5628832159573;3.46320170746022;2.36706545328246;5.03556838940938;3.69916605436049;2.53375234479293;5.99035811346121;1;3.97858642299128;3.36761859499357;1;5.25878591486575;2.33353972899358;2.38080044094893;2.38496754694837;3.32671046779238;5.04187998317914;4.04820219607644;1;1;1;1;1;2.905658;3.030641;1;1;1;3.08235;2.718569;1;2.605249;3.573757;1;1;1;2.859918;2.671424;1;2.000073;4.700008;4.628745;3.323561;3.259124;3.404671
51;3;36;0;1;20000;16106;19;20;694;4.30102999566398;4.20698769475641;1.27875360095283;1.30102999566398;2.84135947045486;2.28225546322899;4.39253015068777;1;4.61035400503481;2.22968699326937;5.30031668088684;3.82890753568842;3.07091638978975;2.28323413237892;4.14495141540325;4.24608497988177;2.3523464334854;2.43959482877361;2.41355624326404;4.0084586492562;1;2.53115219901003;3.9443867724375;4.00874465837667;2.94233011372017;4.05885410729385;3.31290682887049;4.42365405002657;4.53295183984895;1;4.55970583625675;3.07464677227252;4.0015310262084;3.92188812750499;2.21240122373237;2.47972427536165;2.5628832159573;2.47541720935374;1;3.78516282478141;5.81649774114756;3.52970480242446;3.74795496312159;2.25494251102376;2.83209444307479;1;3.53975702854426;2.84800066015709;1;2.38080044094893;5.36248453476796;4.17504038364695;2.12896031990924;4.04820219607644;3.33856936219102;3.85472420956226;2.78634843669992;1;1;2.070135;1;1;3.177772;1;1.962471;3.624194;1;2.605249;1.878815;1;3.205278;2.115827;2.075129;2.671424;1;2.000073;3.188445;4.628745;1.844673;3.259124;4.938916
68;2;55;0;1;20000;6000;17;160;808;4.30102999566398;3.77815125038364;1.23044892137827;2.20411998265592;2.90741136077459;4.2542925832878;4.39253015068777;5.39937960045806;4.61035400503481;4.93597898202048;4.03929773138387;3.82890753568842;3.87962946468104;3.79853621269151;4.14495141540325;4.24608497988177;4.73145170458151;4.84488846861793;5.29577933222649;4.0084586492562;4.22171297963188;4.53834412237969;3.9443867724375;4.00874465837667;3.85267436368364;4.05885410729385;4.35467318283299;4.42365405002657;4.53295183984895;4.46885109526007;4.55970583625675;3.85216486801159;4.0015310262084;3.92188812750499;3.66964946192881;5.58514856423644;6.03368626446907;2.47541720935374;2.36706545328246;3.78516282478141;4.58912371182732;4.4868514378954;4.69216891683647;2.25494251102376;3.97858642299128;4.50561788521829;5.18027334322561;3.91202946372234;3.92476742236085;4.50997328650962;4.43048894484358;4.17504038364695;3.78621845510159;4.04820219607644;4.38661246607969;3.85472420956226;3.54177339366547;1;1;2.070135;3.030641;2.552228;2.302462;2.684162;3.08235;3.624194;1;2.605249;3.573757;1;3.205278;2.115827;3.805811;3.387267;2.15365;2.000073;4.700008;4.628745;3.323561;5.315623;3.404671
45;4;5;1;0;5000;1600;38;2.5;50;3.69897000433602;3.20411998265592;1.57978359661681;0.397940008672038;1.69897000433602;2.28225546322899;2.54320250946164;2.30953238350105;2.52124561291124;4.93597898202048;5.30031668088684;5.21716840891571;5.05491040235879;5.12622218173134;3.1322696687897;4.24608497988177;2.3523464334854;4.84488846861793;2.41355624326404;4.0084586492562;2.44594206680838;2.53115219901003;3.9443867724375;4.00874465837667;3.85267436368364;4.05885410729385;4.35467318283299;4.42365405002657;4.53295183984895;4.46885109526007;4.55970583625675;5.04187998317914;3.07992614689203;3.92188812750499;2.89397811126238;2.47972427536165;2.5628832159573;2.47541720935374;2.36706545328246;5.03556838940938;5.81649774114756;5.82884419770667;5.99035811346121;2.25494251102376;1.96722096956597;2.2414941394042;2.20635182314303;1.97578381159481;2.33353972899358;2.38080044094893;2.38496754694837;2.36312148816913;2.12896031990924;4.04820219607644;3.33856936219102;2.95244891980085;2.78634843669992;1;1;1.902163;3.030641;2.552228;1;2.684162;4.261663;3.624194;1;2.605249;3.573757;1;3.205278;3.76995;2.859918;3.387267;2.905798;3.361935;3.188445;2.417717;3.323561;3.259124;3.404671
54;4;34;0;1;500;1400;24;0.5;3.75;2.69897000433602;3.14612803567824;1.38021124171161;-0.301029995663981;0.574031267727719;4.2542925832878;3.55774066702523;4.28588020256065;3.626474743356;3.69741969909386;4.03929773138387;3.82890753568842;3.87962946468104;3.79853621269151;2.1901362459633;2.58593933232526;2.3523464334854;2.43959482877361;2.41355624326404;2.43247411919635;2.44594206680838;2.53115219901003;3.9443867724375;4.00874465837667;3.85267436368364;4.05885410729385;4.35467318283299;4.42365405002657;4.53295183984895;4.46885109526007;4.55970583625675;5.04187998317914;5.48154829600486;5.54825349854634;5.05491040235879;3.51548805217588;3.67009832199333;3.46320170746022;3.51973720280498;3.78516282478141;4.58912371182732;4.4868514378954;4.69216891683647;3.37905056163788;2.83209444307479;3.36761859499357;3.53975702854426;2.84800066015709;3.92476742236085;3.44299683380665;3.51101002477435;4.17504038364695;3.78621845510159;2.86889033290433;3.33856936219102;2.95244891980085;2.78634843669992;2.684574;1;2.905658;2.021276;3.852001;2.302462;2.684162;4.261663;1;1;2.605249;3.573757;1;2.34137;2.92899;2.075129;3.387267;1;3.361935;3.188445;2.417717;3.323561;3.259124;3.404671
78;2;45;0;0;11200;2400;1;20.0032;799.9936;4.04921802267018;3.38021124171161;0;1.30109947722271;2.90308651262219;3.29930058871261;3.55774066702523;3.33136848638446;3.626474743356;2.22968699326937;2.30413729102943;2.18594503766934;2.23745981113385;2.28323413237892;3.1322696687897;3.46282790718806;3.58493271188774;3.65341842743192;3.29561717629922;2.43247411919635;2.44594206680838;3.60952280611687;2.77800192451502;1;1;1;2.72067088037479;1;1;1;1;3.07464677227252;2.20505496578415;2.18360252716324;2.21240122373237;3.51548805217588;2.5628832159573;3.46320170746022;3.51973720280498;3.78516282478141;4.58912371182732;3.52970480242446;3.74795496312159;3.37905056163788;2.83209444307479;3.36761859499357;3.53975702854426;2.84800066015709;3.92476742236085;2.38080044094893;2.38496754694837;2.36312148816913;2.12896031990924;1.99998511662762;2.22453451561005;2.09080788958823;2.03467826156653;3.400244;1;2.905658;1;1;2.302462;2.684162;3.08235;1.974185;1;2.605249;5.258525;2.706959;2.34137;1;3.805811;1;2.15365;3.361935;3.188445;3.443439;3.323561;3.259124;3.404671
80;1;57;0;0;7000;3500;1;39.998;399.994;3.84509804001426;3.54406804435028;0;1.60203827606098;2.60205347686188;4.2542925832878;3.55774066702523;3.33136848638446;2.52124561291124;3.69741969909386;3.18003084730744;2.95864693240493;3.87962946468104;5.12622218173134;3.1322696687897;3.46282790718806;4.73145170458151;3.65341842743192;4.11256210180924;4.0084586492562;3.39423935463136;4.53834412237969;1.9698178204238;2.24720222864421;2.94233011372017;3.10234489670439;2.72067088037479;3.50907770710191;2.89255999876967;3.66615203712211;3.37691315818969;2.29963817688237;2.20505496578415;2.98815893707634;2.89397811126238;4.3431839666906;4.56975817077864;4.33202797708344;4.62866151341824;5.03556838940938;4.58912371182732;4.4868514378954;4.69216891683647;3.37905056163788;3.97858642299128;4.50561788521829;3.53975702854426;5.25878591486575;5.45967305323282;2.38080044094893;2.38496754694837;2.36312148816913;2.12896031990924;1.99998511662762;2.22453451561005;2.95244891980085;1;2.321201;1;2.905658;1;1;3.177772;2.684162;3.08235;1.974185;1;2.605249;3.573757;1;1;1;2.859918;1;1;3.361935;3.188445;2.417717;3.323561;3.259124;3.404671
65;1;40;0;0;7000;3800;1;39.998;399.994;3.84509804001426;3.57978359661681;0;1.60203827606098;2.60205347686188;3.29930058871261;3.55774066702523;3.33136848638446;3.626474743356;2.22968699326937;2.30413729102943;2.18594503766934;2.23745981113385;2.28323413237892;3.1322696687897;3.46282790718806;3.58493271188774;3.65341842743192;3.29561717629922;2.43247411919635;3.39423935463136;3.60952280611687;1.9698178204238;2.24720222864421;2.13161221186729;2.18716124235017;2.08858216452189;2.14572790578305;2.14988140028723;2.36735499135022;2.0216462429411;2.29963817688237;2.20505496578415;2.18360252716324;2.21240122373237;2.47972427536165;3.67009832199333;3.46320170746022;2.36706545328246;2.8786203527613;2.75680720075089;3.52970480242446;3.74795496312159;2.25494251102376;1.96722096956597;2.2414941394042;3.53975702854426;2.84800066015709;3.92476742236085;2.38080044094893;2.38496754694837;2.36312148816913;2.12896031990924;1.99998511662762;2.22453451561005;2.09080788958823;2.03467826156653;2.321201;1;2.905658;1;1;2.302462;2.684162;3.08235;2.718569;1;2.605249;3.573757;1;1;1;2.859918;1;1;3.361935;3.188445;2.417717;3.323561;3.259124;3.404671
66;1;40;0;0;3500;1600;1;19.999;400.001;3.54406804435028;3.20411998265592;0;1.301008280397;2.60206107706281;3.29930058871261;2.54320250946164;3.33136848638446;2.52124561291124;2.22968699326937;2.30413729102943;2.18594503766934;2.23745981113385;2.28323413237892;3.1322696687897;3.46282790718806;3.58493271188774;3.65341842743192;3.29561717629922;2.43247411919635;2.44594206680838;3.60952280611687;1.9698178204238;2.24720222864421;2.13161221186729;2.18716124235017;2.08858216452189;2.14572790578305;2.14988140028723;2.36735499135022;2.0216462429411;2.29963817688237;2.20505496578415;2.18360252716324;2.21240122373237;2.47972427536165;1;2.47541720935374;1;2.12433991095465;2.75680720075089;3.52970480242446;3.74795496312159;2.25494251102376;2.83209444307479;3.36761859499357;3.53975702854426;1.97578381159481;5.45967305323282;2.38080044094893;2.38496754694837;2.36312148816913;2.12896031990924;1;1;1;1;3.400244;1;2.905658;1;1;2.302462;2.684162;3.08235;4.877953;1;2.605249;3.573757;1;1;1;1;1;1;3.361935;3.188445;2.417717;3.323561;3.259124;3.404671
32;2;10;0;0;3500;1400;1;9.9995;400.001;3.54406804435028;3.14612803567824;0;0.999978284733019;2.60206107706281;3.29930058871261;2.54320250946164;3.33136848638446;3.626474743356;2.22968699326937;2.30413729102943;2.18594503766934;2.23745981113385;2.28323413237892;3.1322696687897;3.46282790718806;3.58493271188774;3.65341842743192;3.29561717629922;2.43247411919635;3.39423935463136;3.60952280611687;3.9443867724375;2.24720222864421;2.13161221186729;2.18716124235017;1;1;1;1;1;2.29963817688237;2.20505496578415;1;1;2.47972427536165;2.5628832159573;2.47541720935374;2.36706545328246;2.8786203527613;3.69916605436049;3.52970480242446;3.74795496312159;2.25494251102376;1.96722096956597;3.36761859499357;2.20635182314303;1.97578381159481;3.92476742236085;2.38080044094893;2.38496754694837;2.36312148816913;2.12896031990924;1.99998511662762;1;2.09080788958823;2.03467826156653;2.321201;1;2.905658;3.030641;1;2.302462;2.684162;3.08235;2.718569;1;2.605249;3.573757;1;1;1;3.805811;1;1;3.361935;3.188445;2.417717;3.323561;3.259124;3.404671
60;4;20;0;1;6000;15000;1;49.98;399.96;3.77815125038364;4.17609125905568;0;1.69879625179043;2.60201655970815;3.29930058871261;3.55774066702523;2.30953238350105;3.626474743356;2.22968699326937;2.30413729102943;2.18594503766934;2.23745981113385;2.28323413237892;2.1901362459633;2.58593933232526;2.3523464334854;2.43959482877361;3.29561717629922;2.43247411919635;2.44594206680838;3.60952280611687;1.9698178204238;2.24720222864421;1;2.18716124235017;2.08858216452189;2.14572790578305;2.14988140028723;2.36735499135022;2.0216462429411;2.29963817688237;3.07992614689203;2.18360252716324;2.89397811126238;2.47972427536165;2.5628832159573;2.47541720935374;2.36706545328246;2.12433991095465;2.75680720075089;3.52970480242446;3.74795496312159;3.37905056163788;2.83209444307479;3.36761859499357;3.53975702854426;2.84800066015709;3.92476742236085;2.38080044094893;2.38496754694837;2.36312148816913;2.12896031990924;1.99998511662762;2.22453451561005;2.09080788958823;2.03467826156653;1.843951;1;1;1;1;1;2.684162;1;1.974185;1;1;1.878815;1;1;2.115827;1;1;1;3.361935;3.188445;1.674772;3.323561;3.259124;3.404671
59;3;26;0;1;8000;1500;30;48;400;3.90308998699194;3.17609125905568;1.47712125471966;1.68124123737559;2.60205999132796;3.29930058871261;2.54320250946164;2.30953238350105;2.52124561291124;2.94461110793176;3.18003084730744;2.95864693240493;3.07091638978975;3.02302234443974;4.14495141540325;4.24608497988177;2.3523464334854;3.65341842743192;2.41355624326404;2.43247411919635;2.44594206680838;2.53115219901003;3.9443867724375;4.00874465837667;3.85267436368364;4.05885410729385;4.35467318283299;4.42365405002657;4.53295183984895;2.36735499135022;4.55970583625675;3.85216486801159;4.0015310262084;3.92188812750499;3.66964946192881;3.51548805217588;3.67009832199333;3.46320170746022;3.51973720280498;3.78516282478141;4.58912371182732;3.52970480242446;4.69216891683647;2.25494251102376;2.83209444307479;3.36761859499357;3.53975702854426;5.25878591486575;2.93663138247969;3.44299683380665;3.51101002477435;3.32671046779238;2.94414672725435;2.86889033290433;3.33856936219102;2.95244891980085;2.78634843669992;3.400244;1;2.905658;3.030641;2.552228;2.302462;2.684162;3.08235;3.624194;1;2.605249;3.573757;1;3.205278;2.115827;2.075129;1.81856;4.118641;3.361935;3.188445;4.628745;3.323561;3.259124;1.937957
45;3;25;0;1;5000;3000;29;5;45;3.69897000433602;3.47712125471966;1.46239799789896;0.698970004336019;1.65321251377534;2.28225546322899;2.54320250946164;2.30953238350105;2.52124561291124;4.93597898202048;5.30031668088684;5.21716840891571;5.05491040235879;5.12622218173134;1;5.52178731590242;1;2.43959482877361;4.11256210180924;4.0084586492562;4.22171297963188;4.53834412237969;3.9443867724375;4.00874465837667;3.85267436368364;4.05885410729385;4.35467318283299;4.42365405002657;2.14988140028723;1;2.63965719851903;5.04187998317914;3.07992614689203;2.98815893707634;2.89397811126238;2.47972427536165;2.5628832159573;2.47541720935374;2.36706545328246;5.03556838940938;5.81649774114756;5.82884419770667;5.99035811346121;1;1;1;1;1;2.93663138247969;3.44299683380665;3.51101002477435;3.32671046779238;2.94414672725435;4.04820219607644;3.33856936219102;2.95244891980085;2.78634843669992;1;1;2.905658;1;1;1;1;4.261663;3.624194;1;2.605249;3.573757;1;1;2.115827;2.859918;3.387267;2.15365;5.086402;4.700008;3.443439;3.323561;3.259124;3.404671
55;2;30;0;0;3500;1600;1;9.9995;400.001;3.54406804435028;3.20411998265592;0;0.999978284733019;2.60206107706281;3.29930058871261;3.55774066702523;3.33136848638446;3.626474743356;2.22968699326937;2.30413729102943;2.95864693240493;2.23745981113385;2.28323413237892;3.1322696687897;3.46282790718806;3.58493271188774;3.65341842743192;3.29561717629922;3.28560161854869;2.44594206680838;2.53115219901003;1.9698178204238;2.24720222864421;1;1;1;1;1;1;1;1;1;2.18360252716324;2.21240122373237;2.47972427536165;2.5628832159573;2.47541720935374;2.36706545328246;2.12433991095465;2.75680720075089;3.52970480242446;3.74795496312159;2.25494251102376;2.83209444307479;3.36761859499357;3.53975702854426;1.97578381159481;3.92476742236085;1;1;1;1;1.99998511662762;2.22453451561005;2.09080788958823;2.03467826156653;3.400244;3.469119;2.905658;1;1;2.302462;2.684162;3.08235;2.718569;1;2.605249;3.573757;1;1;1;2.859918;1;1;3.361935;3.188445;3.443439;3.323561;3.259124;3.404671
43;4;20;0;0;1200;600;1;9.9996;520.0008;3.07918124604762;2.77815125038364;0;0.999982627873279;2.71600401177964;4.2542925832878;3.55774066702523;3.33136848638446;2.52124561291124;2.22968699326937;3.18003084730744;2.18594503766934;2.23745981113385;2.28323413237892;3.1322696687897;3.46282790718806;3.58493271188774;3.65341842743192;3.29561717629922;3.28560161854869;3.39423935463136;3.60952280611687;1.9698178204238;2.24720222864421;2.13161221186729;2.18716124235017;1;1;1;1;1;2.29963817688237;2.20505496578415;1;1;2.47972427536165;2.5628832159573;3.46320170746022;3.51973720280498;2.8786203527613;3.69916605436049;3.52970480242446;3.74795496312159;2.25494251102376;3.97858642299128;2.2414941394042;3.53975702854426;1.97578381159481;3.92476742236085;2.38080044094893;2.38496754694837;3.32671046779238;2.12896031990924;1.99998511662762;2.22453451561005;2.09080788958823;2.03467826156653;2.321201;1;2.905658;1;1;2.302462;2.684162;3.08235;2.718569;1;2.605249;3.573757;1;1;1;2.859918;1;1;3.361935;3.188445;3.443439;3.323561;3.259124;3.404671
56;4;10;0;1;40000;28000;1;130;2400;4.60205999132796;4.44715803134222;0;2.11394335230684;3.38021124171161;3.29930058871261;3.55774066702523;3.33136848638446;3.626474743356;3.69741969909386;4.03929773138387;2.95864693240493;3.87962946468104;3.79853621269151;4.14495141540325;5.52178731590242;3.58493271188774;3.65341842743192;3.29561717629922;3.28560161854869;2.44594206680838;2.53115219901003;2.77800192451502;3.07948047043016;2.13161221186729;2.18716124235017;3.31290682887049;2.91140592315142;3.53153025530216;2.36735499135022;3.37691315818969;3.85216486801159;3.07992614689203;2.98815893707634;3.66964946192881;4.3431839666906;3.67009832199333;4.33202797708344;3.51973720280498;3.78516282478141;4.58912371182732;4.4868514378954;4.69216891683647;3.37905056163788;2.83209444307479;3.36761859499357;3.53975702854426;3.91202946372234;3.92476742236085;3.44299683380665;2.38496754694837;3.32671046779238;2.94414672725435;4.04820219607644;3.33856936219102;2.95244891980085;3.54177339366547;1.843951;1;1;1;1;3.177772;2.684162;1;1.974185;2.365555;2.605249;3.573757;1;1;2.496823;2.075129;2.202079;2.905798;3.361935;4.700008;3.443439;3.323561;3.259124;3.404671
53;3;25;0;1;45000;27000;1;159.75;1599.3;4.65321251377534;4.43136376415899;0;2.20344086683044;3.20392993724463;3.29930058871261;3.55774066702523;3.33136848638446;3.626474743356;3.69741969909386;4.03929773138387;3.82890753568842;5.05491040235879;3.79853621269151;4.14495141540325;5.52178731590242;3.58493271188774;3.65341842743192;4.11256210180924;3.28560161854869;3.39423935463136;3.60952280611687;3.9443867724375;3.07948047043016;2.94233011372017;3.10234489670439;4.35467318283299;2.91140592315142;3.53153025530216;2.36735499135022;3.37691315818969;3.85216486801159;4.0015310262084;3.92188812750499;3.66964946192881;4.3431839666906;3.67009832199333;4.33202797708344;3.51973720280498;3.78516282478141;4.58912371182732;4.4868514378954;4.69216891683647;3.37905056163788;2.83209444307479;3.36761859499357;3.53975702854426;3.91202946372234;3.92476742236085;4.50997328650962;3.51101002477435;4.17504038364695;3.78621845510159;4.04820219607644;3.33856936219102;2.95244891980085;3.54177339366547;1.843951;1;1;1;2.552228;3.79577;2.684162;4.261663;1.974185;3.113618;2.605249;5.258525;1;1;3.76995;2.075129;2.202079;2.905798;2.000073;4.700008;3.443439;4.813473;3.259124;4.938916
70;1;50;0;0;1400;700;1;10.0002;300.0004;3.14612803567824;2.84509804001426;0;1.00000868580278;2.47712183377859;4.2542925832878;2.54320250946164;3.33136848638446;2.52124561291124;2.22968699326937;3.18003084730744;2.95864693240493;2.23745981113385;2.28323413237892;3.1322696687897;2.58593933232526;3.58493271188774;3.65341842743192;3.29561717629922;3.28560161854869;3.39423935463136;3.60952280611687;1;1;1;1;1;1;1;1;1;1;1;2.18360252716324;2.21240122373237;3.51548805217588;3.67009832199333;3.46320170746022;3.51973720280498;2.8786203527613;3.69916605436049;2.53375234479293;2.76673291161913;2.25494251102376;1.96722096956597;2.2414941394042;2.20635182314303;1.97578381159481;5.45967305323282;2.38080044094893;2.38496754694837;3.32671046779238;1;1.99998511662762;2.22453451561005;2.09080788958823;2.03467826156653;2.321201;1;2.905658;1;1;2.302462;2.684162;3.08235;2.718569;1;2.605249;3.573757;2.527282;1;1;2.859918;1;1;3.361935;3.188445;3.443439;3.323561;3.259124;3.404671
63;3;40;0;0;2000;1600;1;40;400;3.30102999566398;3.20411998265592;0;1.60205999132796;2.60205999132796;3.29930058871261;3.55774066702523;3.33136848638446;3.626474743356;1;2.30413729102943;2.18594503766934;1;1;1;5.52178731590242;3.58493271188774;3.65341842743192;3.29561717629922;3.28560161854869;3.39423935463136;3.60952280611687;2.77800192451502;3.07948047043016;1;1;2.08858216452189;2.14572790578305;2.14988140028723;2.36735499135022;2.0216462429411;2.29963817688237;2.20505496578415;2.18360252716324;2.21240122373237;3.51548805217588;2.5628832159573;3.46320170746022;3.51973720280498;3.78516282478141;4.58912371182732;3.52970480242446;3.74795496312159;3.37905056163788;2.83209444307479;3.36761859499357;3.53975702854426;2.84800066015709;3.92476742236085;2.38080044094893;2.38496754694837;2.36312148816913;2.12896031990924;1.99998511662762;2.22453451561005;2.09080788958823;2.03467826156653;3.400244;1;2.905658;1;1;2.302462;2.684162;3.08235;1.974185;1;2.605249;5.258525;2.706959;2.34137;1;2.859918;1;1;3.361935;3.188445;2.417717;3.323561;3.259124;3.404671
36;4;10;0;0;3200;1800;1;20;400;3.50514997831991;3.25527250510331;0;1.30102999566398;2.60205999132796;3.29930058871261;3.55774066702523;3.33136848638446;1;1;2.30413729102943;1;1;2.28323413237892;2.1901362459633;2.58593933232526;3.58493271188774;3.65341842743192;3.29561717629922;2.43247411919635;2.44594206680838;2.53115219901003;1.9698178204238;2.24720222864421;1;1;1;1;1;1;1;3.85216486801159;1;3.92188812750499;2.21240122373237;2.47972427536165;2.5628832159573;2.47541720935374;3.51973720280498;2.8786203527613;3.69916605436049;3.52970480242446;3.74795496312159;2.25494251102376;1.96722096956597;3.36761859499357;3.53975702854426;1;5.45967305323282;1;2.38496754694837;2.36312148816913;1;1.99998511662762;1;1;1;2.321201;1;2.905658;1;1;1;2.684162;3.08235;1.974185;1;2.605249;3.573757;1;1;1;2.859918;1;1;2.000073;3.188445;2.417717;3.323561;3.259124;3.404671
44;3;12;0;1;20000;14000;1;60;1280;4.30102999566398;4.14612803567824;0;1.77815125038364;3.10720996964787;4.2542925832878;4.39253015068777;4.28588020256065;4.61035400503481;4.93597898202048;4.03929773138387;3.82890753568842;3.87962946468104;3.79853621269151;3.1322696687897;4.24608497988177;3.58493271188774;3.65341842743192;4.11256210180924;4.0084586492562;4.22171297963188;4.53834412237969;3.9443867724375;4.00874465837667;3.85267436368364;4.05885410729385;4.35467318283299;2.91140592315142;3.53153025530216;3.23049615114934;3.37691315818969;3.85216486801159;3.07992614689203;2.98815893707634;3.66964946192881;4.3431839666906;4.56975817077864;4.33202797708344;3.51973720280498;5.03556838940938;4.58912371182732;4.4868514378954;4.69216891683647;4.45417645067644;3.97858642299128;4.50561788521829;5.18027334322561;3.91202946372234;5.45967305323282;4.50997328650962;3.51101002477435;4.17504038364695;3.78621845510159;4.04820219607644;3.33856936219102;3.85472420956226;3.54177339366547;1.843951;1;2.905658;1;1;3.177772;2.684162;4.261663;1.974185;1;2.605249;3.573757;1;1;3.76995;2.075129;2.202079;2.905798;3.361935;4.700008;3.443439;3.323561;3.259124;3.404671
70;2;50;0;0;3500;1570;1;19.999;400.001;3.54406804435028;3.19589965240923;0;1.301008280397;2.60206107706281;2.28225546322899;3.55774066702523;2.30953238350105;2.52124561291124;1;1;1;1;1;1;1;3.58493271188774;3.65341842743192;2.41355624326404;2.43247411919635;2.44594206680838;2.53115219901003;1.9698178204238;2.24720222864421;1;1;1;1;1;1;1;2.29963817688237;2.20505496578415;3.92188812750499;2.21240122373237;2.47972427536165;2.5628832159573;2.47541720935374;2.36706545328246;2.12433991095465;3.69916605436049;3.52970480242446;3.74795496312159;2.25494251102376;1.96722096956597;3.36761859499357;3.53975702854426;1.97578381159481;3.92476742236085;2.38080044094893;2.38496754694837;2.36312148816913;2.12896031990924;1.99998511662762;2.22453451561005;2.09080788958823;2.03467826156653;2.321201;1;2.905658;1;1;2.302462;2.684162;3.08235;2.718569;1;2.605249;3.573757;1;1;1;2.859918;1;1;3.361935;3.188445;3.443439;3.323561;3.259124;3.404671
70;1;50;0;0;2000;500;1;10;100;3.30102999566398;2.69897000433602;0;1;2;2.28225546322899;1;1;1;2.22968699326937;1;1;1;1;2.1901362459633;2.58593933232526;3.58493271188774;3.65341842743192;2.41355624326404;1;1;1;1.9698178204238;2.24720222864421;1;1;1;1;1;1;1;2.29963817688237;1;5.54825349854634;2.21240122373237;2.47972427536165;3.67009832199333;2.47541720935374;3.51973720280498;2.8786203527613;3.69916605436049;3.52970480242446;3.74795496312159;1;1;3.36761859499357;3.53975702854426;1.97578381159481;5.45967305323282;2.38080044094893;2.38496754694837;1;1;1;1;2.09080788958823;2.03467826156653;2.321201;1;2.905658;1;1;2.302462;2.684162;3.08235;2.718569;1;1;3.573757;1;1;1;2.859918;1;1;3.361935;3.188445;2.417717;3.323561;3.259124;3.404671
52;3;30;0;0;11000;9000;1;29.997;800.008;4.04139268515822;3.95424250943932;0;1.47707782309986;2.90309432991505;2.28225546322899;2.54320250946164;2.30953238350105;2.52124561291124;3.69741969909386;2.30413729102943;2.18594503766934;2.23745981113385;2.28323413237892;3.1322696687897;3.46282790718806;3.58493271188774;3.65341842743192;2.41355624326404;2.43247411919635;2.44594206680838;2.53115219901003;1;1;1;1;1;1;1;1;1;1;1;1;1;3.51548805217588;2.5628832159573;4.33202797708344;2.36706545328246;3.78516282478141;2.75680720075089;3.52970480242446;4.69216891683647;2.25494251102376;1.96722096956597;2.2414941394042;2.20635182314303;2.84800066015709;3.92476742236085;1;1;1;1;4.04820219607644;1;1;2.03467826156653;3.400244;1;2.905658;1;1;2.302462;2.684162;3.08235;1.974185;1;2.605249;3.573757;1;1;1;3.805811;1;2.15365;3.361935;3.188445;3.443439;3.323561;3.259124;3.404671
67;4;45;0;0;12000;10300;1;80.004;799.992;4.07918124604762;4.01283722470517;0;1.90311170117319;2.90308564402541;4.2542925832878;3.55774066702523;3.33136848638446;3.626474743356;3.69741969909386;2.30413729102943;2.18594503766934;2.23745981113385;2.28323413237892;3.1322696687897;3.46282790718806;2.3523464334854;2.43959482877361;2.41355624326404;3.28560161854869;3.39423935463136;2.53115219901003;2.77800192451502;2.24720222864421;2.13161221186729;2.18716124235017;2.08858216452189;2.14572790578305;2.14988140028723;2.36735499135022;2.0216462429411;2.29963817688237;1;1;1;2.47972427536165;2.5628832159573;2.47541720935374;2.36706545328246;3.78516282478141;3.69916605436049;3.52970480242446;4.69216891683647;2.25494251102376;1.96722096956597;2.2414941394042;2.20635182314303;2.84800066015709;3.92476742236085;2.38080044094893;2.38496754694837;2.36312148816913;2.12896031990924;4.04820219607644;2.22453451561005;2.09080788958823;2.03467826156653;3.400244;1;2.905658;1;1;2.302462;2.684162;3.08235;1.974185;1;2.605249;3.573757;1;1;1;3.805811;1;2.15365;3.361935;3.188445;2.417717;3.323561;3.259124;3.404671
60;3;40;0;0;3500;1300;1;19.999;400.001;3.54406804435028;3.11394335230684;0;1.301008280397;2.60206107706281;3.29930058871261;4.39253015068777;5.39937960045806;4.61035400503481;3.69741969909386;3.18003084730744;2.95864693240493;3.07091638978975;2.28323413237892;3.1322696687897;5.52178731590242;4.73145170458151;4.84488846861793;1;3.28560161854869;3.39423935463136;2.53115219901003;1.9698178204238;1;2.13161221186729;2.18716124235017;2.72067088037479;2.14572790578305;2.14988140028723;2.36735499135022;2.63965719851903;3.07464677227252;2.20505496578415;2.18360252716324;2.21240122373237;3.51548805217588;2.5628832159573;3.46320170746022;2.36706545328246;5.03556838940938;3.69916605436049;4.4868514378954;4.69216891683647;2.25494251102376;1.96722096956597;2.2414941394042;2.20635182314303;2.84800066015709;3.92476742236085;2.38080044094893;2.38496754694837;3.32671046779238;2.94414672725435;1.99998511662762;3.33856936219102;2.09080788958823;1;1;1;2.905658;1;1;2.302462;2.684162;3.08235;1.974185;1;2.605249;3.573757;1;1.930258;1;2.859918;1;2.15365;3.361935;3.188445;3.443439;3.323561;3.259124;3.404671
68;2;40;0;0;14400;16000;1;6999.84;1599.4368;4.15836249209525;4.20411998265592;0;3.84508811316979;3.20396708408657;3.29930058871261;4.39253015068777;2.30953238350105;2.52124561291124;3.69741969909386;3.18003084730744;2.18594503766934;2.23745981113385;2.28323413237892;4.14495141540325;4.24608497988177;4.73145170458151;4.84488846861793;2.41355624326404;4.0084586492562;4.22171297963188;3.60952280611687;3.9443867724375;2.24720222864421;2.13161221186729;2.18716124235017;2.08858216452189;2.14572790578305;2.14988140028723;2.36735499135022;2.0216462429411;2.29963817688237;2.20505496578415;2.18360252716324;2.21240122373237;3.51548805217588;2.5628832159573;3.46320170746022;3.51973720280498;3.78516282478141;3.69916605436049;3.52970480242446;3.74795496312159;2.25494251102376;1.96722096956597;2.2414941394042;2.20635182314303;1.97578381159481;5.45967305323282;2.38080044094893;1;2.36312148816913;2.94414672725435;4.04820219607644;2.22453451561005;2.09080788958823;2.03467826156653;1;1;2.905658;1;1;2.302462;2.684162;1;1;1;2.605249;3.573757;1;1;1;1;1;1;3.361935;3.188445;3.443439;3.323561;3.259124;3.404671
46;3;15;0;1;9000;7000;4;29.97;399.96;3.95424250943932;3.84509804001426;0.602059991327962;1.47668674294564;2.60201655970815;3.29930058871261;3.55774066702523;3.33136848638446;4.61035400503481;3.69741969909386;4.03929773138387;2.95864693240493;3.87962946468104;3.79853621269151;4.14495141540325;3.46282790718806;3.58493271188774;3.65341842743192;3.29561717629922;4.0084586492562;3.39423935463136;4.53834412237969;3.9443867724375;3.07948047043016;2.94233011372017;3.10234489670439;2.72067088037479;2.91140592315142;2.89255999876967;2.36735499135022;2.63965719851903;3.85216486801159;3.07992614689203;2.98815893707634;3.66964946192881;3.51548805217588;3.67009832199333;4.33202797708344;3.51973720280498;3.78516282478141;3.69916605436049;4.4868514378954;3.74795496312159;3.37905056163788;2.83209444307479;3.36761859499357;3.53975702854426;2.84800066015709;5.45967305323282;3.44299683380665;3.51101002477435;4.17504038364695;3.78621845510159;4.04820219607644;3.33856936219102;3.85472420956226;3.54177339366547;1.843951;1;1;1;2.552228;3.177772;2.684162;4.261663;1.974185;1;1;3.573757;1;1;3.76995;2.075129;1.81856;2.905798;3.361935;4.700008;3.443439;3.323561;3.259124;3.404671
67;2;30;0;1;1500;8000;4;6.66;66.66;3.17609125905568;3.90308998699194;0.602059991327962;0.823474229170301;1.82386530932451;3.29930058871261;2.54320250946164;3.33136848638446;3.626474743356;2.94461110793176;3.18003084730744;2.95864693240493;3.07091638978975;2.28323413237892;3.1322696687897;3.46282790718806;3.58493271188774;3.65341842743192;3.29561717629922;2.43247411919635;3.39423935463136;3.60952280611687;2.77800192451502;2.24720222864421;2.13161221186729;2.18716124235017;2.08858216452189;2.14572790578305;2.89255999876967;2.36735499135022;2.63965719851903;2.29963817688237;2.20505496578415;2.98815893707634;2.89397811126238;3.51548805217588;3.67009832199333;3.46320170746022;3.51973720280498;2.8786203527613;3.69916605436049;3.52970480242446;3.74795496312159;3.37905056163788;2.83209444307479;3.36761859499357;3.53975702854426;2.84800066015709;3.92476742236085;3.44299683380665;3.51101002477435;4.17504038364695;2.94414672725435;2.86889033290433;3.33856936219102;2.09080788958823;2.78634843669992;1;1;1;1;2.552228;1;2.684162;4.261663;1.974185;1;1;3.573757;1;1;2.92899;1;1;1;3.361935;3.188445;2.417717;3.323561;3.259124;3.404671
52;2;12;0;0;4000;1100;1;30;400;3.60205999132796;3.04139268515822;0;1.47712125471966;2.60205999132796;2.28225546322899;2.54320250946164;2.30953238350105;3.626474743356;4.93597898202048;5.30031668088684;5.21716840891571;5.05491040235879;3.79853621269151;2.1901362459633;4.24608497988177;4.73145170458151;4.84488846861793;5.29577933222649;4.0084586492562;4.22171297963188;3.60952280611687;1.9698178204238;3.07948047043016;5.36879935902471;4.05885410729385;4.35467318283299;3.50907770710191;4.53295183984895;3.66615203712211;3.37691315818969;3.85216486801159;3.07992614689203;2.98815893707634;2.89397811126238;3.51548805217588;3.67009832199333;5.71591491238407;3.51973720280498;5.03556838940938;4.58912371182732;3.52970480242446;4.69216891683647;4.45417645067644;3.97858642299128;3.36761859499357;3.53975702854426;3.91202946372234;5.45967305323282;3.44299683380665;2.38496754694837;2.36312148816913;2.12896031990924;4.04820219607644;3.33856936219102;2.09080788958823;2.03467826156653;1;3.469119;2.905658;1.904728;2.552228;2.302462;1.606494;3.08235;2.718569;1;4.595637;5.258525;3.245982;1.987542;2.115827;2.859918;2.671424;3.431807;1;4.700008;1.674772;1.844673;3.259124;3.404671
63;3;10;0;1;10500;8000;4;69.93;799.995;4.02118929906994;3.90308998699194;0.602059991327962;1.84466352824024;2.90308727264295;4.2542925832878;4.39253015068777;4.28588020256065;3.626474743356;4.93597898202048;4.03929773138387;3.82890753568842;5.05491040235879;3.79853621269151;4.14495141540325;4.24608497988177;3.58493271188774;3.65341842743192;4.11256210180924;4.0084586492562;4.22171297963188;4.53834412237969;3.9443867724375;5.72490556309278;3.85267436368364;4.05885410729385;4.35467318283299;3.50907770710191;3.53153025530216;3.66615203712211;3.37691315818969;3.85216486801159;4.0015310262084;3.92188812750499;5.05491040235879;4.3431839666906;4.56975817077864;5.71591491238407;3.51973720280498;3.78516282478141;4.58912371182732;3.52970480242446;3.74795496312159;4.45417645067644;3.97858642299128;5.87922621312538;5.18027334322561;3.91202946372234;3.92476742236085;3.44299683380665;3.51101002477435;4.17504038364695;3.78621845510159;4.04820219607644;4.38661246607969;3.85472420956226;2.78634843669992;2.321201;2.807432;1;1.904728;2.552228;1;2.684162;4.261663;1.974185;1;2.605249;3.573757;1;1;2.92899;4.847988;2.202079;4.118641;2.000073;4.700008;4.628745;3.323561;3.259124;3.404671
60;3;35;0;0;3500;1550;1;19.999;400.001;3.54406804435028;3.19033169817029;0;1.301008280397;2.60206107706281;2.28225546322899;2.54320250946164;2.30953238350105;2.52124561291124;3.69741969909386;4.03929773138387;3.82890753568842;3.87962946468104;3.79853621269151;2.1901362459633;4.24608497988177;4.73145170458151;4.84488846861793;4.11256210180924;4.0084586492562;4.22171297963188;3.60952280611687;3.9443867724375;3.07948047043016;2.13161221186729;2.18716124235017;3.31290682887049;2.91140592315142;2.89255999876967;2.36735499135022;2.0216462429411;3.85216486801159;3.07992614689203;2.98815893707634;2.89397811126238;3.51548805217588;3.67009832199333;4.33202797708344;3.51973720280498;3.78516282478141;4.58912371182732;3.52970480242446;4.69216891683647;3.37905056163788;2.83209444307479;3.36761859499357;3.53975702854426;3.91202946372234;3.92476742236085;2.38080044094893;2.38496754694837;1;1;4.04820219607644;3.33856936219102;2.09080788958823;2.03467826156653;1;1;2.905658;1.904728;1;2.302462;2.684162;3.08235;1;2.365555;4.139744;3.573757;3.245982;2.34137;1;2.859918;2.202079;3.431807;1;3.188445;3.443439;3.323561;3.259124;3.404671
70;2;54;0;0;3500;1900;1;19.999;400.001;3.54406804435028;3.27875360095283;0;1.301008280397;2.60206107706281;3.29930058871261;3.55774066702523;3.33136848638446;3.626474743356;3.69741969909386;3.18003084730744;2.95864693240493;3.07091638978975;3.02302234443974;3.1322696687897;2.58593933232526;3.58493271188774;3.65341842743192;2.41355624326404;4.0084586492562;4.22171297963188;3.60952280611687;1.9698178204238;2.24720222864421;2.94233011372017;2.18716124235017;4.35467318283299;3.50907770710191;3.53153025530216;3.66615203712211;4.55970583625675;3.07464677227252;2.20505496578415;2.98815893707634;2.21240122373237;3.51548805217588;3.67009832199333;4.33202797708344;3.51973720280498;3.78516282478141;4.58912371182732;4.4868514378954;4.69216891683647;3.37905056163788;3.97858642299128;4.50561788521829;3.53975702854426;2.84800066015709;2.33353972899358;2.38080044094893;2.38496754694837;2.36312148816913;2.12896031990924;1.99998511662762;2.22453451561005;2.09080788958823;2.03467826156653;1;2.807432;2.905658;1.904728;1;1;2.684162;3.08235;1;2.365555;1;3.573757;1;1;1;1;2.202079;2.905798;3.361935;3.188445;2.417717;3.323561;3.259124;3.404671
55;3;11;0;1;1600;1700;1;10;200;3.20411998265592;3.23044892137827;0;1;2.30102999566398;3.29930058871261;3.55774066702523;3.33136848638446;3.626474743356;2.94461110793176;3.18003084730744;2.95864693240493;3.87962946468104;3.79853621269151;4.14495141540325;4.24608497988177;3.58493271188774;3.65341842743192;3.29561717629922;4.0084586492562;3.39423935463136;3.60952280611687;2.77800192451502;3.07948047043016;2.94233011372017;3.10234489670439;2.72067088037479;2.14572790578305;3.53153025530216;2.36735499135022;2.63965719851903;3.07464677227252;3.07992614689203;2.18360252716324;3.66964946192881;3.51548805217588;3.67009832199333;4.33202797708344;3.51973720280498;3.78516282478141;4.58912371182732;4.4868514378954;3.74795496312159;3.37905056163788;2.83209444307479;4.50561788521829;3.53975702854426;3.91202946372234;3.92476742236085;3.44299683380665;3.51101002477435;4.17504038364695;2.94414672725435;2.86889033290433;3.33856936219102;2.95244891980085;2.78634843669992;1;1;1;1;2.552228;3.177772;2.684162;4.261663;1.974185;1;1;3.573757;1;1;2.496823;1;1.81856;2.15365;3.361935;3.188445;3.443439;3.323561;3.259124;3.404671
57;4;20;0;1;9000;7000;1;29.97;399.96;3.95424250943932;3.84509804001426;0;1.47668674294564;2.60201655970815;3.29930058871261;3.55774066702523;3.33136848638446;3.626474743356;3.69741969909386;4.03929773138387;3.82890753568842;3.87962946468104;3.79853621269151;4.14495141540325;4.24608497988177;3.58493271188774;3.65341842743192;4.11256210180924;4.0084586492562;4.22171297963188;4.53834412237969;2.77800192451502;3.07948047043016;2.94233011372017;3.10234489670439;2.72067088037479;2.14572790578305;3.53153025530216;2.36735499135022;2.63965719851903;3.07464677227252;3.07992614689203;2.98815893707634;3.66964946192881;4.3431839666906;4.56975817077864;4.33202797708344;3.51973720280498;3.78516282478141;4.58912371182732;4.4868514378954;4.69216891683647;3.37905056163788;2.83209444307479;4.50561788521829;3.53975702854426;2.84800066015709;3.92476742236085;3.44299683380665;3.51101002477435;4.17504038364695;2.94414672725435;2.86889033290433;3.33856936219102;2.95244891980085;2.78634843669992;2.321201;1;1;1;2.552228;1;2.684162;4.261663;1.974185;1;1;3.573757;1;1;2.92899;2.075129;1.81856;2.905798;3.361935;3.188445;3.443439;3.323561;3.259124;3.404671
68;3;30;0;1;20000;12000;4;60;1400;4.30102999566398;4.07918124604762;0.602059991327962;1.77815125038364;3.14612803567824;4.2542925832878;4.39253015068777;3.33136848638446;4.61035400503481;3.69741969909386;3.18003084730744;3.82890753568842;3.87962946468104;3.79853621269151;4.14495141540325;4.24608497988177;3.58493271188774;3.65341842743192;4.11256210180924;4.0084586492562;3.39423935463136;4.53834412237969;3.9443867724375;4.00874465837667;3.85267436368364;4.05885410729385;3.31290682887049;2.91140592315142;3.53153025530216;3.23049615114934;3.37691315818969;3.85216486801159;4.0015310262084;3.92188812750499;5.05491040235879;4.3431839666906;3.67009832199333;4.33202797708344;3.51973720280498;3.78516282478141;4.58912371182732;3.52970480242446;3.74795496312159;3.37905056163788;3.97858642299128;4.50561788521829;3.53975702854426;3.91202946372234;3.92476742236085;3.44299683380665;3.51101002477435;4.17504038364695;2.94414672725435;4.04820219607644;3.33856936219102;3.85472420956226;3.54177339366547;1;1;1;1;1;2.302462;2.684162;1.962471;1.974185;3.113618;1;3.573757;1;1;2.92899;2.075129;2.202079;2.905798;3.361935;3.188445;3.443439;3.323561;3.259124;3.404671
70;3;20;0;0;12000;11000;1;60;799.992;4.07918124604762;4.04139268515822;0;1.77815125038364;2.90308564402541;2.28225546322899;2.54320250946164;2.30953238350105;2.52124561291124;4.93597898202048;5.30031668088684;5.21716840891571;5.05491040235879;3.79853621269151;2.1901362459633;4.24608497988177;4.73145170458151;4.84488846861793;5.29577933222649;4.0084586492562;4.22171297963188;3.60952280611687;1.9698178204238;2.24720222864421;3.85267436368364;4.05885410729385;4.35467318283299;4.42365405002657;4.53295183984895;4.46885109526007;3.37691315818969;3.85216486801159;3.07992614689203;2.98815893707634;2.89397811126238;3.51548805217588;3.67009832199333;4.33202797708344;3.51973720280498;5.03556838940938;4.58912371182732;4.4868514378954;4.69216891683647;4.45417645067644;2.83209444307479;3.36761859499357;3.53975702854426;5.25878591486575;5.45967305323282;3.44299683380665;2.38496754694837;2.36312148816913;1;4.04820219607644;3.33856936219102;2.09080788958823;2.03467826156653;1;1;2.905658;1.904728;1;2.302462;1.606494;3.08235;2.718569;1;2.605249;3.573757;3.245982;1.987542;2.115827;2.859918;2.671424;3.431807;1;4.700008;2.417717;1.844673;3.259124;3.404671
56;3;20;0;1;12000;9000;10;39.96;799.92;4.07918124604762;3.95424250943932;1;1.60162547955394;2.90304655537214;3.29930058871261;2.54320250946164;3.33136848638446;3.626474743356;2.22968699326937;2.30413729102943;2.95864693240493;2.23745981113385;2.28323413237892;4.14495141540325;3.46282790718806;3.58493271188774;3.65341842743192;3.29561717629922;2.43247411919635;3.39423935463136;2.53115219901003;1.9698178204238;2.24720222864421;2.13161221186729;2.18716124235017;2.08858216452189;2.14572790578305;2.89255999876967;2.36735499135022;2.0216462429411;3.07464677227252;3.07992614689203;2.18360252716324;2.89397811126238;3.51548805217588;3.67009832199333;3.46320170746022;3.51973720280498;2.8786203527613;3.69916605436049;3.52970480242446;3.74795496312159;3.37905056163788;2.83209444307479;3.36761859499357;3.53975702854426;2.84800066015709;5.45967305323282;3.44299683380665;2.38496754694837;3.32671046779238;2.94414672725435;2.86889033290433;3.33856936219102;2.09080788958823;2.78634843669992;1;1;1;1;1;1;2.684162;4.261663;1.974185;1;1;3.573757;1;1;2.115827;1;1;1;3.361935;3.188445;2.417717;3.323561;3.259124;3.404671
65;3;30;0;0;8740;550;1;39.95054;998.85964;3.9415114326344;2.74036268949424;0;1.60152265392373;2.99950446534694;4.2542925832878;5.57379332770854;4.28588020256065;4.61035400503481;3.69741969909386;2.30413729102943;2.18594503766934;2.23745981113385;2.28323413237892;4.14495141540325;5.52178731590242;5.66829683620757;3.65341842743192;2.41355624326404;2.43247411919635;2.44594206680838;2.53115219901003;1.9698178204238;2.24720222864421;1;1;2.72067088037479;2.14572790578305;2.14988140028723;2.36735499135022;2.0216462429411;1;1;1;1;3.51548805217588;2.5628832159573;3.46320170746022;3.51973720280498;5.03556838940938;3.69916605436049;3.52970480242446;3.74795496312159;1;2.83209444307479;3.36761859499357;3.53975702854426;3.91202946372234;5.45967305323282;3.44299683380665;1;2.36312148816913;2.12896031990924;1;1;1;1;1;1;2.905658;1;1;2.302462;2.684162;3.08235;1.974185;1;2.605249;3.573757;1;1;1;2.859918;1;2.15365;3.361935;3.188445;3.443439;3.323561;3.259124;3.404671
58;3;25;0;0;3400;900;1;9.9994;400.0032;3.53147891704225;2.95424250943932;0;0.999973941549324;2.60206346566992;4.2542925832878;5.57379332770854;5.39937960045806;5.96860119656302;3.69741969909386;2.30413729102943;1;2.23745981113385;2.28323413237892;4.14495141540325;5.52178731590242;4.73145170458151;3.65341842743192;2.41355624326404;1;1;3.60952280611687;1.9698178204238;1;1;1;2.08858216452189;1;1;1;1;1;1;2.18360252716324;2.21240122373237;2.47972427536165;2.5628832159573;3.46320170746022;3.51973720280498;5.03556838940938;3.69916605436049;3.52970480242446;3.74795496312159;2.25494251102376;2.83209444307479;3.36761859499357;3.53975702854426;3.91202946372234;3.92476742236085;3.44299683380665;2.38496754694837;1;1;1.99998511662762;1;2.09080788958823;2.03467826156653;1;1;2.905658;2.251186;1;2.302462;2.684162;1.962471;1.974185;1;2.605249;3.573757;1;2.34137;1;2.859918;1;2.15365;3.361935;3.188445;3.443439;3.323561;3.259124;3.404671
65;4;40;0;0;3500;1400;1;9.9995;400.001;3.54406804435028;3.14612803567824;0;0.999978284733019;2.60206107706281;4.2542925832878;4.39253015068777;5.39937960045806;4.61035400503481;2.94461110793176;4.03929773138387;2.95864693240493;3.87962946468104;3.02302234443974;4.14495141540325;4.24608497988177;3.58493271188774;3.65341842743192;2.41355624326404;3.28560161854869;4.22171297963188;3.60952280611687;2.77800192451502;2.24720222864421;2.13161221186729;3.10234489670439;2.72067088037479;1;2.14988140028723;2.36735499135022;2.63965719851903;3.85216486801159;2.20505496578415;2.18360252716324;2.89397811126238;3.51548805217588;3.67009832199333;3.46320170746022;3.51973720280498;3.78516282478141;4.58912371182732;3.52970480242446;4.69216891683647;3.37905056163788;3.97858642299128;2.2414941394042;2.20635182314303;2.84800066015709;2.93663138247969;3.44299683380665;2.38496754694837;2.36312148816913;2.12896031990924;2.86889033290433;3.33856936219102;2.09080788958823;2.03467826156653;1;1;2.905658;2.251186;1;2.302462;2.684162;3.08235;1.974185;1;2.605249;3.573757;1;1;1;2.859918;1;2.15365;3.361935;3.188445;3.443439;3.323561;3.259124;3.404671
54;3;20;0;0;3500;1000;1;19.999;400.001;3.54406804435028;3;0;1.301008280397;2.60206107706281;5.36991781520157;5.57379332770854;5.39937960045806;5.96860119656302;3.69741969909386;3.18003084730744;1;1;3.02302234443974;5.62496868519971;5.52178731590242;5.66829683620757;3.65341842743192;2.41355624326404;2.43247411919635;2.44594206680838;3.60952280611687;1.9698178204238;1;1;1;2.08858216452189;2.91140592315142;1;3.23049615114934;1;2.29963817688237;2.20505496578415;1;1;2.47972427536165;3.67009832199333;2.47541720935374;3.51973720280498;3.78516282478141;3.69916605436049;3.52970480242446;3.74795496312159;2.25494251102376;2.83209444307479;3.36761859499357;3.53975702854426;3.91202946372234;5.45967305323282;2.38080044094893;2.38496754694837;2.36312148816913;2.12896031990924;1.99998511662762;2.22453451561005;1;2.03467826156653;1;1;2.905658;1;1;2.302462;2.684162;3.08235;1.974185;1;2.605249;3.573757;1;2.34137;1;2.859918;1;2.15365;3.361935;3.188445;3.443439;3.323561;3.259124;3.404671
62;4;45;0;0;3500;1300;1;9.9995;400.001;3.54406804435028;3.11394335230684;0;0.999978284733019;2.60206107706281;5.36991781520157;4.39253015068777;5.39937960045806;4.61035400503481;3.69741969909386;3.18003084730744;2.18594503766934;2.23745981113385;3.02302234443974;4.14495141540325;4.24608497988177;4.73145170458151;3.65341842743192;1;2.43247411919635;2.44594206680838;3.60952280611687;1;1;1;1;2.08858216452189;2.91140592315142;2.14988140028723;3.23049615114934;2.0216462429411;2.29963817688237;3.07992614689203;2.18360252716324;2.89397811126238;2.47972427536165;3.67009832199333;2.47541720935374;3.51973720280498;5.03556838940938;3.69916605436049;3.52970480242446;3.74795496312159;1;2.83209444307479;3.36761859499357;3.53975702854426;5.25878591486575;3.92476742236085;2.38080044094893;1;1;1;1;2.22453451561005;1;2.03467826156653;1;1;2.905658;1;1;2.302462;2.684162;3.08235;1.974185;1;2.605249;3.573757;1;1;1;2.859918;1;2.15365;3.361935;3.188445;3.443439;3.323561;3.259124;3.404671
58;3;35;0;0;7000;1000;1;19.999;399.994;3.84509804001426;3;0;1.301008280397;2.60205347686188;5.36991781520157;5.57379332770854;4.28588020256065;4.61035400503481;3.69741969909386;2.30413729102943;2.18594503766934;2.23745981113385;2.28323413237892;2.1901362459633;3.46282790718806;2.3523464334854;2.43959482877361;4.11256210180924;4.0084586492562;3.39423935463136;3.60952280611687;1;1;2.13161221186729;2.18716124235017;2.72067088037479;2.14572790578305;2.14988140028723;2.36735499135022;2.0216462429411;2.29963817688237;1;1;1;3.51548805217588;2.5628832159573;3.46320170746022;2.36706545328246;3.78516282478141;3.69916605436049;3.52970480242446;5.99035811346121;3.37905056163788;3.97858642299128;3.36761859499357;3.53975702854426;3.91202946372234;3.92476742236085;2.38080044094893;2.38496754694837;2.36312148816913;2.12896031990924;1;1;1;1;3.400244;1;2.905658;2.251186;1;2.302462;3.619373;3.08235;2.718569;1;2.605249;3.573757;2.527282;2.34137;1;3.805811;1;2.15365;3.361935;3.188445;2.417717;3.323561;3.259124;3.404671
48;4;15;0;1;20000;14000;1;70;800;4.30102999566398;4.14612803567824;0;1.84509804001426;2.90308998699194;4.2542925832878;4.39253015068777;5.39937960045806;4.61035400503481;3.69741969909386;5.30031668088684;3.82890753568842;3.87962946468104;5.12622218173134;4.14495141540325;4.24608497988177;3.58493271188774;3.65341842743192;5.29577933222649;5.36248453476796;5.72490556309278;5.90866447925431;3.9443867724375;4.00874465837667;5.36879935902471;5.56204669075476;4.35467318283299;3.50907770710191;3.53153025530216;3.23049615114934;3.37691315818969;3.85216486801159;4.0015310262084;3.92188812750499;5.05491040235879;4.3431839666906;4.56975817077864;4.33202797708344;3.51973720280498;5.03556838940938;4.58912371182732;4.4868514378954;4.69216891683647;4.45417645067644;3.97858642299128;4.50561788521829;3.53975702854426;3.91202946372234;3.92476742236085;3.44299683380665;3.51101002477435;4.17504038364695;3.78621845510159;4.04820219607644;3.33856936219102;2.95244891980085;2.78634843669992;2.321201;1;1;1;2.552228;3.177772;2.684162;1.962471;2.718569;2.681894;2.605249;3.573757;1;1;3.76995;2.075129;2.202079;4.118641;2.000073;3.188445;4.628745;3.323561;3.259124;3.404671
30;4;5;0;1;6000;4600;1;25.98;200.004;3.77815125038364;3.66275783168157;0;1.41463914673701;2.30103868146676;3.29930058871261;3.55774066702523;3.33136848638446;2.52124561291124;2.22968699326937;2.30413729102943;2.18594503766934;2.23745981113385;2.28323413237892;3.1322696687897;3.46282790718806;3.58493271188774;3.65341842743192;3.29561717629922;2.43247411919635;2.44594206680838;3.60952280611687;2.77800192451502;2.24720222864421;2.13161221186729;3.10234489670439;2.08858216452189;2.14572790578305;2.14988140028723;1;2.0216462429411;3.07464677227252;3.07992614689203;2.98815893707634;3.66964946192881;2.47972427536165;2.5628832159573;2.47541720935374;2.36706545328246;2.8786203527613;3.69916605436049;3.52970480242446;3.74795496312159;3.37905056163788;2.83209444307479;3.36761859499357;3.53975702854426;2.84800066015709;3.92476742236085;3.44299683380665;3.51101002477435;4.17504038364695;2.94414672725435;2.86889033290433;3.33856936219102;2.09080788958823;2.78634843669992;2.321201;1;1;1;1;1;2.684162;1.962471;1.974185;1;1;3.573757;1;1;2.496823;1;1;1;2.000073;3.188445;3.443439;3.323561;3.259124;3.404671
61;4;41;0;1;15000;10000;2;33;1200;4.17609125905568;4;0.301029995663981;1.51851393987789;3.07918124604762;4.2542925832878;4.39253015068777;4.28588020256065;3.626474743356;3.69741969909386;4.03929773138387;3.82890753568842;3.87962946468104;3.79853621269151;4.14495141540325;4.24608497988177;3.58493271188774;4.84488846861793;4.11256210180924;3.28560161854869;4.22171297963188;4.53834412237969;3.9443867724375;4.00874465837667;3.85267436368364;4.05885410729385;4.35467318283299;3.50907770710191;3.53153025530216;3.23049615114934;3.37691315818969;3.85216486801159;4.0015310262084;3.92188812750499;5.05491040235879;4.3431839666906;4.56975817077864;4.33202797708344;3.51973720280498;3.78516282478141;4.58912371182732;4.4868514378954;3.74795496312159;3.37905056163788;3.97858642299128;4.50561788521829;3.53975702854426;3.91202946372234;3.92476742236085;3.44299683380665;3.51101002477435;4.17504038364695;3.78621845510159;4.04820219607644;3.33856936219102;3.85472420956226;3.54177339366547;3.400244;1;1;1;2.552228;3.79577;2.684162;4.261663;1.974185;1;4.139744;3.573757;1;1;2.92899;2.859918;2.202079;3.431807;3.361935;3.188445;3.443439;3.323561;3.259124;3.404671
61;2;30;0;1;6000;10000;1;30;200.004;3.77815125038364;4;0;1.47712125471966;2.30103868146676;4.2542925832878;5.57379332770854;4.28588020256065;4.61035400503481;3.69741969909386;4.03929773138387;3.82890753568842;5.05491040235879;3.79853621269151;4.14495141540325;4.24608497988177;3.58493271188774;3.65341842743192;4.11256210180924;4.0084586492562;3.39423935463136;3.60952280611687;3.9443867724375;4.00874465837667;3.85267436368364;3.10234489670439;4.35467318283299;2.91140592315142;3.53153025530216;3.23049615114934;3.37691315818969;3.85216486801159;3.07992614689203;3.92188812750499;5.05491040235879;4.3431839666906;4.56975817077864;5.71591491238407;3.51973720280498;5.03556838940938;4.58912371182732;4.4868514378954;4.69216891683647;4.45417645067644;3.97858642299128;4.50561788521829;3.53975702854426;2.84800066015709;3.92476742236085;3.44299683380665;3.51101002477435;3.32671046779238;2.94414672725435;4.04820219607644;3.33856936219102;2.95244891980085;2.78634843669992;1.843951;1;1;1;2.552228;2.302462;2.684162;4.261663;2.718569;2.681894;2.605249;3.573757;1;1;2.115827;2.075129;2.202079;2.905798;2.000073;4.700008;4.628745;3.323561;3.259124;3.404671
75;4;40;0;1;6000;4600;1;30;399.96;3.77815125038364;3.66275783168157;0;1.47712125471966;2.60201655970815;3.29930058871261;3.55774066702523;3.33136848638446;3.626474743356;3.69741969909386;4.03929773138387;2.95864693240493;3.07091638978975;3.79853621269151;4.14495141540325;4.24608497988177;3.58493271188774;3.65341842743192;4.11256210180924;4.0084586492562;4.22171297963188;4.53834412237969;2.77800192451502;3.07948047043016;2.13161221186729;2.18716124235017;2.72067088037479;2.14572790578305;2.89255999876967;2.36735499135022;2.63965719851903;3.07464677227252;3.07992614689203;2.98815893707634;3.66964946192881;4.3431839666906;4.56975817077864;4.33202797708344;3.51973720280498;3.78516282478141;4.58912371182732;4.4868514378954;4.69216891683647;3.37905056163788;2.83209444307479;3.36761859499357;3.53975702854426;2.84800066015709;3.92476742236085;3.44299683380665;3.51101002477435;4.17504038364695;2.94414672725435;2.86889033290433;3.33856936219102;2.95244891980085;3.54177339366547;2.321201;1;1;1;1;2.302462;2.684162;1.962471;1.974185;1;1;3.573757;1;1;2.496823;1;1.81856;2.15365;3.361935;3.188445;3.443439;3.323561;3.259124;3.404671
54;2;30;0;1;12000;8000;4;39.96;999.84;4.07918124604762;3.90308998699194;0.602059991327962;1.60162547955394;2.99993050732333;3.29930058871261;3.55774066702523;3.33136848638446;3.626474743356;2.94461110793176;3.18003084730744;2.95864693240493;3.07091638978975;3.02302234443974;4.14495141540325;4.24608497988177;3.58493271188774;3.65341842743192;3.29561717629922;3.28560161854869;3.39423935463136;3.60952280611687;3.9443867724375;3.07948047043016;2.13161221186729;2.18716124235017;2.08858216452189;2.14572790578305;2.14988140028723;2.36735499135022;2.0216462429411;3.07464677227252;3.07992614689203;2.18360252716324;3.66964946192881;3.51548805217588;3.67009832199333;3.46320170746022;3.51973720280498;2.8786203527613;3.69916605436049;3.52970480242446;3.74795496312159;3.37905056163788;2.83209444307479;3.36761859499357;3.53975702854426;2.84800066015709;3.92476742236085;3.44299683380665;3.51101002477435;3.32671046779238;2.94414672725435;2.86889033290433;3.33856936219102;2.95244891980085;2.03467826156653;2.321201;1;1;1;1;1;2.684162;1.962471;1.974185;1;1;3.573757;1;1;2.496823;1;1;2.15365;3.361935;3.188445;3.443439;3.323561;3.259124;3.404671
43;2;15;1;0;20000;11000;6;74;1800;4.30102999566398;4.04139268515822;0.778151250383644;1.86923171973098;3.25527250510331;3.29930058871261;2.54320250946164;4.28588020256065;3.626474743356;2.22968699326937;3.18003084730744;3.82890753568842;3.07091638978975;3.79853621269151;4.14495141540325;2.58593933232526;2.3523464334854;3.65341842743192;4.11256210180924;4.0084586492562;4.22171297963188;3.60952280611687;2.77800192451502;2.24720222864421;2.13161221186729;2.18716124235017;4.35467318283299;4.42365405002657;2.14988140028723;4.46885109526007;3.37691315818969;2.29963817688237;2.20505496578415;2.18360252716324;2.21240122373237;2.47972427536165;2.5628832159573;2.47541720935374;2.36706545328246;3.78516282478141;4.58912371182732;3.52970480242446;4.69216891683647;2.25494251102376;3.97858642299128;2.2414941394042;2.20635182314303;2.84800066015709;3.92476742236085;2.38080044094893;2.38496754694837;2.36312148816913;2.12896031990924;4.04820219607644;3.33856936219102;2.09080788958823;2.03467826156653;3.400244;1;1;3.030641;1;2.302462;4.253712;1;1;1;2.605249;3.573757;1;1;2.115827;1;3.387267;2.15365;3.361935;3.188445;3.443439;3.323561;3.259124;3.404671
72;2;50;0;1;24000;20000;6;99.84;1999.68;4.38021124171161;4.30102999566398;0.778151250383644;1.99930457233835;3.30096050298731;3.29930058871261;3.55774066702523;3.33136848638446;4.61035400503481;3.69741969909386;3.18003084730744;2.95864693240493;3.87962946468104;3.02302234443974;4.14495141540325;4.24608497988177;3.58493271188774;3.65341842743192;4.11256210180924;3.28560161854869;3.39423935463136;4.53834412237969;3.9443867724375;3.07948047043016;2.94233011372017;3.10234489670439;2.72067088037479;2.14572790578305;3.53153025530216;2.36735499135022;3.37691315818969;3.07464677227252;3.07992614689203;2.98815893707634;3.66964946192881;4.3431839666906;4.56975817077864;4.33202797708344;3.51973720280498;3.78516282478141;4.58912371182732;4.4868514378954;3.74795496312159;3.37905056163788;2.83209444307479;3.36761859499357;3.53975702854426;2.84800066015709;3.92476742236085;3.44299683380665;3.51101002477435;4.17504038364695;2.94414672725435;2.86889033290433;3.33856936219102;2.95244891980085;2.78634843669992;2.684574;1;1;1;1;2.302462;2.684162;1.962471;1.974185;2.365555;1;3.573757;1;1;2.496823;1;1.81856;2.15365;3.361935;3.188445;3.443439;3.323561;3.259124;3.404671
75;2;50;0;1;20000;12000;6;80;1200;4.30102999566398;4.07918124604762;0.778151250383644;1.90308998699194;3.07918124604762;4.2542925832878;3.55774066702523;3.33136848638446;3.626474743356;3.69741969909386;4.03929773138387;2.95864693240493;3.87962946468104;3.02302234443974;4.14495141540325;4.24608497988177;3.58493271188774;3.65341842743192;3.29561717629922;3.28560161854869;3.39423935463136;4.53834412237969;3.9443867724375;3.07948047043016;2.94233011372017;3.10234489670439;3.31290682887049;2.91140592315142;3.53153025530216;2.36735499135022;2.63965719851903;3.07464677227252;3.07992614689203;2.98815893707634;3.66964946192881;4.3431839666906;4.56975817077864;4.33202797708344;3.51973720280498;3.78516282478141;3.69916605436049;3.52970480242446;3.74795496312159;4.45417645067644;2.83209444307479;3.36761859499357;3.53975702854426;2.84800066015709;3.92476742236085;3.44299683380665;3.51101002477435;4.17504038364695;2.94414672725435;4.04820219607644;3.33856936219102;2.95244891980085;3.54177339366547;1.843951;1;1;1;1;1;2.684162;1.962471;1.974185;1;1;3.573757;1;1;1;2.075129;2.202079;2.15365;3.361935;3.188445;3.443439;3.323561;3.259124;3.404671
54;4;30;0;1;20000;16000;6;70;1200;4.30102999566398;4.20411998265592;0.778151250383644;1.84509804001426;3.07918124604762;4.2542925832878;4.39253015068777;3.33136848638446;3.626474743356;3.69741969909386;4.03929773138387;3.82890753568842;3.07091638978975;3.02302234443974;4.14495141540325;4.24608497988177;3.58493271188774;3.65341842743192;4.11256210180924;4.0084586492562;4.22171297963188;4.53834412237969;3.9443867724375;3.07948047043016;2.94233011372017;3.10234489670439;3.31290682887049;2.91140592315142;2.89255999876967;3.23049615114934;3.37691315818969;3.85216486801159;3.07992614689203;2.98815893707634;3.66964946192881;3.51548805217588;3.67009832199333;3.46320170746022;3.51973720280498;3.78516282478141;4.58912371182732;4.4868514378954;4.69216891683647;3.37905056163788;2.83209444307479;3.36761859499357;3.53975702854426;2.84800066015709;3.92476742236085;3.44299683380665;3.51101002477435;4.17504038364695;2.94414672725435;2.86889033290433;3.33856936219102;2.95244891980085;2.78634843669992;2.321201;1;1;1;1;2.302462;2.684162;3.08235;1.974185;1;1;3.573757;1;1;2.115827;2.075129;2.202079;2.905798;3.361935;3.188445;3.443439;3.323561;3.259124;3.404671
55;3;15;1;0;10000;10500;1;15;500;4;4.02118929906994;0;1.17609125905568;2.69897000433602;3.29930058871261;2.54320250946164;4.28588020256065;3.626474743356;2.22968699326937;3.18003084730744;3.82890753568842;3.07091638978975;3.79853621269151;4.14495141540325;2.58593933232526;2.3523464334854;3.65341842743192;2.41355624326404;2.43247411919635;2.44594206680838;2.53115219901003;3.9443867724375;4.00874465837667;3.85267436368364;3.10234489670439;4.35467318283299;4.42365405002657;2.14988140028723;4.46885109526007;3.37691315818969;2.29963817688237;2.20505496578415;2.18360252716324;2.21240122373237;2.47972427536165;2.5628832159573;2.47541720935374;2.36706545328246;3.78516282478141;4.58912371182732;2.53375234479293;4.69216891683647;2.25494251102376;3.97858642299128;2.2414941394042;3.53975702854426;3.91202946372234;3.92476742236085;2.38080044094893;2.38496754694837;2.36312148816913;2.12896031990924;4.04820219607644;3.33856936219102;2.09080788958823;2.03467826156653;3.400244;1;1;3.030641;1;2.302462;4.253712;1;1;1;2.605249;3.573757;1;1;1;1;3.387267;2.15365;3.361935;1;2.417717;4.813473;3.259124;3.404671
60;3;30;0;1;9000;6000;4;29.97;599.94;3.95424250943932;3.77815125038364;0.602059991327962;1.47668674294564;2.77810781876384;4.2542925832878;3.55774066702523;3.33136848638446;3.626474743356;3.69741969909386;4.03929773138387;3.82890753568842;3.87962946468104;3.79853621269151;4.14495141540325;4.24608497988177;3.58493271188774;3.65341842743192;3.29561717629922;4.0084586492562;3.39423935463136;4.53834412237969;3.9443867724375;3.07948047043016;2.94233011372017;3.10234489670439;3.31290682887049;2.91140592315142;3.53153025530216;2.36735499135022;2.63965719851903;3.85216486801159;3.07992614689203;3.92188812750499;3.66964946192881;4.3431839666906;4.56975817077864;4.33202797708344;4.62866151341824;3.78516282478141;4.58912371182732;4.4868514378954;4.69216891683647;3.37905056163788;2.83209444307479;3.36761859499357;3.53975702854426;2.84800066015709;3.92476742236085;3.44299683380665;3.51101002477435;4.17504038364695;2.94414672725435;2.86889033290433;3.33856936219102;2.95244891980085;3.54177339366547;2.321201;1;1;1;1;1;2.684162;1.962471;1.974185;1;1;3.573757;1;1;2.496823;1;2.202079;2.905798;3.361935;4.700008;3.443439;3.323561;3.259124;3.404671
73;2;10;0;1;15000;8000;2;60;675;4.17609125905568;3.90308998699194;0.301029995663981;1.77815125038364;2.82930377283103;4.2542925832878;3.55774066702523;4.28588020256065;4.61035400503481;3.69741969909386;4.03929773138387;2.95864693240493;3.87962946468104;3.79853621269151;3.1322696687897;4.24608497988177;3.58493271188774;3.65341842743192;4.11256210180924;3.28560161854869;3.39423935463136;4.53834412237969;3.9443867724375;3.07948047043016;3.85267436368364;3.10234489670439;3.31290682887049;2.14572790578305;3.53153025530216;2.36735499135022;3.37691315818969;3.85216486801159;3.07992614689203;2.98815893707634;3.66964946192881;3.51548805217588;3.67009832199333;3.46320170746022;3.51973720280498;3.78516282478141;4.58912371182732;3.52970480242446;4.69216891683647;3.37905056163788;2.83209444307479;3.36761859499357;3.53975702854426;2.84800066015709;3.92476742236085;3.44299683380665;3.51101002477435;4.17504038364695;3.78621845510159;2.86889033290433;3.33856936219102;2.95244891980085;2.78634843669992;2.321201;1;1;1;1;1;2.684162;1.962471;1.974185;1;1;3.573757;1;1;2.496823;2.075129;2.202079;2.905798;3.361935;3.188445;3.443439;3.323561;3.259124;3.404671
60;3;37;0;1;15000;10000;23;69.9;799.8;4.17609125905568;4;1.36172783601759;1.84447717574568;2.9029813997975;4.2542925832878;4.39253015068777;4.28588020256065;4.61035400503481;3.69741969909386;3.18003084730744;2.95864693240493;3.87962946468104;3.79853621269151;3.1322696687897;4.24608497988177;3.58493271188774;3.65341842743192;4.11256210180924;4.0084586492562;4.22171297963188;4.53834412237969;3.9443867724375;3.07948047043016;2.94233011372017;3.10234489670439;3.31290682887049;2.91140592315142;2.89255999876967;3.23049615114934;2.63965719851903;3.07464677227252;3.07992614689203;2.98815893707634;3.66964946192881;4.3431839666906;3.67009832199333;4.33202797708344;4.62866151341824;3.78516282478141;4.58912371182732;4.4868514378954;4.69216891683647;3.37905056163788;2.83209444307479;3.36761859499357;3.53975702854426;2.84800066015709;3.92476742236085;3.44299683380665;3.51101002477435;4.17504038364695;2.94414672725435;2.86889033290433;3.33856936219102;2.95244891980085;2.78634843669992;2.321201;1;1;1;1;2.302462;2.684162;3.08235;1.974185;1;2.605249;3.573757;1;1;2.496823;2.075129;2.202079;2.905798;3.361935;3.188445;3.443439;3.323561;3.259124;3.404671
50;3;30;0;1;6000;5600;4;30;399.96;3.77815125038364;3.7481880270062;0.602059991327962;1.47712125471966;2.60201655970815;4.2542925832878;4.39253015068777;3.33136848638446;3.626474743356;3.69741969909386;4.03929773138387;2.95864693240493;3.07091638978975;3.02302234443974;4.14495141540325;4.24608497988177;3.58493271188774;3.65341842743192;5.29577933222649;5.36248453476796;4.22171297963188;4.53834412237969;2.77800192451502;3.07948047043016;2.94233011372017;4.05885410729385;2.72067088037479;2.91140592315142;2.89255999876967;2.36735499135022;2.63965719851903;3.07464677227252;3.07992614689203;2.98815893707634;3.66964946192881;3.51548805217588;3.67009832199333;3.46320170746022;3.51973720280498;3.78516282478141;4.58912371182732;4.4868514378954;3.74795496312159;3.37905056163788;2.83209444307479;3.36761859499357;3.53975702854426;2.84800066015709;3.92476742236085;3.44299683380665;3.51101002477435;3.32671046779238;2.94414672725435;2.86889033290433;3.33856936219102;2.95244891980085;2.78634843669992;1.843951;1;1;1;1;2.302462;2.684162;1.962471;1.974185;1;1;3.573757;1;1;2.496823;2.075129;1.81856;2.905798;3.361935;3.188445;3.443439;3.323561;3.259124;3.404671
60;4;35;0;1;20000;14000;6;100;1200;4.30102999566398;4.14612803567824;0.778151250383644;2;3.07918124604762;4.2542925832878;5.57379332770854;4.28588020256065;4.61035400503481;3.69741969909386;4.03929773138387;5.21716840891571;3.87962946468104;3.79853621269151;5.62496868519971;4.24608497988177;3.58493271188774;3.65341842743192;4.11256210180924;4.0084586492562;3.39423935463136;3.60952280611687;3.9443867724375;3.07948047043016;3.85267436368364;3.10234489670439;4.35467318283299;4.42365405002657;2.89255999876967;2.36735499135022;2.63965719851903;3.85216486801159;3.07992614689203;2.98815893707634;3.66964946192881;4.3431839666906;3.67009832199333;3.46320170746022;3.51973720280498;5.03556838940938;4.58912371182732;3.52970480242446;3.74795496312159;4.45417645067644;2.83209444307479;4.50561788521829;3.53975702854426;2.84800066015709;5.45967305323282;3.44299683380665;3.51101002477435;3.32671046779238;2.94414672725435;4.04820219607644;3.33856936219102;2.95244891980085;3.54177339366547;2.321201;1;1;1;1;3.024137;2.684162;1.962471;1.974185;2.365555;2.605249;3.573757;1;1;2.115827;2.075129;2.202079;2.905798;3.361935;3.188445;3.443439;3.323561;3.259124;3.404671
74;3;50;0;1;12000;10000;4;49.92;600;4.07918124604762;4;0.602059991327962;1.69827457667437;2.77815125038364;3.29930058871261;2.54320250946164;3.33136848638446;3.626474743356;2.94461110793176;2.30413729102943;2.95864693240493;2.23745981113385;2.28323413237892;3.1322696687897;4.24608497988177;3.58493271188774;3.65341842743192;3.29561717629922;2.43247411919635;3.39423935463136;2.53115219901003;2.77800192451502;2.24720222864421;2.13161221186729;2.18716124235017;2.08858216452189;2.14572790578305;2.14988140028723;2.36735499135022;2.0216462429411;3.07464677227252;3.07992614689203;2.98815893707634;3.66964946192881;3.51548805217588;3.67009832199333;3.46320170746022;3.51973720280498;2.8786203527613;3.69916605436049;3.52970480242446;3.74795496312159;3.37905056163788;2.83209444307479;3.36761859499357;3.53975702854426;2.84800066015709;3.92476742236085;3.44299683380665;3.51101002477435;4.17504038364695;2.94414672725435;2.86889033290433;3.33856936219102;2.95244891980085;2.78634843669992;1.843951;1;1;1;1;1;2.684162;1.962471;1.974185;2.365555;1;3.573757;1;1;2.115827;1;1;2.15365;3.361935;3.188445;3.443439;3.323561;3.259124;3.404671
63;2;25;1;0;20000;11500;1;75;1400;4.30102999566398;4.06069784035361;0;1.8750612633917;3.14612803567824;3.29930058871261;2.54320250946164;4.28588020256065;3.626474743356;2.22968699326937;3.18003084730744;3.82890753568842;3.07091638978975;3.79853621269151;4.14495141540325;2.58593933232526;2.3523464334854;3.65341842743192;4.11256210180924;4.0084586492562;4.22171297963188;3.60952280611687;3.9443867724375;4.00874465837667;3.85267436368364;3.10234489670439;4.35467318283299;4.42365405002657;2.14988140028723;4.46885109526007;4.55970583625675;2.29963817688237;2.20505496578415;2.18360252716324;2.21240122373237;2.47972427536165;2.5628832159573;2.47541720935374;2.36706545328246;3.78516282478141;4.58912371182732;2.53375234479293;4.69216891683647;2.25494251102376;3.97858642299128;2.2414941394042;3.53975702854426;3.91202946372234;3.92476742236085;2.38080044094893;2.38496754694837;2.36312148816913;2.12896031990924;4.04820219607644;3.33856936219102;2.09080788958823;2.03467826156653;3.400244;1;1;3.030641;1;2.302462;4.253712;1;1;1;2.605249;5.980714;1;1;1;1;2.202079;2.15365;3.361935;1;1.674772;4.813473;3.259124;3.404671
50;3;30;0;1;20000;16000;8;100;1200;4.30102999566398;4.20411998265592;0.903089986991943;2;3.07918124604762;4.2542925832878;4.39253015068777;3.33136848638446;3.626474743356;3.69741969909386;3.18003084730744;2.95864693240493;3.07091638978975;3.02302234443974;4.14495141540325;4.24608497988177;3.58493271188774;3.65341842743192;3.29561717629922;3.28560161854869;3.39423935463136;3.60952280611687;3.9443867724375;3.07948047043016;2.94233011372017;3.10234489670439;2.72067088037479;2.14572790578305;3.53153025530216;2.36735499135022;3.37691315818969;3.85216486801159;3.07992614689203;2.98815893707634;3.66964946192881;4.3431839666906;3.67009832199333;4.33202797708344;3.51973720280498;3.78516282478141;4.58912371182732;3.52970480242446;3.74795496312159;3.37905056163788;2.83209444307479;3.36761859499357;3.53975702854426;2.84800066015709;3.92476742236085;3.44299683380665;3.51101002477435;4.17504038364695;2.94414672725435;2.86889033290433;3.33856936219102;2.95244891980085;3.54177339366547;2.321201;1;1;1;1;1;2.684162;1.962471;1.974185;2.365555;1;3.573757;1;1;2.496823;2.075129;1.81856;2.905798;3.361935;3.188445;3.443439;3.323561;3.259124;3.404671
36;2;7;1;0;10000;5300;1;17.5;500;4;3.72427586960079;0;1.24303804868629;2.69897000433602;2.28225546322899;2.54320250946164;2.30953238350105;2.52124561291124;2.94461110793176;2.30413729102943;3.82890753568842;3.07091638978975;3.02302234443974;4.14495141540325;3.46282790718806;2.3523464334854;2.43959482877361;4.11256210180924;4.0084586492562;4.22171297963188;3.60952280611687;2.77800192451502;2.24720222864421;2.13161221186729;2.18716124235017;4.35467318283299;2.91140592315142;2.14988140028723;3.66615203712211;3.37691315818969;2.29963817688237;2.20505496578415;2.18360252716324;2.21240122373237;2.47972427536165;2.5628832159573;3.46320170746022;2.36706545328246;3.78516282478141;4.58912371182732;3.52970480242446;4.69216891683647;2.25494251102376;3.97858642299128;2.2414941394042;3.53975702854426;3.91202946372234;2.33353972899358;1;1;1;1;4.04820219607644;3.33856936219102;2.09080788958823;2.03467826156653;3.400244;1;1;1;1;2.302462;4.253712;1;1;2.365555;2.605249;3.573757;1;1;1;1;3.387267;2.15365;3.361935;1;1.674772;3.323561;3.259124;1.937957
70;3;40;0;1;6000;6000;1;30;399.96;3.77815125038364;3.77815125038364;0;1.47712125471966;2.60201655970815;4.2542925832878;3.55774066702523;3.33136848638446;3.626474743356;2.94461110793176;3.18003084730744;2.95864693240493;3.07091638978975;3.02302234443974;3.1322696687897;3.46282790718806;2.3523464334854;3.65341842743192;3.29561717629922;2.43247411919635;3.39423935463136;3.60952280611687;3.9443867724375;2.24720222864421;2.13161221186729;2.18716124235017;2.08858216452189;2.14572790578305;2.89255999876967;2.36735499135022;2.63965719851903;3.07464677227252;3.07992614689203;2.98815893707634;3.66964946192881;3.51548805217588;3.67009832199333;3.46320170746022;3.51973720280498;2.8786203527613;2.75680720075089;2.53375234479293;3.74795496312159;3.37905056163788;2.83209444307479;3.36761859499357;3.53975702854426;2.84800066015709;3.92476742236085;2.38080044094893;2.38496754694837;3.32671046779238;2.94414672725435;2.86889033290433;3.33856936219102;2.95244891980085;2.78634843669992;1.843951;1;1;1;1;1;2.684162;1.962471;1.974185;1;1;3.573757;1;1;2.115827;1;1;1;3.361935;3.188445;3.443439;3.323561;3.259124;3.404671
60;2;20;1;0;7000;4400;1;3.5;105;3.84509804001426;3.64345267648619;0;0.544068044350276;2.02118929906994;3.29930058871261;2.54320250946164;3.33136848638446;2.52124561291124;2.22968699326937;2.30413729102943;2.18594503766934;2.23745981113385;2.28323413237892;3.1322696687897;2.58593933232526;3.58493271188774;2.43959482877361;3.29561717629922;2.43247411919635;2.44594206680838;2.53115219901003;2.77800192451502;2.24720222864421;2.13161221186729;2.18716124235017;2.08858216452189;2.14572790578305;2.14988140028723;2.36735499135022;2.0216462429411;2.29963817688237;2.20505496578415;2.18360252716324;2.21240122373237;2.47972427536165;2.5628832159573;2.47541720935374;3.51973720280498;2.8786203527613;2.75680720075089;4.4868514378954;2.76673291161913;2.25494251102376;3.97858642299128;3.36761859499357;3.53975702854426;3.91202946372234;3.92476742236085;2.38080044094893;2.38496754694837;2.36312148816913;2.12896031990924;2.86889033290433;2.22453451561005;1;1;3.400244;1;1;1;1;2.302462;1.606494;3.08235;2.718569;1;2.605249;3.573757;1;1;1;1;1;1;2.000073;3.188445;2.417717;3.323561;3.259124;3.404671
53;4;20;0;1;21000;14600;8;69.93;1399.86;4.32221929473392;4.16435285578444;0.903089986991943;1.84466352824024;3.14608460405843;4.2542925832878;4.39253015068777;4.28588020256065;4.61035400503481;4.93597898202048;4.03929773138387;3.82890753568842;5.05491040235879;3.79853621269151;4.14495141540325;4.24608497988177;3.58493271188774;3.65341842743192;4.11256210180924;4.0084586492562;4.22171297963188;4.53834412237969;3.9443867724375;3.07948047043016;2.94233011372017;3.10234489670439;3.31290682887049;2.91140592315142;2.89255999876967;3.23049615114934;2.63965719851903;3.85216486801159;3.07992614689203;2.98815893707634;3.66964946192881;4.3431839666906;4.56975817077864;4.33202797708344;4.62866151341824;3.78516282478141;4.58912371182732;4.4868514378954;4.69216891683647;3.37905056163788;2.83209444307479;4.50561788521829;3.53975702854426;2.84800066015709;3.92476742236085;3.44299683380665;3.51101002477435;4.17504038364695;3.78621845510159;4.04820219607644;3.33856936219102;2.95244891980085;3.54177339366547;2.321201;1;1;1;1;1;2.684162;1.962471;1.974185;1;2.605249;3.573757;1;1;2.115827;2.075129;2.202079;2.905798;3.361935;3.188445;3.443439;3.323561;3.259124;3.404671
67;2;40;0;1;20000;14000;6;90;1200;4.30102999566398;4.14612803567824;0.778151250383644;1.95424250943932;3.07918124604762;4.2542925832878;3.55774066702523;3.33136848638446;3.626474743356;3.69741969909386;4.03929773138387;2.95864693240493;3.87962946468104;3.79853621269151;4.14495141540325;4.24608497988177;3.58493271188774;3.65341842743192;4.11256210180924;4.0084586492562;4.22171297963188;4.53834412237969;3.9443867724375;3.07948047043016;2.94233011372017;3.10234489670439;3.31290682887049;2.91140592315142;3.53153025530216;3.23049615114934;3.37691315818969;3.85216486801159;3.07992614689203;2.98815893707634;3.66964946192881;4.3431839666906;4.56975817077864;3.46320170746022;3.51973720280498;3.78516282478141;4.58912371182732;4.4868514378954;4.69216891683647;3.37905056163788;2.83209444307479;3.36761859499357;3.53975702854426;2.84800066015709;3.92476742236085;3.44299683380665;3.51101002477435;4.17504038364695;2.94414672725435;4.04820219607644;3.33856936219102;2.95244891980085;3.54177339366547;2.321201;1;1;1;1;1;2.684162;1.962471;1.974185;2.365555;2.605249;3.573757;1;1;2.115827;2.075129;2.202079;2.905798;3.361935;3.188445;3.443439;3.323561;3.259124;3.404671
72;2;45;0;1;6000;6000;1;19.98;399.96;3.77815125038364;3.77815125038364;0;1.30059548388996;2.60201655970815;4.2542925832878;3.55774066702523;3.33136848638446;3.626474743356;3.69741969909386;4.03929773138387;2.95864693240493;3.87962946468104;3.79853621269151;3.1322696687897;4.24608497988177;3.58493271188774;3.65341842743192;5.29577933222649;5.36248453476796;2.44594206680838;2.53115219901003;2.77800192451502;3.07948047043016;2.94233011372017;3.10234489670439;3.31290682887049;2.91140592315142;3.53153025530216;2.36735499135022;2.63965719851903;3.85216486801159;3.07992614689203;3.92188812750499;5.05491040235879;4.3431839666906;3.67009832199333;4.33202797708344;3.51973720280498;5.03556838940938;4.58912371182732;4.4868514378954;3.74795496312159;3.37905056163788;2.83209444307479;4.50561788521829;3.53975702854426;2.84800066015709;3.92476742236085;3.44299683380665;3.51101002477435;4.17504038364695;2.94414672725435;4.04820219607644;3.33856936219102;2.95244891980085;2.78634843669992;2.321201;1;1;1;1;1;2.684162;1.962471;1.974185;2.365555;1;3.573757;1;1;2.115827;2.075129;2.202079;2.905798;3.361935;3.188445;3.443439;3.323561;3.259124;3.404671
60;3;12;1;0;20000;8500;1;60;1400;4.30102999566398;3.92941892571429;0;1.77815125038364;3.14612803567824;3.29930058871261;1;4.28588020256065;3.626474743356;4.93597898202048;3.18003084730744;5.21716840891571;3.07091638978975;5.12622218173134;3.1322696687897;2.58593933232526;2.3523464334854;3.65341842743192;4.11256210180924;4.0084586492562;4.22171297963188;3.60952280611687;2.77800192451502;2.24720222864421;2.13161221186729;2.18716124235017;4.35467318283299;2.91140592315142;2.89255999876967;2.36735499135022;4.55970583625675;2.29963817688237;2.20505496578415;2.18360252716324;2.21240122373237;2.47972427536165;2.5628832159573;2.47541720935374;3.51973720280498;3.78516282478141;4.58912371182732;2.53375234479293;2.76673291161913;2.25494251102376;3.97858642299128;2.2414941394042;3.53975702854426;3.91202946372234;3.92476742236085;2.38080044094893;2.38496754694837;2.36312148816913;2.12896031990924;4.04820219607644;3.33856936219102;1;1;3.400244;1;1;3.030641;1;1;4.253712;3.08235;1;1;2.605249;5.980714;1;1;1;1;3.387267;2.15365;1;3.188445;2.417717;3.323561;3.259124;1
47;4;20;0;1;12000;9000;4;49.92;799.92;4.07918124604762;3.95424250943932;0.602059991327962;1.69827457667437;2.90304655537214;3.29930058871261;3.55774066702523;3.33136848638446;3.626474743356;3.69741969909386;3.18003084730744;2.95864693240493;3.07091638978975;3.02302234443974;4.14495141540325;4.24608497988177;3.58493271188774;3.65341842743192;4.11256210180924;4.0084586492562;4.22171297963188;4.53834412237969;3.9443867724375;4.00874465837667;2.94233011372017;3.10234489670439;2.72067088037479;2.91140592315142;3.53153025530216;3.23049615114934;3.37691315818969;3.07464677227252;3.07992614689203;2.98815893707634;3.66964946192881;3.51548805217588;3.67009832199333;3.46320170746022;3.51973720280498;3.78516282478141;4.58912371182732;4.4868514378954;3.74795496312159;3.37905056163788;2.83209444307479;3.36761859499357;3.53975702854426;2.84800066015709;3.92476742236085;3.44299683380665;3.51101002477435;4.17504038364695;2.94414672725435;4.04820219607644;3.33856936219102;2.95244891980085;2.78634843669992;2.321201;1;1;1;1;1;2.684162;1.962471;1.974185;1;1;3.573757;1;1;2.115827;1;1.81856;2.905798;3.361935;3.188445;3.443439;3.323561;3.259124;3.404671
60;3;30;0;1;15000;9000;6;69.9;799.8;4.17609125905568;3.95424250943932;0.778151250383644;1.84447717574568;2.9029813997975;3.29930058871261;4.39253015068777;3.33136848638446;3.626474743356;3.69741969909386;4.03929773138387;2.95864693240493;3.07091638978975;3.02302234443974;4.14495141540325;4.24608497988177;3.58493271188774;3.65341842743192;4.11256210180924;4.0084586492562;4.22171297963188;4.53834412237969;3.9443867724375;3.07948047043016;2.94233011372017;3.10234489670439;2.72067088037479;2.14572790578305;3.53153025530216;2.36735499135022;3.37691315818969;3.07464677227252;3.07992614689203;2.98815893707634;3.66964946192881;3.51548805217588;3.67009832199333;3.46320170746022;3.51973720280498;3.78516282478141;4.58912371182732;3.52970480242446;3.74795496312159;3.37905056163788;2.83209444307479;3.36761859499357;3.53975702854426;2.84800066015709;3.92476742236085;3.44299683380665;3.51101002477435;4.17504038364695;2.94414672725435;2.86889033290433;3.33856936219102;2.95244891980085;2.78634843669992;1.843951;1;1;1;1;1;2.684162;1.962471;1.974185;2.365555;1;3.573757;1;1;2.115827;2.075129;1.81856;2.905798;3.361935;3.188445;3.443439;3.323561;3.259124;3.404671
80;2;60;0;1;12000;8000;4;39.96;799.92;4.07918124604762;3.90308998699194;0.602059991327962;1.60162547955394;2.90304655537214;3.29930058871261;3.55774066702523;3.33136848638446;3.626474743356;2.22968699326937;3.18003084730744;2.18594503766934;2.23745981113385;2.28323413237892;3.1322696687897;3.46282790718806;3.58493271188774;3.65341842743192;2.41355624326404;2.43247411919635;2.44594206680838;2.53115219901003;3.9443867724375;3.07948047043016;2.94233011372017;3.10234489670439;2.72067088037479;2.91140592315142;2.89255999876967;3.23049615114934;2.63965719851903;3.85216486801159;3.07992614689203;2.98815893707634;3.66964946192881;3.51548805217588;3.67009832199333;3.46320170746022;3.51973720280498;2.8786203527613;3.69916605436049;3.52970480242446;3.74795496312159;3.37905056163788;2.83209444307479;3.36761859499357;3.53975702854426;2.84800066015709;3.92476742236085;3.44299683380665;3.51101002477435;4.17504038364695;2.94414672725435;2.86889033290433;2.22453451561005;2.09080788958823;2.78634843669992;1.843951;1;1;1;1;1;2.684162;1.962471;1.974185;2.365555;1;3.573757;1;1;2.115827;1;1;2.15365;3.361935;3.188445;3.443439;3.323561;3.259124;3.404671
56;4;20;0;1;21000;16000;8;109.83;1399.86;4.32221929473392;4.20411998265592;0.903089986991943;2.04072098360119;3.14608460405843;3.29930058871261;3.55774066702523;3.33136848638446;3.626474743356;2.22968699326937;2.30413729102943;2.18594503766934;2.23745981113385;2.28323413237892;3.1322696687897;3.46282790718806;3.58493271188774;3.65341842743192;3.29561717629922;4.0084586492562;3.39423935463136;3.60952280611687;3.9443867724375;4.00874465837667;2.94233011372017;3.10234489670439;2.08858216452189;2.14572790578305;2.14988140028723;2.36735499135022;2.0216462429411;3.85216486801159;3.07992614689203;3.92188812750499;3.66964946192881;3.51548805217588;3.67009832199333;3.46320170746022;3.51973720280498;2.8786203527613;3.69916605436049;3.52970480242446;3.74795496312159;3.37905056163788;2.83209444307479;3.36761859499357;3.53975702854426;2.84800066015709;3.92476742236085;3.44299683380665;3.51101002477435;4.17504038364695;2.94414672725435;4.04820219607644;3.33856936219102;2.95244891980085;2.78634843669992;1.843951;1;1;1;1;1;2.684162;1.962471;1.974185;2.365555;1;3.573757;1;1;2.115827;1;1;2.15365;3.361935;3.188445;3.443439;3.323561;3.259124;3.404671
60;3;35;0;1;15000;10000;6;60;999.9;4.17609125905568;4;0.778151250383644;1.77815125038364;2.99995656838019;3.29930058871261;3.55774066702523;3.33136848638446;3.626474743356;2.22968699326937;2.30413729102943;2.18594503766934;2.23745981113385;2.28323413237892;3.1322696687897;3.46282790718806;3.58493271188774;3.65341842743192;3.29561717629922;2.43247411919635;3.39423935463136;2.53115219901003;2.77800192451502;2.24720222864421;2.13161221186729;2.18716124235017;2.08858216452189;2.14572790578305;2.14988140028723;2.36735499135022;2.0216462429411;3.07464677227252;3.07992614689203;2.98815893707634;3.66964946192881;3.51548805217588;3.67009832199333;3.46320170746022;3.51973720280498;3.78516282478141;3.69916605436049;3.52970480242446;3.74795496312159;3.37905056163788;2.83209444307479;3.36761859499357;3.53975702854426;2.84800066015709;3.92476742236085;3.44299683380665;3.51101002477435;4.17504038364695;2.94414672725435;2.86889033290433;3.33856936219102;2.95244891980085;2.78634843669992;1;1;1;1.904728;1;2.302462;2.684162;3.08235;1.974185;2.365555;1;3.573757;1;1;2.115827;1;1;2.15365;3.361935;3.188445;3.443439;3.323561;3.259124;3.404671
60;4;30;0;1;12000;9000;4;39.96;799.92;4.07918124604762;3.95424250943932;0.602059991327962;1.60162547955394;2.90304655537214;3.29930058871261;3.55774066702523;3.33136848638446;3.626474743356;3.69741969909386;3.18003084730744;2.95864693240493;3.07091638978975;3.02302234443974;4.14495141540325;4.24608497988177;3.58493271188774;3.65341842743192;3.29561717629922;3.28560161854869;2.44594206680838;4.53834412237969;2.77800192451502;3.07948047043016;2.94233011372017;3.10234489670439;2.08858216452189;2.14572790578305;3.53153025530216;2.36735499135022;3.37691315818969;3.07464677227252;3.07992614689203;2.18360252716324;3.66964946192881;4.3431839666906;3.67009832199333;4.33202797708344;3.51973720280498;3.78516282478141;4.58912371182732;4.4868514378954;4.69216891683647;3.37905056163788;3.97858642299128;3.36761859499357;3.53975702854426;2.84800066015709;3.92476742236085;3.44299683380665;3.51101002477435;4.17504038364695;2.94414672725435;2.86889033290433;3.33856936219102;2.95244891980085;2.78634843669992;1.843951;1;1;1.904728;1;1;2.684162;1.962471;1.974185;2.365555;1;3.573757;1;1;2.115827;1;1.81856;2.905798;3.361935;3.188445;3.443439;3.323561;3.259124;3.404671
50;3;15;0;1;6000;7000;4;19.98;399.96;3.77815125038364;3.84509804001426;0.602059991327962;1.30059548388996;2.60201655970815;3.29930058871261;3.55774066702523;3.33136848638446;3.626474743356;2.22968699326937;2.30413729102943;2.18594503766934;2.23745981113385;2.28323413237892;3.1322696687897;3.46282790718806;3.58493271188774;3.65341842743192;4.11256210180924;4.0084586492562;4.22171297963188;4.53834412237969;1.9698178204238;2.24720222864421;2.94233011372017;3.10234489670439;2.08858216452189;2.14572790578305;2.14988140028723;2.36735499135022;2.63965719851903;3.07464677227252;3.07992614689203;2.18360252716324;3.66964946192881;3.51548805217588;3.67009832199333;3.46320170746022;3.51973720280498;2.8786203527613;3.69916605436049;3.52970480242446;3.74795496312159;3.37905056163788;2.83209444307479;3.36761859499357;3.53975702854426;2.84800066015709;3.92476742236085;3.44299683380665;3.51101002477435;4.17504038364695;2.94414672725435;2.86889033290433;2.22453451561005;2.09080788958823;2.78634843669992;1.843951;1;1;1.904728;1;1;2.684162;1.962471;1.974185;2.365555;1;3.573757;1;1;2.115827;1;1;2.15365;3.361935;3.188445;3.443439;3.323561;3.259124;3.404671
45;3;10;1;0;10000;6500;6;22.5;650;4;3.81291335664286;0.778151250383644;1.35218251811136;2.81291335664286;2.28225546322899;2.54320250946164;2.30953238350105;2.52124561291124;2.94461110793176;2.30413729102943;3.82890753568842;3.07091638978975;3.02302234443974;4.14495141540325;2.58593933232526;2.3523464334854;2.43959482877361;4.11256210180924;4.0084586492562;4.22171297963188;3.60952280611687;3.9443867724375;3.07948047043016;2.94233011372017;3.10234489670439;4.35467318283299;2.91140592315142;2.14988140028723;2.36735499135022;3.37691315818969;2.29963817688237;2.20505496578415;2.18360252716324;2.21240122373237;2.47972427536165;2.5628832159573;2.47541720935374;2.36706545328246;3.78516282478141;4.58912371182732;2.53375234479293;2.76673291161913;2.25494251102376;3.97858642299128;2.2414941394042;3.53975702854426;3.91202946372234;3.92476742236085;2.38080044094893;2.38496754694837;2.36312148816913;2.12896031990924;4.04820219607644;3.33856936219102;1;1;3.400244;1;1;1;1;2.302462;4.253712;3.08235;1;1;2.605249;3.573757;1;1;1;1;2.202079;2.15365;3.361935;3.188445;2.417717;3.323561;3.259124;3.404671
58;3;20;1;0;10000;8000;6;17.5;650;4;3.90308998699194;0.778151250383644;1.24303804868629;2.81291335664286;2.28225546322899;2.54320250946164;2.30953238350105;2.52124561291124;2.94461110793176;2.30413729102943;3.82890753568842;3.07091638978975;3.02302234443974;4.14495141540325;2.58593933232526;2.3523464334854;2.43959482877361;4.11256210180924;4.0084586492562;4.22171297963188;3.60952280611687;3.9443867724375;4.00874465837667;3.85267436368364;3.10234489670439;4.35467318283299;2.91140592315142;2.14988140028723;4.46885109526007;3.37691315818969;2.29963817688237;2.20505496578415;2.18360252716324;2.21240122373237;2.47972427536165;2.5628832159573;2.47541720935374;2.36706545328246;3.78516282478141;4.58912371182732;2.53375234479293;2.76673291161913;2.25494251102376;3.97858642299128;2.2414941394042;3.53975702854426;3.91202946372234;3.92476742236085;2.38080044094893;2.38496754694837;2.36312148816913;2.12896031990924;4.04820219607644;3.33856936219102;1;1;3.400244;1;1;1;1;2.302462;4.253712;3.08235;1;1;2.605249;3.573757;1;1;1;1;2.202079;2.15365;3.361935;4.700008;2.417717;3.323561;3.259124;4.938916
64;4;25;1;0;10000;7500;7;30;650;4;3.8750612633917;0.845098040014257;1.47712125471966;2.81291335664286;2.28225546322899;2.54320250946164;2.30953238350105;2.52124561291124;2.94461110793176;2.30413729102943;3.82890753568842;3.07091638978975;3.02302234443974;4.14495141540325;2.58593933232526;2.3523464334854;2.43959482877361;4.11256210180924;4.0084586492562;4.22171297963188;3.60952280611687;3.9443867724375;3.07948047043016;2.94233011372017;3.10234489670439;4.35467318283299;2.91140592315142;2.14988140028723;4.46885109526007;3.37691315818969;2.29963817688237;2.20505496578415;2.18360252716324;2.21240122373237;2.47972427536165;2.5628832159573;2.47541720935374;2.36706545328246;3.78516282478141;4.58912371182732;2.53375234479293;2.76673291161913;2.25494251102376;3.97858642299128;2.2414941394042;3.53975702854426;3.91202946372234;3.92476742236085;2.38080044094893;2.38496754694837;2.36312148816913;2.12896031990924;4.04820219607644;3.33856936219102;1;1;3.400244;1;1;1;1;2.302462;4.253712;1;1;1;2.605249;3.573757;1;1;1;1;3.387267;1;1;3.188445;2.417717;4.813473;3.259124;1
50;2;20;0;1;9000;5400;1;39.96;399.96;3.95424250943932;3.73239375982297;0;1.60162547955394;2.60201655970815;4.2542925832878;4.39253015068777;3.33136848638446;4.61035400503481;3.69741969909386;4.03929773138387;3.82890753568842;3.87962946468104;3.79853621269151;3.1322696687897;3.46282790718806;3.58493271188774;3.65341842743192;4.11256210180924;4.0084586492562;4.22171297963188;4.53834412237969;3.9443867724375;5.72490556309278;3.85267436368364;4.05885410729385;3.31290682887049;2.91140592315142;3.53153025530216;3.23049615114934;3.37691315818969;3.85216486801159;4.0015310262084;3.92188812750499;2.89397811126238;4.3431839666906;3.67009832199333;4.33202797708344;3.51973720280498;3.78516282478141;4.58912371182732;3.52970480242446;4.69216891683647;3.37905056163788;2.83209444307479;3.36761859499357;3.53975702854426;2.84800066015709;3.92476742236085;4.50997328650962;4.43048894484358;5.39937960045806;3.78621845510159;4.04820219607644;3.33856936219102;3.85472420956226;3.54177339366547;2.684574;1;1;1;3.357787;3.79577;2.684162;1.962471;4.877953;4.052864;2.605249;3.573757;1;1;3.76995;2.075129;2.202079;3.431807;3.361935;3.188445;3.443439;3.323561;3.259124;3.404671
68;2;40;0;1;20000;10000;4;70;1200;4.30102999566398;4;0.602059991327962;1.84509804001426;3.07918124604762;4.2542925832878;4.39253015068777;4.28588020256065;3.626474743356;3.69741969909386;4.03929773138387;3.82890753568842;3.87962946468104;3.79853621269151;3.1322696687897;3.46282790718806;3.58493271188774;3.65341842743192;4.11256210180924;4.0084586492562;4.22171297963188;4.53834412237969;3.9443867724375;4.00874465837667;5.36879935902471;5.56204669075476;3.31290682887049;3.50907770710191;3.53153025530216;3.66615203712211;3.37691315818969;3.85216486801159;4.0015310262084;3.92188812750499;2.89397811126238;4.3431839666906;4.56975817077864;4.33202797708344;3.51973720280498;3.78516282478141;4.58912371182732;4.4868514378954;4.69216891683647;3.37905056163788;3.97858642299128;4.50561788521829;3.53975702854426;2.84800066015709;3.92476742236085;4.50997328650962;4.43048894484358;5.39937960045806;3.78621845510159;4.04820219607644;3.33856936219102;3.85472420956226;3.54177339366547;3.400244;1;1;1;2.552228;3.79577;2.684162;1.962471;4.877953;4.052864;2.605249;3.573757;1;1;3.76995;2.859918;3.387267;4.118641;3.361935;3.188445;4.628745;3.323561;3.259124;3.404671
58;3;15;1;0;10000;5500;1;17.5;650;4;3.74036268949424;0;1.24303804868629;2.81291335664286;3.29930058871261;2.54320250946164;4.28588020256065;3.626474743356;2.22968699326937;3.18003084730744;3.82890753568842;3.07091638978975;3.79853621269151;4.14495141540325;2.58593933232526;3.58493271188774;3.65341842743192;4.11256210180924;4.0084586492562;4.22171297963188;3.60952280611687;2.77800192451502;2.24720222864421;2.13161221186729;2.18716124235017;4.35467318283299;2.91140592315142;2.89255999876967;4.46885109526007;3.37691315818969;2.29963817688237;2.20505496578415;2.18360252716324;2.21240122373237;2.47972427536165;2.5628832159573;3.46320170746022;3.51973720280498;3.78516282478141;4.58912371182732;2.53375234479293;2.76673291161913;2.25494251102376;3.97858642299128;2.2414941394042;3.53975702854426;3.91202946372234;3.92476742236085;2.38080044094893;2.38496754694837;2.36312148816913;2.12896031990924;4.04820219607644;3.33856936219102;1;1;3.400244;1;1;1;1;1;4.253712;1;1;1;2.605249;3.573757;1;1;1;1;2.671424;2.15365;5.086402;4.700008;3.443439;3.323561;3.259124;4.938916
58;3;20;1;0;20000;9000;1;75;1400;4.30102999566398;3.95424250943932;0;1.8750612633917;3.14612803567824;3.29930058871261;2.54320250946164;4.28588020256065;3.626474743356;2.22968699326937;3.18003084730744;3.82890753568842;3.07091638978975;3.79853621269151;4.14495141540325;2.58593933232526;3.58493271188774;3.65341842743192;4.11256210180924;4.0084586492562;4.22171297963188;3.60952280611687;2.77800192451502;2.24720222864421;2.13161221186729;3.10234489670439;4.35467318283299;2.91140592315142;2.89255999876967;3.66615203712211;3.37691315818969;2.29963817688237;2.20505496578415;2.18360252716324;2.21240122373237;2.47972427536165;2.5628832159573;3.46320170746022;3.51973720280498;3.78516282478141;4.58912371182732;3.52970480242446;2.76673291161913;2.25494251102376;3.97858642299128;2.2414941394042;3.53975702854426;3.91202946372234;3.92476742236085;2.38080044094893;2.38496754694837;2.36312148816913;2.12896031990924;4.04820219607644;3.33856936219102;1;1;3.400244;1;1;1;1;2.302462;4.253712;3.08235;1;1;2.605249;3.573757;1;1;1;1;1;2.15365;3.361935;3.188445;2.417717;3.323561;3.259124;3.404671
51;4;10;1;0;10000;6000;1;32.5;650;4;3.77815125038364;0;1.51188336097887;2.81291335664286;3.29930058871261;2.54320250946164;4.28588020256065;3.626474743356;3.69741969909386;4.03929773138387;3.82890753568842;3.07091638978975;3.79853621269151;4.14495141540325;2.58593933232526;3.58493271188774;3.65341842743192;4.11256210180924;2.43247411919635;2.44594206680838;3.60952280611687;3.9443867724375;2.24720222864421;2.13161221186729;2.18716124235017;4.35467318283299;2.91140592315142;2.89255999876967;4.46885109526007;3.37691315818969;2.29963817688237;2.20505496578415;2.18360252716324;2.21240122373237;2.47972427536165;2.5628832159573;3.46320170746022;3.51973720280498;3.78516282478141;4.58912371182732;2.53375234479293;2.76673291161913;2.25494251102376;3.97858642299128;2.2414941394042;3.53975702854426;3.91202946372234;3.92476742236085;2.38080044094893;2.38496754694837;2.36312148816913;2.12896031990924;4.04820219607644;3.33856936219102;2.09080788958823;2.03467826156653;3.400244;1;1;1;1;2.302462;4.253712;3.08235;1;1;2.605249;3.573757;1;1;1;1;2.671424;1;3.361935;3.188445;3.443439;3.323561;3.259124;3.404671
48;3;5;1;0;5000;3500;1;8.75;300;3.69897000433602;3.54406804435028;0;0.942008053022313;2.47712125471966;3.29930058871261;2.54320250946164;4.28588020256065;3.626474743356;2.22968699326937;3.18003084730744;3.82890753568842;3.07091638978975;3.79853621269151;4.14495141540325;2.58593933232526;3.58493271188774;3.65341842743192;4.11256210180924;4.0084586492562;4.22171297963188;3.60952280611687;2.77800192451502;2.24720222864421;2.13161221186729;2.18716124235017;4.35467318283299;2.91140592315142;2.89255999876967;2.36735499135022;3.37691315818969;2.29963817688237;2.20505496578415;2.18360252716324;2.21240122373237;2.47972427536165;2.5628832159573;3.46320170746022;3.51973720280498;3.78516282478141;4.58912371182732;3.52970480242446;2.76673291161913;2.25494251102376;3.97858642299128;2.2414941394042;3.53975702854426;3.91202946372234;3.92476742236085;2.38080044094893;2.38496754694837;2.36312148816913;2.12896031990924;4.04820219607644;3.33856936219102;1;1;3.400244;1;1;3.030641;1;2.302462;4.253712;3.08235;1;1;2.605249;3.573757;1;1;1;1;2.202079;2.15365;1;3.188445;2.417717;3.323561;3.259124;1
65;4;20;1;0;10000;5900;1;32.5;650;4;3.77085201164214;0;1.51188336097887;2.81291335664286;2.28225546322899;2.54320250946164;2.30953238350105;2.52124561291124;2.94461110793176;2.30413729102943;3.82890753568842;3.07091638978975;3.02302234443974;4.14495141540325;2.58593933232526;2.3523464334854;2.43959482877361;4.11256210180924;4.0084586492562;4.22171297963188;3.60952280611687;2.77800192451502;2.24720222864421;2.13161221186729;3.10234489670439;4.35467318283299;2.91140592315142;2.14988140028723;2.36735499135022;3.37691315818969;2.29963817688237;2.20505496578415;2.18360252716324;2.21240122373237;2.47972427536165;2.5628832159573;3.46320170746022;3.51973720280498;3.78516282478141;4.58912371182732;2.53375234479293;2.76673291161913;2.25494251102376;3.97858642299128;2.2414941394042;3.53975702854426;3.91202946372234;3.92476742236085;2.38080044094893;2.38496754694837;2.36312148816913;2.12896031990924;4.04820219607644;3.33856936219102;2.95244891980085;1;3.400244;1;1;1;1;2.302462;4.253712;3.08235;1;1;2.605249;1;1;2.34137;1;1;3.387267;2.15365;2.000073;4.700008;2.417717;4.813473;3.259124;1
53;4;10;1;0;10000;5900;1;27;650;4;3.77085201164214;0;1.43136376415899;2.81291335664286;3.29930058871261;2.54320250946164;3.33136848638446;2.52124561291124;2.22968699326937;2.30413729102943;2.18594503766934;2.23745981113385;2.28323413237892;3.1322696687897;2.58593933232526;3.58493271188774;2.43959482877361;3.29561717629922;2.43247411919635;2.44594206680838;2.53115219901003;2.77800192451502;2.24720222864421;2.13161221186729;2.18716124235017;2.08858216452189;2.14572790578305;2.14988140028723;2.36735499135022;2.0216462429411;2.29963817688237;2.20505496578415;2.18360252716324;2.21240122373237;2.47972427536165;2.5628832159573;2.47541720935374;2.36706545328246;2.8786203527613;3.69916605436049;4.4868514378954;2.76673291161913;4.45417645067644;1.96722096956597;2.2414941394042;2.20635182314303;1.97578381159481;3.92476742236085;2.38080044094893;2.38496754694837;2.36312148816913;2.12896031990924;2.86889033290433;2.22453451561005;1;1;3.400244;1;1;1;1;2.302462;4.253712;3.08235;1;1;2.605249;1.878815;1;1;1;1;1;1;2.000073;3.188445;2.417717;3.323561;3.259124;1.937957
40;2;8;1;0;10000;5500;1;32.5;500;4;3.74036268949424;0;1.51188336097887;2.69897000433602;3.29930058871261;2.54320250946164;3.33136848638446;2.52124561291124;2.22968699326937;2.30413729102943;2.18594503766934;2.23745981113385;2.28323413237892;3.1322696687897;2.58593933232526;3.58493271188774;2.43959482877361;3.29561717629922;2.43247411919635;3.39423935463136;2.53115219901003;2.77800192451502;2.24720222864421;2.13161221186729;2.18716124235017;2.08858216452189;2.14572790578305;2.14988140028723;2.36735499135022;2.0216462429411;2.29963817688237;2.20505496578415;2.18360252716324;2.21240122373237;2.47972427536165;2.5628832159573;2.47541720935374;2.36706545328246;2.8786203527613;3.69916605436049;4.4868514378954;2.76673291161913;2.25494251102376;3.97858642299128;3.36761859499357;3.53975702854426;3.91202946372234;3.92476742236085;2.38080044094893;2.38496754694837;2.36312148816913;2.12896031990924;2.86889033290433;2.22453451561005;1;1;3.400244;1;1;3.030641;1;2.302462;4.253712;3.08235;1;1;2.605249;1;1;1;1;2.075129;1;1;2.000073;3.188445;2.417717;4.813473;3.259124;3.404671
70;1;48;1;0;5000;2700;1;10;225;3.69897000433602;3.43136376415899;0;1;2.35218251811136;3.29930058871261;2.54320250946164;3.33136848638446;2.52124561291124;2.22968699326937;2.30413729102943;2.18594503766934;2.23745981113385;2.28323413237892;3.1322696687897;2.58593933232526;3.58493271188774;2.43959482877361;3.29561717629922;2.43247411919635;2.44594206680838;2.53115219901003;2.77800192451502;2.24720222864421;2.13161221186729;2.18716124235017;2.08858216452189;2.14572790578305;2.14988140028723;2.36735499135022;2.0216462429411;2.29963817688237;2.20505496578415;2.18360252716324;2.21240122373237;2.47972427536165;2.5628832159573;2.47541720935374;2.36706545328246;2.8786203527613;3.69916605436049;4.4868514378954;2.76673291161913;2.25494251102376;3.97858642299128;3.36761859499357;3.53975702854426;3.91202946372234;3.92476742236085;2.38080044094893;2.38496754694837;2.36312148816913;2.12896031990924;2.86889033290433;2.22453451561005;1;1;3.400244;1;1;1;1;2.302462;4.253712;3.08235;2.718569;1;2.605249;3.573757;1;1;1;1;1;1;3.361935;1.588768;2.417717;3.323561;3.259124;3.404671
35;4;8;1;0;10000;8100;1;34;550;4;3.90848501887865;0;1.53147891704226;2.74036268949424;3.29930058871261;2.54320250946164;3.33136848638446;2.52124561291124;2.22968699326937;2.30413729102943;2.18594503766934;2.23745981113385;2.28323413237892;3.1322696687897;2.58593933232526;3.58493271188774;2.43959482877361;2.41355624326404;2.43247411919635;2.44594206680838;2.53115219901003;2.77800192451502;2.24720222864421;2.13161221186729;2.18716124235017;2.08858216452189;2.14572790578305;2.14988140028723;2.36735499135022;2.0216462429411;2.29963817688237;2.20505496578415;2.18360252716324;2.21240122373237;2.47972427536165;2.5628832159573;2.47541720935374;2.36706545328246;2.8786203527613;3.69916605436049;4.4868514378954;2.76673291161913;2.25494251102376;3.97858642299128;3.36761859499357;3.53975702854426;1.97578381159481;2.33353972899358;4.50997328650962;3.51101002477435;3.32671046779238;3.78621845510159;4.04820219607644;2.22453451561005;2.09080788958823;2.03467826156653;3.400244;1;1;1;1;2.302462;4.253712;3.08235;1;1;2.605249;3.573757;1;1;3.76995;1;1;1;3.361935;3.188445;2.417717;3.323561;3.259124;3.404671
35;4;5;1;0;20000;10900;1;60;1800;4.30102999566398;4.03742649794062;0;1.77815125038364;3.25527250510331;3.29930058871261;2.54320250946164;3.33136848638446;2.52124561291124;2.22968699326937;2.30413729102943;2.18594503766934;2.23745981113385;2.28323413237892;3.1322696687897;2.58593933232526;3.58493271188774;2.43959482877361;2.41355624326404;2.43247411919635;2.44594206680838;2.53115219901003;2.77800192451502;2.24720222864421;2.13161221186729;2.18716124235017;2.72067088037479;2.14572790578305;2.14988140028723;2.36735499135022;2.0216462429411;2.29963817688237;2.20505496578415;2.18360252716324;2.21240122373237;2.47972427536165;2.5628832159573;2.47541720935374;2.36706545328246;2.8786203527613;3.69916605436049;4.4868514378954;2.76673291161913;2.25494251102376;3.97858642299128;3.36761859499357;3.53975702854426;3.91202946372234;3.92476742236085;2.38080044094893;2.38496754694837;2.36312148816913;2.12896031990924;2.86889033290433;2.22453451561005;1;1;3.400244;1;1;1;1;2.302462;4.253712;3.08235;1;1;2.605249;1;1;1;1;1;1;1;1;3.188445;2.417717;3.323561;3.259124;3.404671
50;4;15;1;0;20000;11500;1;74;1500;4.30102999566398;4.06069784035361;0;1.86923171973098;3.17609125905568;3.29930058871261;2.54320250946164;3.33136848638446;2.52124561291124;2.22968699326937;2.30413729102943;2.18594503766934;2.23745981113385;2.28323413237892;3.1322696687897;2.58593933232526;3.58493271188774;2.43959482877361;4.11256210180924;4.0084586492562;4.22171297963188;3.60952280611687;2.77800192451502;2.24720222864421;2.13161221186729;2.18716124235017;2.08858216452189;2.14572790578305;2.14988140028723;2.36735499135022;2.0216462429411;2.29963817688237;2.20505496578415;2.18360252716324;2.21240122373237;2.47972427536165;2.5628832159573;2.47541720935374;2.36706545328246;2.8786203527613;3.69916605436049;4.4868514378954;2.76673291161913;2.25494251102376;3.97858642299128;3.36761859499357;3.53975702854426;3.91202946372234;3.92476742236085;2.38080044094893;2.38496754694837;2.36312148816913;2.12896031990924;2.86889033290433;2.22453451561005;1;1;3.400244;1;1;1;1;2.302462;4.253712;3.08235;1;1;2.605249;3.573757;1;1;1;2.075129;1;1;3.361935;3.188445;2.417717;3.323561;3.259124;3.404671
69;2;40;1;0;20000;11200;1;65;1100;4.30102999566398;4.04921802267018;0;1.81291335664286;3.04139268515822;3.29930058871261;2.54320250946164;3.33136848638446;2.52124561291124;2.22968699326937;2.30413729102943;2.18594503766934;2.23745981113385;2.28323413237892;3.1322696687897;2.58593933232526;3.58493271188774;2.43959482877361;4.11256210180924;4.0084586492562;4.22171297963188;3.60952280611687;2.77800192451502;2.24720222864421;2.13161221186729;2.18716124235017;2.08858216452189;2.14572790578305;2.14988140028723;2.36735499135022;2.0216462429411;2.29963817688237;2.20505496578415;2.18360252716324;2.21240122373237;2.47972427536165;2.5628832159573;2.47541720935374;2.36706545328246;2.8786203527613;3.69916605436049;4.4868514378954;2.76673291161913;2.25494251102376;3.97858642299128;3.36761859499357;3.53975702854426;3.91202946372234;3.92476742236085;2.38080044094893;2.38496754694837;2.36312148816913;2.12896031990924;4.04820219607644;3.33856936219102;1;1;3.400244;1;1;3.030641;1;2.302462;4.253712;3.08235;1;1;2.605249;3.573757;1;1;1;1;1;1;3.361935;3.188445;2.417717;3.323561;3.259124;3.404671
50;3;20;1;0;5000;4100;1;10;225;3.69897000433602;3.61278385671974;0;1;2.35218251811136;3.29930058871261;2.54320250946164;3.33136848638446;2.52124561291124;2.22968699326937;2.30413729102943;2.18594503766934;2.23745981113385;2.28323413237892;3.1322696687897;2.58593933232526;3.58493271188774;2.43959482877361;3.29561717629922;2.43247411919635;2.44594206680838;2.53115219901003;2.77800192451502;2.24720222864421;2.13161221186729;2.18716124235017;2.08858216452189;2.14572790578305;2.14988140028723;2.36735499135022;2.0216462429411;2.29963817688237;2.20505496578415;2.18360252716324;2.21240122373237;2.47972427536165;2.5628832159573;2.47541720935374;2.36706545328246;2.8786203527613;3.69916605436049;4.4868514378954;2.76673291161913;2.25494251102376;3.97858642299128;3.36761859499357;3.53975702854426;3.91202946372234;3.92476742236085;2.38080044094893;2.38496754694837;2.36312148816913;2.12896031990924;2.86889033290433;2.22453451561005;1;1;3.400244;1;1;1;1;2.302462;4.253712;3.08235;2.718569;1;2.605249;3.573757;1;1;1;1;1;1;3.361935;3.188445;2.417717;3.323561;3.259124;3.404671
65;2;30;1;0;20000;14800;1;74;1500;4.30102999566398;4.17026171539496;0;1.86923171973098;3.17609125905568;3.29930058871261;2.54320250946164;3.33136848638446;2.52124561291124;2.94461110793176;2.30413729102943;2.18594503766934;2.23745981113385;2.28323413237892;3.1322696687897;2.58593933232526;3.58493271188774;2.43959482877361;2.41355624326404;2.43247411919635;2.44594206680838;2.53115219901003;2.77800192451502;2.24720222864421;2.13161221186729;2.18716124235017;2.08858216452189;2.14572790578305;2.14988140028723;2.36735499135022;3.37691315818969;2.29963817688237;2.20505496578415;2.18360252716324;2.21240122373237;2.47972427536165;2.5628832159573;2.47541720935374;2.36706545328246;3.78516282478141;2.75680720075089;2.53375234479293;2.76673291161913;3.37905056163788;2.83209444307479;4.50561788521829;2.20635182314303;3.91202946372234;2.33353972899358;4.50997328650962;3.51101002477435;3.32671046779238;3.78621845510159;4.04820219607644;2.22453451561005;1;1;3.400244;1;1;1;1;2.302462;4.253712;3.08235;2.718569;1;2.605249;3.573757;1;1;1;1;1;2.15365;3.361935;3.188445;1;3.323561;3.259124;3.404671
55;2;20;1;0;20000;14800;1;74;1500;4.30102999566398;4.17026171539496;0;1.86923171973098;3.17609125905568;3.29930058871261;2.54320250946164;3.33136848638446;2.52124561291124;2.94461110793176;2.30413729102943;2.18594503766934;2.23745981113385;2.28323413237892;3.1322696687897;2.58593933232526;3.58493271188774;2.43959482877361;2.41355624326404;2.43247411919635;2.44594206680838;2.53115219901003;2.77800192451502;2.24720222864421;2.13161221186729;2.18716124235017;2.08858216452189;2.14572790578305;2.14988140028723;2.36735499135022;2.0216462429411;2.29963817688237;2.20505496578415;2.18360252716324;2.21240122373237;2.47972427536165;2.5628832159573;2.47541720935374;2.36706545328246;3.78516282478141;2.75680720075089;2.53375234479293;2.76673291161913;3.37905056163788;2.83209444307479;4.50561788521829;2.20635182314303;3.91202946372234;2.33353972899358;4.50997328650962;3.51101002477435;3.32671046779238;3.78621845510159;4.04820219607644;2.22453451561005;1;1;1;1;1;1;1;2.302462;4.253712;3.08235;2.718569;1;1;3.573757;1;1;1;1;1;1;3.361935;3.188445;2.417717;3.323561;3.259124;3.404671
60;3;30;1;0;10000;8400;1;37;650;4;3.92427928606188;0;1.56820172406699;2.81291335664286;3.29930058871261;2.54320250946164;3.33136848638446;2.52124561291124;2.94461110793176;2.30413729102943;2.18594503766934;2.23745981113385;2.28323413237892;3.1322696687897;2.58593933232526;3.58493271188774;2.43959482877361;4.11256210180924;4.0084586492562;4.22171297963188;4.53834412237969;2.77800192451502;2.24720222864421;2.13161221186729;2.18716124235017;2.08858216452189;2.14572790578305;2.14988140028723;2.36735499135022;2.63965719851903;2.29963817688237;2.20505496578415;2.18360252716324;2.21240122373237;2.47972427536165;2.5628832159573;2.47541720935374;2.36706545328246;3.78516282478141;2.75680720075089;2.53375234479293;2.76673291161913;3.37905056163788;2.83209444307479;4.50561788521829;2.20635182314303;3.91202946372234;2.33353972899358;4.50997328650962;3.51101002477435;3.32671046779238;3.78621845510159;4.04820219607644;2.22453451561005;1;1;3.400244;1;1;1;1;2.302462;4.253712;3.08235;2.718569;1;2.605249;3.573757;1;1;1;1;1;1;3.361935;3.188445;2.417717;3.323561;3.259124;3.404671
40;3;15;1;0;5000;3800;1;30;175;3.69897000433602;3.57978359661681;0;1.47712125471966;2.24303804868629;3.29930058871261;2.54320250946164;3.33136848638446;2.52124561291124;2.94461110793176;2.30413729102943;2.18594503766934;2.23745981113385;2.28323413237892;3.1322696687897;2.58593933232526;3.58493271188774;2.43959482877361;3.29561717629922;2.43247411919635;2.44594206680838;2.53115219901003;2.77800192451502;2.24720222864421;2.13161221186729;2.18716124235017;2.08858216452189;2.14572790578305;2.14988140028723;2.36735499135022;2.63965719851903;2.29963817688237;2.20505496578415;2.18360252716324;2.21240122373237;2.47972427536165;2.5628832159573;2.47541720935374;2.36706545328246;3.78516282478141;2.75680720075089;2.53375234479293;2.76673291161913;3.37905056163788;2.83209444307479;4.50561788521829;2.20635182314303;3.91202946372234;2.33353972899358;4.50997328650962;3.51101002477435;3.32671046779238;3.78621845510159;4.04820219607644;2.22453451561005;1;1;3.400244;1;1;1;1;2.302462;4.253712;3.08235;2.718569;1;2.605249;3.573757;1;1;1;1;1;1;3.361935;3.188445;2.417717;3.323561;3.259124;3.404671
54;4;15;1;0;10000;5900;1;30;650;4;3.77085201164214;0;1.47712125471966;2.81291335664286;3.29930058871261;2.54320250946164;3.33136848638446;2.52124561291124;2.94461110793176;2.30413729102943;2.18594503766934;2.23745981113385;2.28323413237892;3.1322696687897;2.58593933232526;3.58493271188774;2.43959482877361;4.11256210180924;4.0084586492562;4.22171297963188;3.60952280611687;2.77800192451502;2.24720222864421;2.13161221186729;2.18716124235017;2.08858216452189;2.14572790578305;2.14988140028723;2.36735499135022;2.0216462429411;3.07464677227252;2.20505496578415;2.18360252716324;2.21240122373237;2.47972427536165;2.5628832159573;2.47541720935374;3.51973720280498;2.12433991095465;2.75680720075089;2.53375234479293;2.76673291161913;3.37905056163788;2.83209444307479;4.50561788521829;2.20635182314303;3.91202946372234;2.33353972899358;4.50997328650962;3.51101002477435;3.32671046779238;3.78621845510159;4.04820219607644;2.22453451561005;1;1;3.400244;1;1;1;1;2.302462;4.253712;3.08235;2.718569;1;2.605249;3.573757;1;1;1;1;1;1;3.361935;3.188445;2.417717;3.323561;3.259124;3.404671
68;2;30;1;0;5000;5900;1;15;325;3.69897000433602;3.77085201164214;0;1.17609125905568;2.51188336097887;3.29930058871261;2.54320250946164;3.33136848638446;2.52124561291124;2.94461110793176;2.30413729102943;2.18594503766934;2.23745981113385;2.28323413237892;3.1322696687897;2.58593933232526;3.58493271188774;2.43959482877361;3.29561717629922;2.43247411919635;2.44594206680838;2.53115219901003;2.77800192451502;2.24720222864421;2.13161221186729;2.18716124235017;2.08858216452189;2.14572790578305;2.14988140028723;2.36735499135022;2.0216462429411;3.07464677227252;2.20505496578415;2.18360252716324;2.21240122373237;2.47972427536165;2.5628832159573;2.47541720935374;3.51973720280498;2.12433991095465;2.75680720075089;2.53375234479293;2.76673291161913;3.37905056163788;2.83209444307479;4.50561788521829;2.20635182314303;3.91202946372234;2.33353972899358;4.50997328650962;3.51101002477435;3.32671046779238;3.78621845510159;4.04820219607644;2.22453451561005;1;1;1;1;1;1;1;2.302462;4.253712;3.08235;2.718569;1;2.605249;3.573757;1;1;1;2.075129;1;1;3.361935;3.188445;2.417717;3.323561;3.259124;3.404671
45;3;8;1;0;10000;8200;1;32;650;4;3.91381385238372;0;1.50514997831991;2.81291335664286;3.29930058871261;2.54320250946164;3.33136848638446;2.52124561291124;2.94461110793176;2.30413729102943;2.18594503766934;2.23745981113385;2.28323413237892;3.1322696687897;2.58593933232526;3.58493271188774;2.43959482877361;2.41355624326404;2.43247411919635;2.44594206680838;2.53115219901003;2.77800192451502;2.24720222864421;2.13161221186729;2.18716124235017;2.08858216452189;2.14572790578305;2.14988140028723;2.36735499135022;2.0216462429411;3.07464677227252;2.20505496578415;2.18360252716324;2.21240122373237;2.47972427536165;2.5628832159573;2.47541720935374;3.51973720280498;2.12433991095465;2.75680720075089;2.53375234479293;2.76673291161913;3.37905056163788;2.83209444307479;4.50561788521829;2.20635182314303;3.91202946372234;2.33353972899358;4.50997328650962;3.51101002477435;3.32671046779238;3.78621845510159;4.04820219607644;2.22453451561005;1;1;1;1;1;1;1;2.302462;4.253712;3.08235;2.718569;1;2.605249;3.573757;1;1;1;2.075129;1;1;3.361935;3.188445;2.417717;3.323561;3.259124;3.404671
45;3;20;1;0;20000;11500;1;74;1500;4.30102999566398;4.06069784035361;0;1.86923171973098;3.17609125905568;3.29930058871261;2.54320250946164;3.33136848638446;2.52124561291124;2.94461110793176;2.30413729102943;2.18594503766934;2.23745981113385;2.28323413237892;3.1322696687897;2.58593933232526;3.58493271188774;2.43959482877361;3.29561717629922;2.43247411919635;2.44594206680838;2.53115219901003;2.77800192451502;2.24720222864421;2.13161221186729;2.18716124235017;2.08858216452189;2.14572790578305;2.14988140028723;2.36735499135022;2.0216462429411;3.07464677227252;2.20505496578415;2.18360252716324;2.21240122373237;2.47972427536165;2.5628832159573;2.47541720935374;3.51973720280498;2.12433991095465;2.75680720075089;2.53375234479293;2.76673291161913;3.37905056163788;2.83209444307479;4.50561788521829;2.20635182314303;3.91202946372234;2.33353972899358;4.50997328650962;3.51101002477435;3.32671046779238;3.78621845510159;4.04820219607644;2.22453451561005;1;1;1;1;1;1;1;2.302462;4.253712;3.08235;2.718569;1;2.605249;3.573757;1;1;1;1;1;1;3.361935;3.188445;2.417717;3.323561;3.259124;3.404671
55;4;30;1;0;10000;8000;1;30;550;4;3.90308998699194;0;1.47712125471966;2.74036268949424;3.29930058871261;2.54320250946164;4.28588020256065;3.626474743356;2.22968699326937;3.18003084730744;3.82890753568842;3.07091638978975;3.79853621269151;3.1322696687897;2.58593933232526;3.58493271188774;3.65341842743192;4.11256210180924;4.0084586492562;4.22171297963188;3.60952280611687;3.9443867724375;4.00874465837667;3.85267436368364;3.10234489670439;4.35467318283299;2.91140592315142;2.89255999876967;4.46885109526007;3.37691315818969;2.29963817688237;2.20505496578415;2.18360252716324;2.21240122373237;2.47972427536165;2.5628832159573;3.46320170746022;3.51973720280498;3.78516282478141;2.75680720075089;2.53375234479293;2.76673291161913;2.25494251102376;3.97858642299128;2.2414941394042;3.53975702854426;3.91202946372234;3.92476742236085;2.38080044094893;2.38496754694837;2.36312148816913;2.12896031990924;4.04820219607644;3.33856936219102;1;1;3.400244;1;1;1;1;2.302462;4.253712;3.08235;1;1;2.605249;3.573757;1;1;1;1;2.671424;2.15365;3.361935;3.188445;2.417717;3.323561;3.259124;3.404671
45;1;20;1;0;3500;5500;1;70;122.5;3.54406804435028;3.74036268949424;0;1.84509804001426;2.08813608870055;2.28225546322899;3.55774066702523;3.33136848638446;2.52124561291124;1;1;1;1;1;1;1;1;1;2.41355624326404;2.43247411919635;2.44594206680838;2.53115219901003;1.9698178204238;2.24720222864421;2.13161221186729;2.18716124235017;1;1;1;1;1;2.29963817688237;2.20505496578415;2.18360252716324;2.21240122373237;2.47972427536165;2.5628832159573;2.47541720935374;2.36706545328246;2.12433991095465;2.75680720075089;2.53375234479293;2.76673291161913;1;1.96722096956597;1;1;2.84800066015709;2.93663138247969;1;1;1;1;2.86889033290433;2.22453451561005;2.09080788958823;2.03467826156653;3.400244;1;1;1;1;1;4.253712;1;1;1;2.605249;3.573757;1;1;1;1;1;1;2.000073;4.700008;1;3.323561;3.259124;3.404671
55;4;20;1;0;10000;9500;1;20;600;4;3.97772360528885;0;1.30102999566398;2.77815125038364;3.29930058871261;2.54320250946164;4.28588020256065;3.626474743356;1;1;1;1;1;4.14495141540325;2.58593933232526;3.58493271188774;3.65341842743192;2.41355624326404;2.43247411919635;2.44594206680838;2.53115219901003;3.9443867724375;4.00874465837667;3.85267436368364;3.10234489670439;4.35467318283299;2.91140592315142;2.89255999876967;2.36735499135022;3.37691315818969;2.29963817688237;2.20505496578415;2.18360252716324;2.21240122373237;2.47972427536165;2.5628832159573;3.46320170746022;3.51973720280498;3.78516282478141;4.58912371182732;2.53375234479293;2.76673291161913;2.25494251102376;3.97858642299128;2.2414941394042;3.53975702854426;3.91202946372234;3.92476742236085;2.38080044094893;2.38496754694837;2.36312148816913;2.12896031990924;4.04820219607644;3.33856936219102;1;1;3.400244;1;1;1;1;2.302462;4.253712;3.08235;1;1;2.605249;3.573757;1;1;1;1;1;1;3.361935;3.188445;1;3.323561;3.259124;3.404671
35;4;15;1;0;10000;5000;1;200;350;4;3.69897000433602;0;2.30102999566398;2.54406804435028;1;1;1;1;1;1;1;1;1;2.1901362459633;2.58593933232526;2.3523464334854;2.43959482877361;2.41355624326404;2.43247411919635;2.44594206680838;2.53115219901003;3.9443867724375;4.00874465837667;2.13161221186729;2.18716124235017;1;1;1;1;1;2.29963817688237;2.20505496578415;2.18360252716324;2.21240122373237;2.47972427536165;2.5628832159573;2.47541720935374;2.36706545328246;2.12433991095465;2.75680720075089;2.53375234479293;2.76673291161913;1;1.96722096956597;1;1;2.84800066015709;2.93663138247969;1;1;1;1;2.86889033290433;2.22453451561005;2.09080788958823;2.03467826156653;1;1;1;3.030641;1;2.302462;4.253712;3.08235;1;1;2.605249;3.573757;1;1;1;1;1;1;2.000073;4.700008;2.417717;3.323561;3.259124;3.404671
72;1;40;1;0;5000;4400;1;10;225;3.69897000433602;3.64345267648619;0;1;2.35218251811136;3.29930058871261;2.54320250946164;3.33136848638446;2.52124561291124;2.22968699326937;2.30413729102943;2.18594503766934;2.23745981113385;2.28323413237892;3.1322696687897;2.58593933232526;3.58493271188774;2.43959482877361;3.29561717629922;2.43247411919635;2.44594206680838;2.53115219901003;2.77800192451502;2.24720222864421;2.13161221186729;2.18716124235017;2.08858216452189;2.14572790578305;2.14988140028723;2.36735499135022;2.0216462429411;2.29963817688237;2.20505496578415;2.18360252716324;2.21240122373237;2.47972427536165;2.5628832159573;2.47541720935374;2.36706545328246;2.12433991095465;2.75680720075089;2.53375234479293;2.76673291161913;1;1.96722096956597;1;1;2.84800066015709;3.92476742236085;2.38080044094893;2.38496754694837;2.36312148816913;2.12896031990924;2.86889033290433;1;1;1;3.400244;1;1;3.030641;1;2.302462;4.253712;3.08235;2.718569;1;1;3.573757;1;1;1;1;1;1;3.361935;3.188445;2.417717;3.323561;3.259124;3.404671
55;4;20;1;0;10000;5900;1;27.5;650;4;3.77085201164214;0;1.43933269383026;2.81291335664286;2.28225546322899;3.55774066702523;3.33136848638446;2.52124561291124;1;1;1;1;1;1;1;1;1;2.41355624326404;2.43247411919635;2.44594206680838;2.53115219901003;1.9698178204238;2.24720222864421;2.13161221186729;2.18716124235017;1;1;1;1;1;2.29963817688237;2.20505496578415;2.18360252716324;2.21240122373237;2.47972427536165;2.5628832159573;2.47541720935374;2.36706545328246;2.12433991095465;2.75680720075089;2.53375234479293;2.76673291161913;1;1.96722096956597;1;1;2.84800066015709;2.93663138247969;1;1;1;1;2.86889033290433;2.22453451561005;2.09080788958823;2.03467826156653;3.400244;1;1;1;1;2.302462;4.253712;3.08235;2.718569;1;2.605249;3.573757;1;1;1;1;1;1;3.361935;3.188445;2.417717;3.323561;3.259124;3.404671
55;3;15;1;0;20000;9500;1;65;1100;4.30102999566398;3.97772360528885;0;1.81291335664286;3.04139268515822;3.29930058871261;2.54320250946164;3.33136848638446;2.52124561291124;2.22968699326937;2.30413729102943;2.18594503766934;2.23745981113385;2.28323413237892;3.1322696687897;2.58593933232526;3.58493271188774;2.43959482877361;3.29561717629922;2.43247411919635;3.39423935463136;2.53115219901003;2.77800192451502;2.24720222864421;2.13161221186729;2.18716124235017;2.72067088037479;2.14572790578305;2.14988140028723;2.36735499135022;2.0216462429411;2.29963817688237;2.20505496578415;2.18360252716324;2.21240122373237;2.47972427536165;2.5628832159573;2.47541720935374;2.36706545328246;2.8786203527613;3.69916605436049;4.4868514378954;2.76673291161913;2.25494251102376;3.97858642299128;3.36761859499357;3.53975702854426;3.91202946372234;3.92476742236085;2.38080044094893;2.38496754694837;2.36312148816913;2.12896031990924;2.86889033290433;2.22453451561005;1;1;3.400244;1;1;1;1;2.302462;4.253712;3.08235;1;1;2.605249;3.573757;1;1;1;1;1;1;3.361935;3.188445;2.417717;3.323561;3.259124;3.404671
40;4;5;1;0;10000;5900;1;27.5;650;4;3.77085201164214;0;1.43933269383026;2.81291335664286;3.29930058871261;2.54320250946164;3.33136848638446;2.52124561291124;2.22968699326937;2.30413729102943;2.18594503766934;2.23745981113385;2.28323413237892;3.1322696687897;2.58593933232526;3.58493271188774;2.43959482877361;3.29561717629922;2.43247411919635;2.44594206680838;3.60952280611687;2.77800192451502;2.24720222864421;2.13161221186729;2.18716124235017;2.08858216452189;2.14572790578305;2.14988140028723;2.36735499135022;2.0216462429411;2.29963817688237;2.20505496578415;2.18360252716324;2.21240122373237;2.47972427536165;2.5628832159573;2.47541720935374;2.36706545328246;2.8786203527613;3.69916605436049;4.4868514378954;2.76673291161913;2.25494251102376;3.97858642299128;3.36761859499357;3.53975702854426;3.91202946372234;3.92476742236085;2.38080044094893;2.38496754694837;2.36312148816913;2.12896031990924;2.86889033290433;2.22453451561005;1;1;3.400244;1;1;1;1;2.302462;4.253712;3.08235;1;1;2.605249;1.878815;1;2.34137;1;1;1;1;2.000073;3.188445;2.417717;3.323561;3.259124;1.937957
52;5;5;1;0;20000;9500;1;65;1100;4.30102999566398;3.97772360528885;0;1.81291335664286;3.04139268515822;3.29930058871261;2.54320250946164;3.33136848638446;2.52124561291124;2.22968699326937;2.30413729102943;2.18594503766934;2.23745981113385;2.28323413237892;3.1322696687897;2.58593933232526;3.58493271188774;2.43959482877361;3.29561717629922;2.43247411919635;2.44594206680838;3.60952280611687;2.77800192451502;2.24720222864421;2.13161221186729;2.18716124235017;2.72067088037479;2.14572790578305;2.14988140028723;2.36735499135022;2.0216462429411;2.29963817688237;2.20505496578415;2.18360252716324;2.21240122373237;2.47972427536165;2.5628832159573;2.47541720935374;2.36706545328246;2.8786203527613;3.69916605436049;4.4868514378954;2.76673291161913;2.25494251102376;3.97858642299128;3.36761859499357;3.53975702854426;3.91202946372234;3.92476742236085;2.38080044094893;2.38496754694837;2.36312148816913;2.12896031990924;2.86889033290433;2.22453451561005;1;1;3.400244;1;1;1;1;2.302462;4.253712;3.08235;1;1;2.605249;3.573757;1;1;1;2.075129;1;1;3.361935;3.188445;2.417717;3.323561;3.259124;3.404671
65;2;45;1;0;10000;5900;1;27.5;550;4;3.77085201164214;0;1.43933269383026;2.74036268949424;3.29930058871261;2.54320250946164;3.33136848638446;2.52124561291124;2.22968699326937;2.30413729102943;2.18594503766934;2.23745981113385;2.28323413237892;3.1322696687897;2.58593933232526;3.58493271188774;2.43959482877361;3.29561717629922;2.43247411919635;3.39423935463136;2.53115219901003;2.77800192451502;2.24720222864421;2.13161221186729;2.18716124235017;2.08858216452189;2.14572790578305;2.14988140028723;2.36735499135022;2.0216462429411;2.29963817688237;2.20505496578415;2.18360252716324;2.21240122373237;2.47972427536165;2.5628832159573;2.47541720935374;2.36706545328246;2.8786203527613;3.69916605436049;4.4868514378954;2.76673291161913;2.25494251102376;3.97858642299128;3.36761859499357;3.53975702854426;3.91202946372234;3.92476742236085;2.38080044094893;2.38496754694837;2.36312148816913;2.12896031990924;2.86889033290433;2.22453451561005;1;1;3.400244;1;1;1;1;2.302462;4.253712;3.08235;1;1;2.605249;1.878815;1;2.34137;1;1;1;1;2.000073;3.188445;2.417717;3.323561;3.259124;1.937957
